QUANTITY,"NAME",SETCODE,"SETNAME","COLLECTOR NUMBER",FINISH,PRICE,RARITY,ID,ACQUIRED DATE,ACQUIRED PRICE,LANG,PRICE SALE,SIGNING,ALTERATION,CONDITION,NOTES,TAGS
1,"Thieving Amalgam",c19,"Commander 2019",21,nonfoil,€0.38,rare,06ed7c94-ed3c-427a-b62a-32e91e054671
1,"Blaze",8ed,"Eighth Edition",177,nonfoil,€0.11,uncommon,5de4525e-6c9d-4396-9280-6fed9802123a
1,"Stonebrow, Krosan Hero",tsp,"Time Spiral",247,nonfoil,€0.24,rare,95c62102-0562-4b09-a05d-986aa4212f44
2,"Lava Axe",9ed,"Ninth Edition",200,nonfoil,€0.03,common,fbcc027a-55c9-4baf-a801-8db805129d5b
1,"Lava Axe",8ed,"Eighth Edition",197,nonfoil,€0.05,common,4ddcf8a1-7337-41e9-b3b1-013f23b92eb0
1,"Lava Axe",7ed,"Seventh Edition",199,nonfoil,€0.07,common,807e5102-1fab-4ff4-aad8-94defbbb8a6b
1,"Lava Axe",m11,"Magic 2011",147,nonfoil,€0.02,common,7dd025e6-4c36-4be2-aeab-000cd8bc094c
1,"Lava Axe",s00,"Starter 2000",31,nonfoil,€0.14,common,340b71f4-4245-4b22-a550-c0226e2710ee
2,"Soul Link",apc,"Apocalypse",120,nonfoil,€0.25,common,425e0ca4-8592-4802-b7c4-6e3323edd78c
1,"Horizon Seeker",khm,"Kaldheim",175,nonfoil,€0.02,common,a17f4b21-6478-407d-b567-2888349f3b66
1,"Shorecrasher Elemental",dtk,"Dragons of Tarkir",73,nonfoil,€0.27,mythic,e8890fc6-45e9-443d-ae86-f1acb1ebd0aa,2022-10-06T10:56:58.108Z
1,"Reassembling Skeleton",m11,"Magic 2011",112,nonfoil,€0.19,uncommon,a2ec6120-2de0-4166-be85-2d773fa7ebbb
1,"Echoing Truth",dst,"Darksteel",21,nonfoil,€0.16,common,4aefedd7-1bf5-4148-9084-d7d8f1138140
1,"Echoing Truth",c19,"Commander 2019",84,nonfoil,€0.19,common,55cd75bc-5ec7-45b2-9231-85a321ecd786
1,"Orcish Spy",8ed,"Eighth Edition",208,nonfoil,€0.11,common,7f3948e0-8597-4927-90ce-affa949e3013
1,"Skirsdag High Priest",isd,"Innistrad",117,nonfoil,€0.22,rare,09aa6b66-f69b-4f89-b802-e30c247f90e3,2023-02-01T09:28:09.907Z
2,"Wood Elves",9ed,"Ninth Edition",283,nonfoil,€0.28,common,f6cea55e-f85a-4f0f-b845-386d5c3fd9db
1,"Wood Elves",ltc,"Tales of Middle-earth Commander",263,nonfoil,€0.31,common,7e6efd6b-6815-4308-9cca-948dd43a0424,2023-08-12T15:02:26.680Z
6,"Goblin Chariot",8ed,"Eighth Edition",188,nonfoil,€0.05,common,b6590436-d0f9-4c50-bab4-f7a094aa6e1a
1,"Goblin Chariot",7ed,"Seventh Edition",185,nonfoil,€0.12,common,f7571801-c1df-4387-ae61-1fefd449ebf9
1,"Goblin Chariot",9ed,"Ninth Edition",191,nonfoil,€0.06,common,136a15cb-9591-4521-a142-af766dd7eeef
2,"Tempest Owl",zen,"Zendikar",72,nonfoil,€0.05,common,d173dda8-de9f-4148-b5be-85d1a4c4faf6
1,"Mist Raven",avr,"Avacyn Restored",67,nonfoil,€0.06,common,0d98f0c4-021a-407a-8b0c-5500d804f959
1,"Glacial Floodplain",khm,"Kaldheim",257,nonfoil,€0.27,common,9de5fadd-4559-479f-b45d-abe792f0f6e5,2022-05-05T20:28:43.866Z
3,"Welding Jar",mrd,"Mirrodin",274,nonfoil,€0.43,common,42b7b73b-4800-4fc7-9a5c-93e00ea88498
1,"Tanglesap",zen,"Zendikar",186,nonfoil,€0.07,common,a3c4e15b-7460-4d61-a209-6de27e4df6bb
1,"Nael, Avizoa Aeronaut",dmu,"Dominaria United",306,nonfoil,€0.05,uncommon,d0f81814-2870-4aab-9c50-bad78aad4e36,2022-10-08T09:59:25.418Z
1,"Geier Reach Sanitarium",emn,"Eldritch Moon",203,nonfoil,€1.40,rare,96093739-fedc-4d8f-a29d-0e57f571e5a9,2022-10-06T10:56:58.110Z
2,"Unmake",eve,"Eventide",96,nonfoil,€0.37,common,338f7852-9f69-4406-b6ad-93a2574296f7
1,"Counsel of the Soratami",9ed,"Ninth Edition",69,nonfoil,€0.07,common,23ab2cb6-856c-4696-a17b-8f0002bd48ee
2,"Counsel of the Soratami",chk,"Champions of Kamigawa",55,nonfoil,€0.06,common,4401911c-bfb0-4c94-9fc1-49198ccecc94
1,"Stone-Seeder Hierophant",rav,"Ravnica: City of Guilds",184,nonfoil,€0.20,common,f4e1b9f9-e58c-4474-9a31-8e5d9f96492e
1,"Shizo, Death's Storehouse",chk,"Champions of Kamigawa",283,nonfoil,€18.93,rare,2de9a046-3db1-436e-b666-ba96e2e8c5db
1,"Wildsize",gpt,"Guildpact",98,nonfoil,€0.03,common,eef061ed-736c-41ba-b692-d1fbfaca242e
4,"Vital Surge",bok,"Betrayers of Kamigawa",150,nonfoil,€0.02,common,ba28f326-67d1-4afb-90fe-e9f036210942
3,"Thundersong Trumpeter",rav,"Ravnica: City of Guilds",235,nonfoil,€0.03,common,7410c546-745c-469f-b3b8-eafb69391600
1,"Aron, Benalia's Ruin",dmu,"Dominaria United",292,nonfoil,€0.08,uncommon,861f36b9-9f43-4ace-8e60-4ba671b2655a,2022-10-20T10:51:45.724Z
1,"Drudge Skeletons",8ed,"Eighth Edition",129,nonfoil,€0.06,common,c9fef91f-3044-4c6e-b090-c3819ee61b9c
2,"Ostiary Thrull",gpt,"Guildpact",55,nonfoil,€0.03,common,26407330-d7a1-4915-b7c6-e08e166cf638
5,"Rock Jockey",scg,"Scourge",101,nonfoil,€0.04,common,8f836e90-3255-48bd-a174-6a127528551e
1,"Rampant Growth",mm2,"Modern Masters 2015",157,nonfoil,€0.28,common,07954800-e3b8-4d73-a763-56a64726c384
1,"Rampant Growth",ltc,"Tales of Middle-earth Commander",257,nonfoil,€0.54,common,ddf4a6bc-8582-4e01-8d50-d3b4eb0c7cf2,2023-08-12T15:02:02.512Z
1,"Nether Traitor",tsr,"Time Spiral Remastered",127,nonfoil,€7.60,rare,8f3482ec-8466-4680-bfdc-e1029c0fbe89
1,"Anaconda",9ed,"Ninth Edition",229,nonfoil,€0.11,uncommon,9f57f8bf-228b-4da2-823c-67bce8b574cd
1,"Biting-Palm Ninja",neo,"Kamigawa: Neon Dynasty",88,nonfoil,€0.25,rare,3017df51-67ae-4c3d-8210-086f83bc2040,2022-10-06T10:56:58.129Z
7,"Strands of Undeath",rav,"Ravnica: City of Guilds",108,nonfoil,€0.07,common,93ced365-f445-4a4a-b33f-986279404fde
1,"Common Bond",rtr,"Return to Ravnica",151,nonfoil,€0.04,common,59965953-1522-4103-9a6c-5534205d34d9
1,"Youthful Knight",sth,"Stronghold",25,nonfoil,€0.07,common,fcd3b7a7-c5e8-4179-ade3-31625620f3a9
1,"Teysa, Orzhov Scion",gpt,"Guildpact",134,nonfoil,€0.91,rare,9eb856e6-8f63-4048-9818-cc3e65748855
1,"Hammer of Purphoros",ths,"Theros",124,nonfoil,€0.58,rare,3f867f61-676e-40b3-8e22-e60d0606c733,2024-04-19T21:35:49.029Z
1,"Vineglimmer Snarl",ltc,"Tales of Middle-earth Commander",343,nonfoil,€0.23,rare,e5a26fb5-f230-4b66-b3f9-02e883d41670,2023-08-12T14:49:12.709Z
4,"Brainspoil",rav,"Ravnica: City of Guilds",78,nonfoil,€0.13,common,c34fa44f-274e-4914-bbd5-71193f8d2f96
1,"Flametongue Kavu",pls,"Planeshift",60,nonfoil,€0.41,uncommon,e5056bca-bd90-4b50-8630-105558f8ef92
2,"Crazed Goblin",dst,"Darksteel",56,nonfoil,€0.13,common,15fdb57b-7547-4588-9780-15e3bea0bc4c
4,"Takenuma Bleeder",bok,"Betrayers of Kamigawa",86,nonfoil,€0.03,common,bfa3d318-83ff-41db-b33a-e4f5b7cd7a77
1,"Gingerbrute",eld,"Throne of Eldraine",219,nonfoil,€0.24,common,f55fe038-c903-4d92-b689-72dd6d041a91,2024-04-19T21:33:50.105Z
1,"Whirlpool Warrior",apc,"Apocalypse",36,nonfoil,€0.85,rare,01f891ca-4e6a-4710-b1cf-5dabb5e1ad93
1,"Catapult Master",ddf,"Duel Decks: Elspeth vs. Tezzeret",18,nonfoil,€0.41,rare,544df614-277e-43dd-8611-3ec1e1747f57
1,"Ugin, the Ineffable",pwar,"War of the Spark Promos",2p,nonfoil,€1.41,rare,c8141dd1-3826-431b-8f20-1bde757b0e00,2022-10-06T10:56:58.119Z
1,"Priest of the Blessed Graf",voc,"Crimson Vow Commander",7,nonfoil,€0.27,rare,5b3947c1-f497-4407-ae29-287a490cceee
1,"Might Weaver",inv,"Invasion",198,nonfoil,€0.15,uncommon,032a4ec7-82ce-4ea0-b0dd-ebc40823a014
1,"Voyager Staff",rav,"Ravnica: City of Guilds",274,nonfoil,€0.17,uncommon,76554c65-edea-48b0-b3a5-483dfe80eaac
1,"Negate",m13,"Magic 2013",62,nonfoil,€0.26,common,8da17a86-3666-46b8-932e-daafd6a0cd69
1,"Negate",rix,"Rivals of Ixalan",44,nonfoil,€0.11,common,31534f45-43e6-4103-bf58-ad8fa688e4b0
1,"Negate",mor,"Morningtide",43,nonfoil,€0.15,common,5a501252-e722-4ebf-bcf7-f53a42745fa7
1,"Ogre Slumlord",znc,"Zendikar Rising Commander",50,nonfoil,€0.27,rare,b2514908-46ac-468b-b097-81449236eb43,2023-02-01T09:23:14.744Z
1,"Sail into the West",ltc,"Tales of Middle-earth Commander",68,nonfoil,€0.20,rare,b293d4cb-0920-46ef-bf4e-fc6a796df290,2023-08-12T14:34:23.052Z
1,"Titanium Golem",mrd,"Mirrodin",263,nonfoil,€0.04,common,8defd53c-3792-4ed3-aee9-cffda2b8a8b6
1,"Myr Moonvessel",dst,"Darksteel",133,nonfoil,€0.14,common,af0515cc-bf2d-4674-b339-4f4eefbc943d
1,"Gem of Becoming",m13,"Magic 2013",205,nonfoil,€0.11,uncommon,0e07bc36-2207-48f4-a151-4ccb0c6d851d
1,"Living Death",tmp,"Tempest",142,nonfoil,€7.43,rare,6c820476-fbda-4073-baf6-51e71f45ed58,2024-04-29T22:18:07.820Z
1,"Master Decoy",9ed,"Ninth Edition",27,nonfoil,€0.05,common,61a49276-fb02-4b8b-8b63-7477835fb809
1,"Canopy Vista",bfz,"Battle for Zendikar",234,nonfoil,€0.48,rare,a3262c7f-4fdf-4648-ba59-9279c75d222d
1,"Goldvein Pick",khm,"Kaldheim",239,nonfoil,€0.11,common,9bf5e4ad-a6e9-4b7c-a1ec-8246d3a3b6ca
1,"Screeching Skaab",ori,"Magic Origins",70,nonfoil,€0.02,common,a8f65037-d382-4a95-8cde-15f5d9f41297
1,"Colfenor, the Last Yew",cmr,"Commander Legends",274,nonfoil,€0.38,rare,afa3b31a-b52a-43c0-9084-e0535e1bd871
2,"Tattered Drake",rav,"Ravnica: City of Guilds",68,nonfoil,€0.05,common,7d28cbc8-4dbb-465b-813d-52b2b2f73b14
1,"Sowing Salt",bok,"Betrayers of Kamigawa",118,nonfoil,€0.18,uncommon,bd243ce5-152b-4d9c-991e-be56b6731d99
3,"Akki Coalflinger",chk,"Champions of Kamigawa",152,nonfoil,€0.11,uncommon,3793580a-052b-4e33-83ab-290086511a21
1,"Blind-Spot Giant",lrw,"Lorwyn",153,nonfoil,€0.06,common,75aaca31-8ed5-4e8a-8332-1cca77903f88
2,"Spidersilk Net",zen,"Zendikar",206,nonfoil,€0.08,common,1f75f13e-43e6-4118-83a3-0446c2089d84
1,"Sydri, Galvanic Genius",c13,"Commander 2013",220,nonfoil,€0.86,mythic,a979eee2-56f2-4d8f-946f-a2667bf99cb5,2024-04-23T17:14:20.801Z
2,"Scorching Lava",inv,"Invasion",164,nonfoil,€0.02,common,2a85437f-052e-494c-a9ee-265c4624a409
1,"Bloodhunter Bat",m13,"Magic 2013",82,nonfoil,€0.10,common,99c10705-6e0e-46f6-a64c-0095b2796aaf
1,"Genju of the Cedars",bok,"Betrayers of Kamigawa",126,nonfoil,€0.23,uncommon,9d621b82-c863-437b-b42c-31a0872be6d4
1,"Serpent Skin",chk,"Champions of Kamigawa",240,nonfoil,€0.11,common,8c5722d9-d1a4-4ad2-bf85-db666d4a30d9
1,"Vineshaper Prodigy",dmu,"Dominaria United",187,nonfoil,€0.07,common,545cddde-8018-4fdd-874d-b5193b73b414,2022-10-20T10:50:21.080Z
3,"Blessing of Leeches",bok,"Betrayers of Kamigawa",62,nonfoil,€0.22,common,de0ba1cf-d913-4285-9d8b-38acf78cc45e
1,"Traitorous Instinct",rtr,"Return to Ravnica",109,nonfoil,€0.08,common,d4456951-844a-4847-b933-c32cfafbfef0
1,"Regress",mrd,"Mirrodin",48,nonfoil,€0.04,common,e869775f-72fa-463f-a46a-7c3e955f8590
1,"Disruption Aura",5dn,"Fifth Dawn",28,nonfoil,€0.10,uncommon,864b6f7e-4e08-465d-b9c7-d1a167850cf9
1,"Pathbreaker Wurm",avr,"Avacyn Restored",188,nonfoil,€0.15,common,fe65eded-37ef-4cf0-b55c-390d34aab7b8
1,"Crown of Ascension",ons,"Onslaught",78,nonfoil,€0.07,common,2fe86733-7851-4c2a-8d94-dba6f071b94d
1,"Cinder Pyromancer",eve,"Eventide",50,nonfoil,€0.34,common,b6125689-0098-4e52-bed8-24840d22cdc1
1,"Cloudhoof Kirin",sok,"Saviors of Kamigawa",31,nonfoil,€0.39,rare,42aa0d70-8d66-47aa-9228-25dcdb4e7dad
1,"Uncanny Speed",avr,"Avacyn Restored",163,nonfoil,€0.15,common,1d7b747e-446a-4c25-9834-0be8476dc22d
1,"Vivien, Champion of the Wilds",pwar,"War of the Spark Promos",180p,nonfoil,€0.98,rare,69f0f563-0f9b-4c61-966d-1384fefb8152
2,"Dragon Breath",scg,"Scourge",86,nonfoil,€0.32,common,1832aaed-e164-4f78-9bc9-ec6c015835f5
1,"Tormentor Exarch",nph,"New Phyrexia",97,nonfoil,€0.09,uncommon,4886eb6a-0f6a-4ea7-8e85-4a27d1a6f03b
1,"Kitesail",m13,"Magic 2013",208,nonfoil,€0.10,uncommon,2f95cf4c-1845-4260-8571-91c03d582da3
2,"Thirst for Knowledge",mrd,"Mirrodin",53,nonfoil,€0.18,uncommon,0ff1f608-203e-4413-8753-37fc49731c87
1,"Hanged Executioner",voc,"Crimson Vow Commander",89,nonfoil,€0.16,rare,7676deeb-b80d-49c9-b810-5ed0a68fa618
1,"Boggart Sprite-Chaser",lrw,"Lorwyn",156,nonfoil,€0.07,common,6341b73b-a035-45a2-908d-879c8eed4bbd
2,"Higure, the Still Wind",bok,"Betrayers of Kamigawa",37,nonfoil,€4.61,rare,743f3cf5-f8aa-49d4-947d-76b91799547a
1,"Contagion Clasp",som,"Scars of Mirrodin",144,nonfoil,€0.33,uncommon,7fafcefa-d33c-4d73-b3b7-2930f28b845e
2,"Steel Wall",mrd,"Mirrodin",248,nonfoil,€0.13,common,3d641aaf-e2ff-4ccb-9e4e-27bbfc31ba8c
1,"War Elemental",mrd,"Mirrodin",112,nonfoil,€1.57,rare,9cc32bfc-7d87-46d9-a424-eac64eefd7ea
2,"Feeding Frenzy",ons,"Onslaught",147,nonfoil,€0.14,uncommon,a6d74c30-ebca-4684-ad84-3ca19193ad88
1,"High Market",afc,"Forgotten Realms Commander",246,nonfoil,€2.23,rare,9d56844f-ee3b-4161-85d2-18b872a9b465
1,"Disorder in the Court",voc,"Crimson Vow Commander",29,nonfoil,€0.25,rare,576bee63-54d8-4d5c-ab30-6c9b2a72a501
4,"Swamp",rav,"Ravnica: City of Guilds",295,nonfoil,€0.26,common,2755f9f7-95f9-4907-8ec9-21853eb376f4
1,"Swamp",8ed,"Eighth Edition",341,nonfoil,€0.21,common,499f548a-9e41-4b95-812d-a739d945123f
4,"Swamp",rav,"Ravnica: City of Guilds",296,nonfoil,€0.16,common,f18dd43d-0d9e-4d61-90f9-63822cf0cb2d
4,"Swamp",chk,"Champions of Kamigawa",295,nonfoil,€0.21,common,9d376282-adf0-4d37-b9a4-1329cd496516
3,"Swamp",chk,"Champions of Kamigawa",298,nonfoil,€0.18,common,cb3d03a6-35bf-415e-9faa-972edff92777
4,"Swamp",rav,"Ravnica: City of Guilds",298,nonfoil,€0.15,common,0d1a1df0-e6dc-4815-bb73-9d100ee6e0b2
5,"Swamp",rav,"Ravnica: City of Guilds",297,nonfoil,€0.15,common,fbd659b0-1f79-4e3b-bc20-8f384aa43670
1,"Swamp",9ed,"Ninth Edition",340,nonfoil,€0.13,common,4e964e2e-8bc5-423c-ac85-4f0c860afb8a
1,"Swamp",blb,"Bloomburrow",270,nonfoil,€0.18,common,faa54bef-c90e-4e9b-b94b-942ea829e0d2,2024-12-25T10:06:16.432Z
1,"Swamp",7ed,"Seventh Edition",347,nonfoil,€0.37,common,6cfae795-d3d2-4758-9717-ed33cd0f3bfb
4,"Swamp",chk,"Champions of Kamigawa",297,nonfoil,€0.19,common,d0878ac9-6a80-4412-999d-4c6549b9afd4
4,"Swamp",khm,"Kaldheim",396,foil,€0.20,common,9f9e61c0-b185-4704-913f-9284ed0ce250
1,"Swamp",khm,"Kaldheim",396,nonfoil,€0.14,common,9f9e61c0-b185-4704-913f-9284ed0ce250
2,"Swamp",9ed,"Ninth Edition",341,nonfoil,€0.17,common,438a54b0-49e6-4f79-8379-ccb30d06fb60
1,"Swamp",chk,"Champions of Kamigawa",296,foil,€0.51,common,f88a6fa7-58e7-459c-8e2e-be5a4692450b
3,"Swamp",chk,"Champions of Kamigawa",296,nonfoil,€0.15,common,f88a6fa7-58e7-459c-8e2e-be5a4692450b
4,"Swamp",eld,"Throne of Eldraine",258,nonfoil,€0.16,common,e4f184c5-4f3c-4aea-afa1-f0903d3cc71a
1,"Tomebound Lich",m20,"Core Set 2020",219,nonfoil,€0.15,uncommon,5f305027-dfd2-4b17-a6af-6b0576389623
1,"Mausoleum Turnkey",rav,"Ravnica: City of Guilds",94,foil,€0.30,uncommon,51b6dc7d-fc8a-4842-bf30-3dc9fec708c4
2,"Mausoleum Turnkey",rav,"Ravnica: City of Guilds",94,nonfoil,€0.06,uncommon,51b6dc7d-fc8a-4842-bf30-3dc9fec708c4
1,"Skaab Goliath",isd,"Innistrad",76,nonfoil,€0.10,uncommon,7c1134a5-5434-4733-812b-3587b1817813
1,"Spike Feeder",tsb,"Time Spiral Timeshifted",84,nonfoil,€0.63,special,759522b6-264c-4a02-ad0a-e767e20f0ab1
3,"Dimir House Guard",rav,"Ravnica: City of Guilds",83,nonfoil,€0.26,common,9a021caf-d9e7-470b-85be-3af42a3adfd3
1,"Savage Twister",gpt,"Guildpact",127,nonfoil,€0.08,uncommon,682ee5a9-2995-4868-b7ea-8735b2aee77e
2,"Neurok Spy",mrd,"Mirrodin",44,nonfoil,€0.04,common,47b86a02-d40a-4615-8402-bd5700cb5101
3,"Kithkin Zealot",eve,"Eventide",9,nonfoil,€0.12,common,76f9a29c-9219-424f-a703-dccffbf23cdc
2,"Myojin of Infinite Rage",chk,"Champions of Kamigawa",181,nonfoil,€0.60,rare,df630ae9-aa17-46e9-95e7-4980f4a76ade
1,"Molten Sentry",rav,"Ravnica: City of Guilds",136,nonfoil,€0.18,rare,a9eb6c92-b385-4ef4-83ac-65a1a23e3d22
1,"Vito, Thorn of the Dusk Rose",pm21,"Core Set 2021 Promos",127p,nonfoil,€5.80,rare,2a0eb995-b2aa-4915-a69e-d6995c91e589,2022-10-06T10:56:58.122Z
3,"Recuperate",scg,"Scourge",21,nonfoil,€0.06,common,a5945397-0906-48dd-80d1-c65bfa2b31a6
7,"Forest",ltr,"The Lord of the Rings: Tales of Middle-earth",271,nonfoil,€0.07,common,07264de1-4322-4adb-8f08-c0aa236747c7,2023-08-12T14:51:39.252Z
4,"Forest",khm,"Kaldheim",398,foil,€0.18,common,771e307c-b2e3-47ac-aac2-59f0c3542fa6
4,"Forest",khm,"Kaldheim",398,nonfoil,€0.15,common,771e307c-b2e3-47ac-aac2-59f0c3542fa6
6,"Forest",m20,"Core Set 2020",280,nonfoil,€0.07,common,43e7e6ec-9bfe-4062-a538-2a748d2eed1f
1,"Forest",9ed,"Ninth Edition",348,nonfoil,€0.19,common,2bbc9c84-348b-40f5-ab3d-bbe8c27529a4
3,"Forest",chk,"Champions of Kamigawa",306,nonfoil,€0.23,common,88f06e37-f113-4865-9ad9-13483dd15084
1,"Forest",8ed,"Eighth Edition",348,nonfoil,€0.11,common,4ce08c3b-3d08-446e-9f78-4ec22e9308db
8,"Forest",ltr,"The Lord of the Rings: Tales of Middle-earth",270,nonfoil,€0.06,common,cbe793e4-c034-4a22-929d-d743c0255bf1,2023-08-12T14:51:30.174Z
3,"Forest",chk,"Champions of Kamigawa",305,nonfoil,€0.23,common,c1629dba-02af-4586-ba59-58faac7cf59b
6,"Forest",m20,"Core Set 2020",278,nonfoil,€0.08,common,00feb2af-b363-4377-98b1-6a07df7f1acd
1,"Forest",mrd,"Mirrodin",304,nonfoil,€0.11,common,174cb9a0-afa3-4f45-b317-238fa9d4f55f
7,"Forest",m20,"Core Set 2020",277,nonfoil,€0.05,common,42352899-f2f2-4dea-863b-8d685e63b454
2,"Forest",c19,"Commander 2019",301,nonfoil,€0.14,common,af042ca5-da40-498b-a7dc-87ab41863ddc
4,"Forest",eld,"Throne of Eldraine",268,nonfoil,€0.05,common,e52fa771-eaff-48e0-8c23-d118dc4b3438
3,"Forest",chk,"Champions of Kamigawa",303,nonfoil,€0.33,common,a3209b22-56af-45ac-9224-67574c035638
2,"Forest",c19,"Commander 2019",300,nonfoil,€0.10,common,afa69d38-3344-425e-88ff-0155d8bfc1f0
7,"Forest",tsp,"Time Spiral",300,nonfoil,€0.11,common,2b176d24-a4d6-489e-af69-4547693e7de1
5,"Forest",chk,"Champions of Kamigawa",304,nonfoil,€0.23,common,b9cf9a4b-be51-4f5d-ac0e-e4f79bbfaecd
6,"Forest",m20,"Core Set 2020",279,nonfoil,€0.10,common,56caba21-b773-4245-b3f8-3ae62725c14f
1,"Forest",tsp,"Time Spiral",298,nonfoil,€0.11,common,0d5bd3e1-45ef-43b7-8796-6085842278df
1,"Forest",mrd,"Mirrodin",305,nonfoil,€0.14,common,37f8d695-a3e4-4707-9db9-886849ce4c42
1,"Okk",usg,"Urza's Saga",204,nonfoil,€0.40,rare,5fecbdbc-dcfb-42ee-956c-a508db6eaafa
1,"Temple of Epiphany",m20,"Core Set 2020",253,foil,€0.35,rare,00f8ec3c-d2cb-477c-a7e8-ff497df646d6,2024-04-27T10:00:04.160Z
1,"Animation Module",kld,"Kaladesh",194,nonfoil,€0.91,rare,34bdc973-db45-46a6-ac48-ce88fb59920a
2,"Sawtooth Thresher",5dn,"Fifth Dawn",149,nonfoil,€0.08,common,3c36de4a-807d-471d-ba59-0462d7bb028a
1,"Noble Vestige",zen,"Zendikar",29,nonfoil,€0.05,common,dae1e55c-bdf2-4327-9f97-032c2c3c7d0c
2,"Garruk's Packleader",m11,"Magic 2011",177,nonfoil,€0.17,uncommon,dfaef299-7879-4f52-8ee4-701ed150b930
1,"Angelic Wall",avr,"Avacyn Restored",4,nonfoil,€0.02,common,d7b2450d-87a7-46dc-b43a-2db2abeca44f
1,"Sacred Nectar",9ed,"Ninth Edition",38,nonfoil,€0.07,common,bcdd5e1c-47db-4960-860c-2af14b734b59
1,"Goblin Wizard",drk,"The Dark",69,nonfoil,€54.02,rare,9b73dfb4-d930-4a89-b621-129dd9f6328c
2,"Wanderguard Sentry",9ed,"Ninth Edition",111,nonfoil,€0.07,common,562a6a76-7242-4a22-9545-e6aa2dbd5564
2,"Darksteel Citadel",dst,"Darksteel",164,nonfoil,€0.55,common,c5d0e808-d67b-4ea3-9c04-d20269fe692c
1,"Fireball",m11,"Magic 2011",138,nonfoil,€0.10,uncommon,b34d3714-f629-4066-8eaa-08817ad01cbb
1,"Fireball",dst,"Darksteel",60,nonfoil,€0.14,uncommon,967465c4-619a-4407-bffc-ffadb89726cd
1,"Safe Passage",m13,"Magic 2013",30,nonfoil,€0.09,common,9fc65c3f-ad29-4368-bf45-8345a7ec6f31
1,"Volrath, the Shapestealer",c19,"Commander 2019",51,foil,€0.45,mythic,a149d6a5-c865-475a-87b7-596a19f6c80d
2,"Crushing Pain",chk,"Champions of Kamigawa",162,nonfoil,€0.09,common,c58b4374-1a50-4574-8493-f5535c1020e8
1,"Pyrite Spellbomb",mrd,"Mirrodin",232,nonfoil,€0.08,common,97b9bab9-12ee-4da5-9d53-d0b82d9279cd
1,"Gnathosaur",mbs,"Mirrodin Besieged",63,nonfoil,€0.08,common,27dcb0c8-e6d5-4f6b-a74f-e495b5e42606
4,"Surge of Zeal",rav,"Ravnica: City of Guilds",146,nonfoil,€0.10,common,b6c07fa6-b575-46f9-ab39-fb777d4b8acd
1,"Tocasia's Welcome",bro,"The Brothers' War",30,nonfoil,€2.11,rare,56cd89f1-f9f4-4cb5-a573-79809d0b6dfd,2023-02-01T09:21:15.787Z
2,"Selesnya Evangel",rav,"Ravnica: City of Guilds",228,nonfoil,€0.15,common,18bc93c1-f236-4d1b-bb54-5041b3cae5a6
1,"Skyhunter Patrol",mrd,"Mirrodin",22,nonfoil,€0.05,common,c162594c-31f4-4d07-87ee-2d6ee7704980
1,"Bone Splinters",m20,"Core Set 2020",92,nonfoil,€0.09,common,7e75a7e9-902a-4733-8cd4-767247174a4c
1,"Zirda, the Dawnwaker",mul,"Multiverse Legends",65,nonfoil,€0.49,rare,5fe75365-7f6d-4faf-9f55-0ba83821836a,2024-04-19T21:29:57.582Z
1,"Hoof Skulkin",eve,"Eventide",169,nonfoil,€0.12,common,ea91be37-aca0-484a-ab94-0186073269d2
1,"Ethersworn Adjudicator",con,"Conflux",26,nonfoil,€0.83,mythic,a35a056c-1e38-416b-bf01-2a1762b08020,2024-04-25T08:35:33.681Z
1,"Promise of Bunrei",voc,"Crimson Vow Commander",96,nonfoil,€0.24,rare,a40e9071-7b27-4070-bc3a-c095c2128953
1,"Promise of Bunrei",sok,"Saviors of Kamigawa",24,nonfoil,€0.53,rare,1250735d-d43b-488f-bddf-ed10261a6382,2023-02-01T09:29:25.123Z
1,"Threads of Disloyalty",bok,"Betrayers of Kamigawa",56,nonfoil,€0.36,rare,999440a5-9659-4218-8594-1950f1155975
1,"Hornet Queen",ltc,"Tales of Middle-earth Commander",250,nonfoil,€0.21,rare,a247694f-7b23-489b-b524-898625d000e2,2023-08-12T14:40:25.183Z
1,"Loyal Sentry",ddf,"Duel Decks: Elspeth vs. Tezzeret",5,nonfoil,€0.10,rare,7736c041-d333-4748-8045-79d42aba6e05
1,"Captured Sunlight",arb,"Alara Reborn",66,nonfoil,€0.12,common,fcafc9eb-efa3-4f6c-a2ca-aec8692fddc1
1,"Yamabushi's Storm",chk,"Champions of Kamigawa",199,nonfoil,€0.04,common,0a5a930d-ae59-47e2-9b98-f703e308b5c0
1,"Sky Diamond",voc,"Crimson Vow Commander",167,nonfoil,€0.21,common,115d7ea5-9e15-4b0f-83ce-e99228b49cd3
1,"Sky Diamond",7ed,"Seventh Edition",316,nonfoil,€0.57,uncommon,b426b86d-b1d9-4aee-ac17-4eae7a3b69a3
1,"Glory Seeker",9ed,"Ninth Edition",17,nonfoil,€0.02,common,4979748a-4820-4c6a-b4b0-1bfb46e2817a
1,"Glory Seeker",8ed,"Eighth Edition",21,nonfoil,€0.02,common,502beb90-c562-470a-9315-bc1a1b11ea9c
1,"Glory Seeker",ddf,"Duel Decks: Elspeth vs. Tezzeret",7,nonfoil,€0.02,common,efe29efb-a5fb-4d51-b71c-8c8686613039
1,"Goblin Smuggler",m20,"Core Set 2020",144,nonfoil,€0.08,common,95dc1a65-271c-455a-ae0c-f652444a53ac
1,"Sell-Sword Brute",rav,"Ravnica: City of Guilds",142,nonfoil,€0.04,common,db513835-af5a-4ff3-8cf8-31936732a4db
1,"Mr. Foxglove // Mr. Foxglove",ablb,"Bloomburrow Art Series",31,nonfoil,€0.00,common,050d4cd9-0008-481b-95be-46d75b5f054f,2024-12-25T10:08:48.267Z
2,"Khalni Heart Expedition",zen,"Zendikar",167,nonfoil,€0.14,common,797d8cd6-fc6b-4560-9c6f-1a867dfce85a
1,"Blight Mound",c21,"Commander 2021",36,nonfoil,€6.44,rare,41b4171c-9518-404f-ad42-f3115fb5abe9,2023-01-19T19:17:00.378Z
1,"Flaring Pain",jud,"Judgment",89,nonfoil,€2.08,common,eeb5c96a-1d16-459d-9968-ced9a8f1c520
2,"Skyrider Trainee",gpt,"Guildpact",17,nonfoil,€0.04,common,5d760a01-d6c4-462b-b66c-cfd0f594e13a
5,"Frost Ogre",bok,"Betrayers of Kamigawa",102,nonfoil,€0.06,common,1a91e5f1-9179-4763-b7c9-b7ad5451f6d0
1,"Soratami Mirror-Guard",chk,"Champions of Kamigawa",87,nonfoil,€0.08,common,3ff8968b-cd96-4f44-85f8-2af20d61d7cb
1,"Sensei Golden-Tail",chk,"Champions of Kamigawa",44,nonfoil,€0.98,rare,b93dd897-3fb5-48b1-bdff-9383ce1feb21,2022-10-06T10:56:58.098Z
11,"Island",vow,"Innistrad: Crimson Vow",399,nonfoil,€0.05,common,f82b281f-d3c7-4eb8-9a10-b4808ca6cfcd
2,"Island",ons,"Onslaught",336,nonfoil,€0.33,common,6e8c0e52-8482-4c33-bc5d-26eaad922e72
6,"Island",ltr,"The Lord of the Rings: Tales of Middle-earth",264,nonfoil,€0.08,common,bbeca27a-6c5b-40b9-83a4-a3a2096ff6f8,2023-08-12T14:50:49.109Z
1,"Island",c19,"Commander 2019",291,nonfoil,€0.09,common,debfbf48-bb06-4405-a97b-8249dacdffa0
1,"Island",rav,"Ravnica: City of Guilds",291,foil,€0.39,common,db6c8056-f155-434c-a4cb-a532a4707245
3,"Island",eld,"Throne of Eldraine",256,nonfoil,€0.04,common,772b4f6b-dc2b-4247-8f55-f37608d75725
5,"Island",ltr,"The Lord of the Rings: Tales of Middle-earth",265,nonfoil,€0.09,common,671516eb-b088-4a15-aec9-1781ca016e11,2023-08-12T14:51:01.607Z
5,"Island",chk,"Champions of Kamigawa",292,nonfoil,€0.23,common,f12c5ae3-8c55-4bd9-a64f-3960d45c0563
2,"Island",ons,"Onslaught",335,nonfoil,€0.48,common,36e062ec-df51-40c0-ad8a-2ee1cb8f8f17
3,"Island",inv,"Invasion",335,nonfoil,€0.53,common,8a3fc29c-f5cb-49b9-aabf-a5fef97e7a7e
3,"Island",inv,"Invasion",337,nonfoil,€0.68,common,f849f726-c6a2-400d-9b90-fe050f8ef5eb
4,"Island",khm,"Kaldheim",395,foil,€0.29,common,1a25a714-c7f3-4697-8b69-8f966b4d370a
4,"Island",khm,"Kaldheim",395,nonfoil,€0.18,common,1a25a714-c7f3-4697-8b69-8f966b4d370a
1,"Island",ons,"Onslaught",338,nonfoil,€0.34,common,189a09b8-46d2-4ef6-b7cc-9e510d1ea0b8
4,"Island",chk,"Champions of Kamigawa",294,nonfoil,€0.12,common,35c20f8b-6ad1-4aa2-94d3-7bd42562a1ac
3,"Island",inv,"Invasion",336,nonfoil,€0.48,common,2fc04e1e-6a14-41cc-9fff-6dcd92cc6a3b
1,"Island",dmu,"Dominaria United",278,nonfoil,€1.42,common,e67477a4-6878-4356-8037-807f41590ad1,2022-10-08T09:56:27.764Z
1,"Island",6ed,"Classic Sixth Edition",335,nonfoil,€0.24,common,b3f9ffc8-8115-4858-bd71-deaca9889f72
3,"Island",mrd,"Mirrodin",291,nonfoil,€0.19,common,9a5235cd-5d25-498d-8e36-7a7c0791f212
2,"Island",mrd,"Mirrodin",292,nonfoil,€0.15,common,12dd90bb-b5d1-47a3-b566-3407db04dd55
3,"Island",inv,"Invasion",338,nonfoil,€0.28,common,d07d1982-56ff-47ef-87aa-62978f1fcf30
1,"Island",9ed,"Ninth Edition",337,nonfoil,€0.30,common,d7d7f6bf-051c-45a4-b19e-2a50bbd6398e
1,"Island",ons,"Onslaught",337,nonfoil,€0.34,common,1dac3bfe-884b-4875-bc7d-df564eb014cd
2,"Island",c19,"Commander 2019",292,nonfoil,€0.13,common,8cf9b48e-cf58-43a9-94ff-2d50846c3386
6,"Island",chk,"Champions of Kamigawa",293,nonfoil,€0.21,common,5d141922-570d-4652-9620-2b53eb68294a
3,"Island",mrd,"Mirrodin",293,nonfoil,€0.17,common,9db3309e-2893-4a39-876f-fd68ea057e22
6,"Island",chk,"Champions of Kamigawa",291,nonfoil,€0.18,common,d5170ce9-2463-4fec-945b-6c2f23eb7e22
2,"Island",mrd,"Mirrodin",294,nonfoil,€0.15,common,de46f610-fab8-4819-b86a-d1defed319a1
1,"Heraldic Banner",eld,"Throne of Eldraine",222,nonfoil,€0.33,uncommon,2e349af5-3f25-46d3-908e-83b2f6028b95,2024-04-19T21:26:07.344Z
1,"Evolution Sage",war,"War of the Spark",159,nonfoil,€1.88,uncommon,b4042db8-6032-49a2-bc96-ad15f55db6c3
1,"Tolarian Winds",7ed,"Seventh Edition",105,nonfoil,€0.85,common,3fdd9981-bb5e-450d-90c3-4405a7097939
1,"Master Transmuter",plst,"The List",CON-31,nonfoil,€1.42,rare,c438a6a7-fe70-4e6b-b299-8e488228fb9d,2022-05-02T18:36:57.708Z
1,"Glorious Charge",m10,"Magic 2010",11,nonfoil,€0.06,common,8c6dfcf8-a09b-4402-af80-90fe15b2ce0a
1,"Glorious Charge",m13,"Magic 2013",15,nonfoil,€0.03,common,f8672cfd-e34b-4587-9e24-015e03c7574d
2,"Goblin Warchief",scg,"Scourge",97,nonfoil,€2.03,uncommon,66864a4b-8924-40ef-a337-15b12413a158
2,"Battlefield Raptor",khm,"Kaldheim",3,nonfoil,€0.08,common,389f0045-218d-41cd-bdca-8a9a0ab1b31b
1,"Axgard Braggart",khm,"Kaldheim",1,nonfoil,€0.02,common,4de5ff64-6fe7-4fc5-be27-cdbaa14545ab
1,"Shifting Borders",sok,"Saviors of Kamigawa",56,nonfoil,€0.43,uncommon,0cbe44b0-e770-41f2-b91c-c574976e6b53
1,"Sol Ring",voc,"Crimson Vow Commander",168,nonfoil,€0.91,uncommon,ca57eebe-5bc9-4cff-ae91-ccd509aa36ce
1,"Sol Ring",ltc,"Tales of Middle-earth Commander",284,nonfoil,€1.62,uncommon,5805f64c-dd88-4e94-8f0a-a01dae67e3ba,2023-08-12T15:03:51.659Z
1,"Sol Ring",c19,"Commander 2019",221,nonfoil,€1.01,uncommon,e672d408-997c-4a19-810a-3da8411eecf2
1,"Mists of Littjara",khm,"Kaldheim",67,nonfoil,€0.03,common,6cfd4944-790f-4835-a8a1-c23ef7047648
1,"Guilty Conscience",scg,"Scourge",17,nonfoil,€0.34,common,67b8701c-0f03-4ad0-9097-3caf885abd59
2,"Tel-Jilad Wolf",dst,"Darksteel",88,nonfoil,€0.04,common,ac40a1c6-88df-4f01-aa59-4ef3c6b57e75
2,"Terashi's Verdict",bok,"Betrayers of Kamigawa",27,nonfoil,€0.12,uncommon,bc5fa34b-95c6-4e02-9e15-3f595f744741
1,"Footsteps of the Goryo",sok,"Saviors of Kamigawa",68,nonfoil,€0.84,uncommon,ca7bedbe-8b87-402f-9a0c-83e46ae10279
1,"Ayli, Eternal Pilgrim",ogw,"Oath of the Gatewatch",151,nonfoil,€0.60,rare,e7b5893d-6df6-4cae-ae70-d02d443d1740
1,"Gruul Signet",gpt,"Guildpact",150,nonfoil,€0.29,common,1bb30340-96a4-49d8-838b-8788900401a0
1,"Command Tower",c20,"Commander 2020",264,nonfoil,€0.21,common,37691c08-7763-42bd-b882-3cb0624a2098
1,"Command Tower",eld,"Throne of Eldraine",333,nonfoil,€0.35,common,ec1f1041-f667-4b73-b1f2-e5bcae84095e
1,"Command Tower",c19,"Commander 2019",237,nonfoil,€0.20,common,c328d8ac-97df-4240-ac38-7cab363c5da1
1,"Command Tower",voc,"Crimson Vow Commander",172,nonfoil,€0.23,common,a5f0af51-a054-4e04-aa6e-3972bd336a40
1,"Command Tower",ltc,"Tales of Middle-earth Commander",301,nonfoil,€0.34,common,5306a95e-fb18-463d-81a9-3c3b8121fc94,2023-08-12T14:49:34.459Z
1,"Command Tower",cmr,"Commander Legends",350,nonfoil,€0.19,common,86424491-a372-40c4-bfb5-faa2b2d41d4c
2,"Ray of Revelation",jud,"Judgment",20,nonfoil,€0.55,common,6d762c8c-6172-4dc0-8fcc-d0f6dd8ca013
1,"Ray of Revelation",dka,"Dark Ascension",17,nonfoil,€0.32,common,d7e2c5a4-cf92-46bd-9033-8036436488cb
1,"Akuta, Born of Ash",sok,"Saviors of Kamigawa",61,nonfoil,€0.32,rare,08730b49-e51e-4868-9cc8-4ddc4a1dce4c
1,"Evolving Wilds",roe,"Rise of the Eldrazi",228,nonfoil,€0.02,common,bc7e0407-fea1-43ef-8580-82271e440bb3
3,"Evolving Wilds",m13,"Magic 2013",224,nonfoil,€0.14,common,d9d107e1-8293-4486-9b68-4897b8b7043c
1,"Evolving Wilds",vow,"Innistrad: Crimson Vow",263,nonfoil,€0.07,common,e80fe230-745d-42ae-a1f5-a8cc950783d0
1,"Evolving Wilds",c19,"Commander 2019",241,nonfoil,€0.12,common,b6f4f0c7-63c8-4d43-9ccb-920733980de0
1,"Dukhara Scavenger",kld,"Kaladesh",77,nonfoil,€0.02,common,81591264-1342-418d-b5c6-9d700b729c51,2023-01-21T15:51:07.569Z
1,"Kindle",tmp,"Tempest",184,nonfoil,€0.11,common,930745eb-b038-4b55-97f3-bf8d99b54d32
1,"Malachite Golem",mrd,"Mirrodin",202,nonfoil,€0.04,common,d1193164-5ee5-40ff-b244-f80d426bbf89
1,"Into the Void",avr,"Avacyn Restored",62,nonfoil,€0.07,uncommon,5ddd1050-8abd-4dfe-9e52-5b56af358653
1,"Dusyut Earthcarver",tdm,"Tarkir: Dragonstorm",141,nonfoil,€0.02,common,b98ecc96-f557-479a-8685-2b5487d5b407,2025-12-24T12:17:40.312Z
1,"Cruel Deceiver",chk,"Champions of Kamigawa",106,nonfoil,€0.05,common,7cc6972a-5305-423f-a936-16ee0fbf9200
1,"Thespian's Stage",c19,"Commander 2019",282,nonfoil,€0.62,rare,954c7792-c147-401d-bbe5-f1773ae3b301
1,"Rattlechains",voc,"Crimson Vow Commander",110,nonfoil,€0.15,rare,709f6376-9a33-4900-a7ae-00767fb9f9bf
1,"Rattlechains",soi,"Shadows over Innistrad",81,nonfoil,€0.23,rare,a6fc4db9-a29c-4f50-8e41-105b45af0be9
1,"Mistfire Weaver",ktk,"Khans of Tarkir",46,nonfoil,€0.15,uncommon,8003a31f-7662-4e9e-8165-1ceea04fdf20,2022-05-09T20:20:20.216Z
1,"Mahamoti Djinn",8ed,"Eighth Edition",88,nonfoil,€0.23,rare,c481454e-9544-4b8e-a1bc-d0bbc9fc64ef
1,"Shatter",9ed,"Ninth Edition",218,nonfoil,€0.07,common,07e79ce1-29d6-48d3-b7d5-8cd95cef3234
1,"Shatter",mrd,"Mirrodin",105,nonfoil,€0.03,common,84b3d7e6-df52-4cd1-92e7-5dfe8b0a9d9e
1,"Shatter",8ed,"Eighth Edition",220,nonfoil,€0.03,common,818401a7-593d-4f04-a782-9fa486b8c2f6
1,"Phyrexian Digester",mbs,"Mirrodin Besieged",120,nonfoil,€0.21,common,f9112062-1a1b-462b-85d3-821ea91778b8
1,"Lightning Greaves",mrd,"Mirrodin",199,nonfoil,€3.24,uncommon,61a28870-cf78-4323-9d82-cee764067764,2024-04-25T08:33:01.697Z
1,"Lightning Greaves",ltc,"Tales of Middle-earth Commander",281,nonfoil,€4.00,uncommon,3008696b-f89c-40e3-a437-22c95ef337fb,2023-08-12T15:03:38.059Z
1,"Mind Sludge",8ed,"Eighth Edition",146,nonfoil,€0.08,uncommon,e86a26e9-e4cb-452a-9263-489d57233d41
1,"Canopy Claws",jud,"Judgment",108,nonfoil,€0.12,common,c4530da2-fd04-40d9-ad69-5c2847921509
1,"Ostracize",7ed,"Seventh Edition",153,nonfoil,€0.17,common,abdaffcc-59f6-4489-88bf-1061ad6b0512
1,"Loxodon Partisan",mbs,"Mirrodin Besieged",12,nonfoil,€0.06,common,a4a76016-96a1-40f5-9002-4b3bed65cd5c
1,"Bound in Gold",khm,"Kaldheim",5,nonfoil,€0.06,common,074d526a-1eef-4045-bd38-f6d68c4bc4b9
1,"Revitalize",khm,"Kaldheim",23,nonfoil,€0.07,common,3a9fb75e-c8e5-417b-83d4-5105af9c66c1
1,"Nikko-Onna",sok,"Saviors of Kamigawa",21,nonfoil,€0.42,uncommon,bd7ecd0c-9cfb-4cf3-be62-d949b58b19a4
1,"Azorius Signet",voc,"Crimson Vow Commander",161,nonfoil,€0.35,uncommon,daa06f38-c8bc-4b34-bfd7-a606dd296a84
2,"Sign in Blood",m13,"Magic 2013",110,nonfoil,€0.65,common,64f6600b-36c4-43bd-8c01-cfbca402ecd6
1,"Sign in Blood",m11,"Magic 2011",117,nonfoil,€0.37,common,3705ee27-9725-42ee-8d3b-481cdb8c9250
1,"Sign in Blood",m10,"Magic 2010",112,nonfoil,€0.49,common,1975ed97-acb8-4bb6-804a-e5da725d876e
1,"Vine Kami",chk,"Champions of Kamigawa",249,nonfoil,€0.10,common,fa5241c8-7f50-413e-9ac0-9ab0ad5c884c
1,"Golgari Rot Farm",c19,"Commander 2019",248,nonfoil,€0.22,uncommon,3c57438b-59d4-4040-b2bf-1eea33318761
1,"Golgari Rot Farm",rav,"Ravnica: City of Guilds",278,nonfoil,€0.33,common,104364d5-ede8-4ac5-900f-19947f51bbc1
1,"Shacklegeist",voc,"Crimson Vow Commander",112,nonfoil,€0.10,rare,d69b40d5-25e7-4c59-b00a-aa7d7367504e
1,"Form of the Dragon",scg,"Scourge",93,nonfoil,€0.45,rare,2058bcb4-50ac-4323-ab49-3b80a5891894
1,"Warbreak Trumpeter",lgn,"Legions",116,nonfoil,€0.20,uncommon,fc942957-1067-428c-8ee1-01f9e260efe1
2,"Instill Furor",rav,"Ravnica: City of Guilds",134,nonfoil,€0.08,uncommon,f6164762-c02d-4553-9064-2b99ff6352c9
1,"Kodama's Reach",uma,"Ultimate Masters",171,nonfoil,€1.03,common,102d20e6-5179-44b7-9abd-f1defc15ca6a
1,"Kodama's Reach",chk,"Champions of Kamigawa",225,nonfoil,€0.85,common,85d207ac-0680-47ef-85d9-4323c1321d6f
1,"Yavimaya Coast",c19,"Commander 2019",287,nonfoil,€0.71,rare,2f68a254-e104-42c6-954c-390a8b8f9558
2,"Sosuke's Summons",bok,"Betrayers of Kamigawa",145,nonfoil,€0.31,uncommon,42359e94-9f57-45ae-ae39-d4b939813015
1,"Timin, Youthful Geist",voc,"Crimson Vow Commander",54,nonfoil,€0.61,rare,8d58a295-f5cc-4d32-b314-a66a7c4a4636
1,"Temur War Shaman",frf,"Fate Reforged",142,nonfoil,€0.19,rare,a873164f-d8eb-460e-a8cc-8b2a663dcf3a,2022-05-09T20:24:01.067Z
2,"Hill Giant",9ed,"Ninth Edition",197,nonfoil,€0.03,common,caa75eaf-948f-4503-962d-95b0321b36d9
1,"Hill Giant",7ed,"Seventh Edition",196,nonfoil,€0.09,common,e7ea1719-2bed-46f4-bb14-e3a4c87ce50a
1,"Hill Giant",8ed,"Eighth Edition",194,nonfoil,€0.02,common,f3afb143-fd69-4197-96f4-62d5d90a894c
1,"Iname as One",sok,"Saviors of Kamigawa",151,nonfoil,€0.93,rare,4e13f122-0dfe-42f3-9815-9ae1a29fca99
1,"Viridian Joiner",mrd,"Mirrodin",138,nonfoil,€0.46,common,b50679df-bf82-4bb2-9fe3-8ebd7a9decde
1,"Pilfering Hawk",khm,"Kaldheim",71,nonfoil,€0.13,common,76ee3829-8dec-4c0f-a6c2-ad47a1c94cfc
1,"Coral Eel",8ed,"Eighth Edition",70,nonfoil,€0.05,common,215244ee-0b78-4fd1-858f-d093a5d42939
2,"Sparring Collar",5dn,"Fifth Dawn",154,nonfoil,€0.06,common,5fc31145-19b4-4dbe-8756-f49791aa147e
2,"Demolish",8ed,"Eighth Edition",183,nonfoil,€0.05,uncommon,d09770e0-24c0-4842-b31b-61e746ed89d7
2,"Demolish",avr,"Avacyn Restored",132,nonfoil,€0.03,common,4657aa15-8274-4bd7-afe4-504693064373
1,"Nantuko Vigilante",c19,"Commander 2019",174,nonfoil,€0.25,common,e1d83ff7-ed79-4334-a396-28f140d43012
3,"Phantasmagorian",plc,"Planar Chaos",77,nonfoil,€0.22,uncommon,19bcd780-70a6-4c25-8611-8b750a50aa3d
1,"Traitorous Blood",isd,"Innistrad",166,nonfoil,€0.17,common,8220f18a-f23f-4fe6-bb58-58b6c5f36c79
1,"Sunbeam Spellbomb",mrd,"Mirrodin",250,nonfoil,€0.07,common,d23ffdb7-9f8e-4376-9431-cf1c1814f2c4
2,"Shackles of Treachery",khm,"Kaldheim",150,nonfoil,€0.10,common,db743c6e-1385-468e-921a-7a525b88a1b6
1,"Ordruun Commando",rav,"Ravnica: City of Guilds",137,foil,€0.11,common,aa726c0e-3a7e-4299-8842-4ce1f9f26567
2,"Ordruun Commando",rav,"Ravnica: City of Guilds",137,nonfoil,€0.05,common,aa726c0e-3a7e-4299-8842-4ce1f9f26567
1,"Elder Cathar",isd,"Innistrad",12,nonfoil,€0.07,common,c21b9e51-fecd-4f9a-9354-a6dc1613feb3
2,"Kor Hookmaster",zen,"Zendikar",20,nonfoil,€0.16,common,68ad3199-c202-4b71-8a36-53547e70c39b
1,"Kor Hookmaster",ddf,"Duel Decks: Elspeth vs. Tezzeret",12,nonfoil,€0.07,common,b5c7cd60-1e34-4a6e-a31f-02cb965172ee
1,"Nimble Larcenist",snc,"Streets of New Capenna",321,nonfoil,€0.04,uncommon,9f640d69-b690-4262-b3d8-e9e28c813f94,2022-05-02T18:53:14.340Z
1,"Knight of the White Orchid",voc,"Crimson Vow Commander",92,nonfoil,€1.53,rare,2096c0f1-9a61-4c2a-ac1a-a2fb4e73d121
5,"River Kaijin",chk,"Champions of Kamigawa",83,nonfoil,€0.02,common,e403cad6-84b0-4a6b-a2d8-cb572ec09932
1,"Gandalf, Westward Voyager",ltc,"Tales of Middle-earth Commander",89,foil,€0.61,mythic,c17f714a-d36a-42b7-9bea-897ad5cfd5c3,2023-08-12T14:57:18.255Z
1,"Rooting Kavu",inv,"Invasion",207,nonfoil,€0.13,uncommon,12c25a4c-d93a-402b-999f-0b9919123cc5
1,"Farseek",c19,"Commander 2019",165,nonfoil,€0.93,common,061f0032-eb14-4c63-8231-aa61472396c2
2,"Farseek",rav,"Ravnica: City of Guilds",163,nonfoil,€0.63,common,8180abec-9459-4b81-987e-b1794e45d543
1,"Farseek",m13,"Magic 2013",170,nonfoil,€0.77,common,f9b69d33-96dd-4844-aefa-27a885cb2ffc
2,"Conjurer's Bauble",5dn,"Fifth Dawn",112,nonfoil,€0.69,common,2d32960e-d182-455f-8e74-eb11b10050da
1,"Gang of Devils",avr,"Avacyn Restored",136,nonfoil,€0.03,uncommon,0430b9fa-3bc6-4183-ad5b-d70ad401fa97
1,"Mosquito Guard",mor,"Morningtide",18,nonfoil,€0.08,common,5e5bca35-5098-4100-815b-de141c82eb6a
1,"Mosquito Guard",ddf,"Duel Decks: Elspeth vs. Tezzeret",6,nonfoil,€0.12,common,626040ca-adb0-49c8-82cd-d1e27926cb79
1,"Deathknell Kami",sok,"Saviors of Kamigawa",65,nonfoil,€0.04,common,09535c14-ae50-4528-b9db-7eacee14e3fa
1,"Goldmeadow Dodger",lrw,"Lorwyn",16,nonfoil,€0.12,common,5305b5c6-2af6-4b5c-9a57-0a2d2628e2f4
1,"Jarad's Orders",rtr,"Return to Ravnica",175,nonfoil,€1.19,rare,c59171ce-7dc6-4dd9-a124-3c2c3028d93d
1,"Mirran Mettle",mbs,"Mirrodin Besieged",84,nonfoil,€0.03,common,edbb5778-fa9a-4a1f-be4f-627630c3e3ca
1,"Courser of Kruphix",bng,"Born of the Gods",119,foil,€3.81,rare,da5a807f-58e8-4d92-a61c-47bb9b28977f,2024-04-29T22:18:22.106Z
1,"Skullmane Baku",bok,"Betrayers of Kamigawa",83,nonfoil,€0.03,common,005edd3a-238d-471a-8d5b-2df735c49f67
1,"Thelonite Hermit",c19,"Commander 2019",184,nonfoil,€0.12,rare,e523d19f-ab72-43f3-b25a-d434e77cd732
3,"Spark Spray",scg,"Scourge",105,nonfoil,€0.18,common,f60d8716-4297-484c-8e02-c30ce2773a65
1,"Ethereal Investigator",voc,"Crimson Vow Commander",12,nonfoil,€0.41,rare,a81b1492-ef70-4d8d-9458-c25a084107a7
1,"Banshee's Blade",mrd,"Mirrodin",144,nonfoil,€0.15,uncommon,b77baad4-2bd6-492a-86ca-8e0088b751d2
1,"Devour in Shadow",5dn,"Fifth Dawn",46,nonfoil,€0.14,uncommon,98c80584-b7b5-4dcd-8a00-812b9dd9b1b9
1,"Lignify",ltc,"Tales of Middle-earth Commander",252,nonfoil,€0.40,common,dc738689-2ed8-45e1-bdd4-c9d8450e2589,2023-08-12T15:01:40.280Z
1,"Benthic Behemoth",7ed,"Seventh Edition",63,nonfoil,€0.57,rare,19577bda-2728-40c8-a262-26051e6c226b
1,"Golem Foundry",som,"Scars of Mirrodin",160,nonfoil,€0.54,common,3cef2e6a-e46b-4425-b507-3213cfd1400c
1,"Preordain",ltc,"Tales of Middle-earth Commander",196,nonfoil,€0.99,common,6e681c39-aa00-4c6d-b077-affe3b90bed8,2023-08-12T14:59:35.401Z
1,"Preordain",cmr,"Commander Legends",84,nonfoil,€0.98,common,1453f92e-df2d-4789-aa1b-a5b5c51567d4
1,"Grasp of Phantoms",isd,"Innistrad",58,nonfoil,€0.12,uncommon,02655d3d-82d0-4be6-bb64-25e1478edfc3
1,"Hinterland Harbor",ltc,"Tales of Middle-earth Commander",317,nonfoil,€0.47,rare,35753c7f-e6d0-4335-a87e-3d3e5abb059b,2023-08-12T14:46:38.381Z
1,"Arcbound Ravager",dst,"Darksteel",100,nonfoil,€7.73,rare,72c1a731-7854-42b1-8719-ac3c2a269c1f,2022-10-06T10:56:58.097Z
1,"Drainpipe Vermin",rtr,"Return to Ravnica",66,nonfoil,€0.16,common,4d7251f3-df66-4611-a84c-1897f74431f7
1,"Mesmeric Orb",mrd,"Mirrodin",204,nonfoil,€12.10,rare,29d11b14-43a9-4d1c-ba2c-3025d51d841e,2022-05-09T20:16:15.084Z
1,"Raise the Alarm",m20,"Core Set 2020",34,nonfoil,€0.10,common,764a7a53-314e-4b1f-aa33-0f312d06df71
1,"Long-Forgotten Gohei",chk,"Champions of Kamigawa",261,nonfoil,€0.59,rare,6fc4b500-ca74-4b90-9a8c-d4efa80ebe2c
1,"Flashfires",5ed,"Fifth Edition",231,nonfoil,€0.25,uncommon,3fafab5c-3ce7-41fc-a3e7-68e322566cfd
2,"Phyrexian Hulk",9ed,"Ninth Edition",306,nonfoil,€0.04,uncommon,64d6e1ac-8346-464f-91ac-efc45d0c7294
1,"Phyrexian Hulk",nph,"New Phyrexia",150,nonfoil,€0.03,common,1687b5a7-7013-409a-ba8d-9cd8b5bb08f3
9,"Plains",chk,"Champions of Kamigawa",288,nonfoil,€0.10,common,4add62bc-d24c-4a1f-81bc-e3a6befe3f0d
3,"Plains",ons,"Onslaught",333,nonfoil,€0.20,common,854a255e-fd89-4c5d-b97b-416a9ac70960
5,"Plains",nph,"New Phyrexia",167,nonfoil,€0.20,common,9129628e-ee2b-450b-a3d6-fc94e9bf477d
1,"Plains",8ed,"Eighth Edition",333,nonfoil,€0.24,common,82dd5b8c-2c2f-4185-b176-a94b43729a29
4,"Plains",ons,"Onslaught",332,nonfoil,€0.37,common,e52ed647-bd30-40a5-b648-0b98d1a3fd4a
1,"Plains",9ed,"Ninth Edition",333,nonfoil,€0.25,common,8703ecd3-1ffa-489c-b8e1-f4d9b5ba2c12
5,"Plains",mbs,"Mirrodin Besieged",147,nonfoil,€0.10,common,e76a9b20-746c-42e5-9977-f5dce6aef0f2
8,"Plains",chk,"Champions of Kamigawa",290,nonfoil,€0.10,common,e590059d-57e5-4696-9bb1-30d8d35c4329
4,"Plains",ons,"Onslaught",331,nonfoil,€0.31,common,7bf7d68a-dbd0-45f3-acbb-59ee38e6057e
2,"Plains",mrd,"Mirrodin",290,nonfoil,€0.17,common,546507c7-8fa8-44e3-aeb7-56fabf419d82
1,"Plains",tsp,"Time Spiral",283,nonfoil,€0.08,common,97e0aaf3-eba0-445e-b560-f889b800e6b7
1,"Plains",9ed,"Ninth Edition",331,nonfoil,€0.10,common,75e639a9-6010-4453-9c25-4ab03664b9b2
1,"Plains",mrd,"Mirrodin",287,nonfoil,€0.25,common,5bac2d0d-43db-41f7-99dd-9ff55a4f2b3b
2,"Plains",8ed,"Eighth Edition",332,nonfoil,€0.13,common,7c88ade7-4b1c-4380-a19a-8ba18fa4adaa
2,"Plains",rav,"Ravnica: City of Guilds",289,nonfoil,€0.16,common,7ab3d0fe-6af6-4d02-b41d-0b88b510be4f
1,"Plains",rav,"Ravnica: City of Guilds",289,foil,€0.48,common,7ab3d0fe-6af6-4d02-b41d-0b88b510be4f
1,"Plains",tsp,"Time Spiral",284,nonfoil,€0.07,common,d056a94a-a07d-4494-a75c-b3f6f59457b3
12,"Plains",vow,"Innistrad: Crimson Vow",398,nonfoil,€0.11,common,20ddb0be-d62d-46fa-b753-36dfab935e8a
3,"Plains",rav,"Ravnica: City of Guilds",287,nonfoil,€0.08,common,3d8d3cd4-0f5f-4424-82ee-d8ba81da47fd
3,"Plains",ons,"Onslaught",334,nonfoil,€0.35,common,fd7babbe-f8c1-4e7c-8de2-2224dd357de4
9,"Plains",chk,"Champions of Kamigawa",287,nonfoil,€0.10,common,deff6a75-2ecd-49d6-b58b-a9d24615f9b7
4,"Plains",eld,"Throne of Eldraine",251,nonfoil,€0.09,common,ad0b7076-03b9-4a8b-a55c-6cba0b8162e8
1,"Plains",mrd,"Mirrodin",288,nonfoil,€0.14,common,c160b1e7-8fad-4592-899c-995d09bc8b52
1,"Plains",tsp,"Time Spiral",285,nonfoil,€0.08,common,fa21cca2-59cb-4223-b67b-1a8fc54aadd8
1,"Plains",tsp,"Time Spiral",282,nonfoil,€0.08,common,cd9a8337-e4ca-458d-8fcd-672d8d6f1c0d
3,"Plains",rav,"Ravnica: City of Guilds",288,nonfoil,€0.14,common,97b7beb9-0805-47b9-8e62-ff110e9e086a
4,"Plains",khm,"Kaldheim",394,nonfoil,€0.12,common,5cbfbafa-f58f-40b2-a374-68ac35b77d89
4,"Plains",khm,"Kaldheim",394,foil,€0.10,common,5cbfbafa-f58f-40b2-a374-68ac35b77d89
6,"Plains",nph,"New Phyrexia",166,nonfoil,€0.14,common,db0c6f01-42be-40a1-becb-085f54750830
1,"Plains",m13,"Magic 2013",230,nonfoil,€0.08,common,080a001b-7815-469b-bd0c-c92453d80e9a
2,"Plains",rav,"Ravnica: City of Guilds",290,nonfoil,€0.08,common,7c2839fa-33eb-47fb-9541-77c68612aa02
5,"Plains",mbs,"Mirrodin Besieged",146,nonfoil,€0.18,common,0eb24b22-d812-466b-b8bf-6562283ee335
2,"Plains",mrd,"Mirrodin",289,nonfoil,€0.13,common,eac11282-82d6-40db-8c28-5ed02268d2c6
10,"Plains",chk,"Champions of Kamigawa",289,nonfoil,€0.13,common,28fae600-d829-412a-8f77-3f25a106f574
1,"Castle Embereth",eld,"Throne of Eldraine",239,nonfoil,€0.28,rare,8bb8512e-6913-4be6-8828-24cfcbec042e,2024-04-23T17:10:07.450Z
1,"Oboro Breezecaller",sok,"Saviors of Kamigawa",48,nonfoil,€0.35,common,a382a9b8-0b19-46c2-a547-a22d6e23d0ac
2,"Trained Armodon",9ed,"Ninth Edition",274,nonfoil,€0.04,common,3c5855f7-b100-4338-bb30-203fa275cba3
2,"Wildwood Geist",avr,"Avacyn Restored",204,nonfoil,€0.02,common,4658b4b2-7043-4ca2-96fd-4f663c20c80f
2,"Split-Tail Miko",bok,"Betrayers of Kamigawa",23,nonfoil,€0.05,common,0528fe29-f3c1-4d10-9030-053c3de57b7b
1,"Spire Golem",dst,"Darksteel",145,nonfoil,€0.13,common,19239c7b-add3-4537-bdfd-a0f7d38d4d8e
1,"Mistbreath Elder",blb,"Bloomburrow",184,nonfoil,€0.31,rare,e5246540-5a84-41d8-9e30-8e7a6c0e84e1,2024-09-21T15:13:47.310Z
1,"Padeem, Consul of Innovation",kld,"Kaladesh",59,nonfoil,€1.06,rare,e31b30a7-13e8-408e-a758-60e6e9290808
1,"Miren, the Moaning Well",sok,"Saviors of Kamigawa",163,nonfoil,€8.02,rare,53d414f0-15ae-446b-a8d7-56c1b502740c,2022-10-06T10:56:58.102Z
1,"Sagu Mauler",c19,"Commander 2019",200,nonfoil,€0.11,rare,23de1159-4466-432d-917c-0f77d0610b4e
1,"Bloodied Ghost",eve,"Eventide",83,nonfoil,€0.15,uncommon,c68b6fc7-e565-4f7d-8efb-c4d29e41c689
1,"Egon, God of Death // Throne of Death",khm,"Kaldheim",92,nonfoil,€0.30,rare,9dfdb73d-b001-4a59-b79e-8c8c1baea116
1,"Arcbound Overseer",dst,"Darksteel",99,nonfoil,€0.79,rare,8b64717e-0e7b-4b4c-ba82-48498ee87aad
1,"Viashino Slasher",rav,"Ravnica: City of Guilds",149,nonfoil,€0.02,common,5fa18f23-c995-4fcc-8e95-bbf76426e703
1,"Buried Alive",uma,"Ultimate Masters",88,nonfoil,€1.21,uncommon,c5f51145-aade-4955-b9e7-4a34074253d6,2022-10-06T10:56:58.113Z
1,"Graypelt Refuge",zen,"Zendikar",214,nonfoil,€0.08,uncommon,c46324e3-52e7-4b21-a9a0-a3aae9f7dd5b
5,"Talisman of Dominance",mrd,"Mirrodin",253,nonfoil,€0.76,uncommon,991037a2-fea2-49f5-8ace-ebbf9f678cff
1,"Creeping Mold",8ed,"Eighth Edition",240,nonfoil,€0.05,uncommon,19a053c7-650b-4b4a-b54d-082a194e3cc2
1,"Falkenrath Noble",isd,"Innistrad",100,nonfoil,€0.23,uncommon,e2286f94-4cf9-4462-b5d7-cee7f6910018
2,"Shoreline Ranger",scg,"Scourge",51,nonfoil,€0.06,common,eed813c4-fff0-43f1-bc62-cbc3a126d600
1,"Telling Time",rav,"Ravnica: City of Guilds",69,nonfoil,€0.20,uncommon,563e6cf4-e86f-4538-85a1-3abbc83b303d
1,"Horrifying Revelation",mbs,"Mirrodin Besieged",45,nonfoil,€0.16,common,27ff5fbd-7ce8-4188-8228-0eab0d69a7a1
1,"Mighty Leap",m11,"Magic 2011",22,nonfoil,€0.06,common,bf8e0f93-a450-4188-a735-d601a59ab108
1,"Mighty Leap",ddf,"Duel Decks: Elspeth vs. Tezzeret",24,nonfoil,€0.06,common,92c5ce58-0502-4741-8eaf-eababbef0503
1,"Lothlórien Blade",ltc,"Tales of Middle-earth Commander",77,nonfoil,€0.34,rare,3f7f1d3b-d6bb-4ddb-81d8-12f7aaaec49e,2023-08-12T14:34:42.787Z
1,"Hapless Researcher",jud,"Judgment",42,nonfoil,€0.17,common,22ed0ee7-6749-4f38-8e53-c11b46b17e5d
1,"Fall of the Impostor",khm,"Kaldheim",208,nonfoil,€0.13,uncommon,d7de696a-49c2-421d-a86c-bcffd68870c6
1,"Goblin Brigand",9ed,"Ninth Edition",190,nonfoil,€0.09,common,862a481a-f236-4e99-b4b9-086e6cb8f4de
5,"Goblin Brigand",scg,"Scourge",94,nonfoil,€0.06,common,4b024afe-7a28-4e3b-afbd-b42f1c45f338
1,"Stormsplitter",blb,"Bloomburrow",154,nonfoil,€2.94,mythic,56f214d3-6b93-40db-a693-55e491c8a283,2024-09-21T15:14:46.419Z
5,"Greenwood Sentinel",m20,"Core Set 2020",174,nonfoil,€0.05,common,e9a1a70d-c146-453e-84c4-71cae4e0afaa
1,"Mind's Desire",scg,"Scourge",41,nonfoil,€1.48,rare,3c7474e1-cfae-4867-a11a-d5cf9ff7ea5f
5,"Kitsune Blademaster",chk,"Champions of Kamigawa",25,nonfoil,€0.15,common,fb9d108d-ee19-4b1d-9d4b-b4c4d9b8ad0d
1,"Curse of Thirst",dka,"Dark Ascension",57,nonfoil,€0.47,uncommon,a23ed5d1-44dc-4733-9e01-65fbc5dc02f2
1,"Lifecreed Duo",blb,"Bloomburrow",20,nonfoil,€0.09,common,ca543405-5e12-48a0-9a77-082ac9bcb2f2,2024-12-25T09:50:39.262Z
2,"Shuriken",bok,"Betrayers of Kamigawa",160,nonfoil,€0.15,uncommon,ef1e7f3b-55a4-41bf-b7ec-81114f2c63c4
1,"Omega Myr",mrd,"Mirrodin",223,nonfoil,€0.13,common,ddaa5c60-054f-4397-a110-21df58264caf
1,"Goblin Rock Sled",4ed,"Fourth Edition",199,nonfoil,€0.05,common,25f4f0c1-a43e-4282-b20e-91c711c57521
2,"Looming Shade",9ed,"Ninth Edition",142,nonfoil,€0.07,common,45304a48-f2a3-4a3c-b6ba-22d318fb0d8c
1,"Rune of Speed",khm,"Kaldheim",148,nonfoil,€0.14,uncommon,47faee66-b274-466a-890e-bb396dda943d
1,"Kor Aeronaut",ddf,"Duel Decks: Elspeth vs. Tezzeret",10,nonfoil,€0.04,uncommon,dd9dc5af-0fc9-4e2a-9980-180459eeba07
1,"Kor Aeronaut",zen,"Zendikar",17,nonfoil,€0.07,uncommon,87ae3eb8-b570-4129-9d4e-b7afa8fc4840
1,"Rally the Forces",mbs,"Mirrodin Besieged",73,nonfoil,€0.08,common,8f251c71-0e83-424d-9e0e-85790289087c
1,"Snakeskin Veil",khm,"Kaldheim",194,nonfoil,€0.11,common,e692c208-c171-4964-9207-43c2cbc62845
3,"Konda's Hatamoto",chk,"Champions of Kamigawa",31,nonfoil,€0.22,uncommon,83425cf6-f6ad-4302-8f07-099eabdd4b40
1,"Mental Note",jud,"Judgment",46,nonfoil,€10.51,common,1f343724-6ecd-494f-8bfc-93676af4e173
1,"Asceticism",ltc,"Tales of Middle-earth Commander",233,nonfoil,€4.68,rare,bde335c5-0e87-43c9-bef6-423e4d1caf35,2023-08-12T14:37:50.586Z
1,"Kodama of the East Tree",cmr,"Commander Legends",239,nonfoil,€4.69,rare,af5105ee-09e2-4344-ab39-00f0e9034c47
1,"Marble Diamond",voc,"Crimson Vow Commander",165,nonfoil,€0.23,common,4b6b0727-f4b7-4ca5-bf82-339eb40041ba
1,"Rogue's Passage",mic,"Midnight Hunt Commander",179,nonfoil,€0.35,uncommon,58c76a0c-f13c-483c-bb7b-9af21d7fc924
1,"Selesnya Guildmage",rav,"Ravnica: City of Guilds",252,nonfoil,€0.08,uncommon,21061ce3-d098-4057-b341-c5db6ee1b6d4
1,"Bygone Bishop",soi,"Shadows over Innistrad",8,nonfoil,€0.26,rare,7c45198f-fb2b-4c83-abdc-8b1a0071cfed
1,"Bygone Bishop",voc,"Crimson Vow Commander",80,nonfoil,€0.17,rare,3883a621-b226-465f-bcc6-73adf2050514
1,"Thistledown Players",blb,"Bloomburrow",35,foil,€0.15,common,afa8d83f-8586-4127-8b55-9715e9547488,2024-09-21T15:15:50.531Z
1,"Into the Flood Maw",blb,"Bloomburrow",52,nonfoil,€2.05,uncommon,50b9575a-53d9-4df7-b86c-cda021107d3f,2024-09-21T15:12:33.525Z
1,"Boreas Charger",voc,"Crimson Vow Commander",79,nonfoil,€0.28,rare,3cab81be-47d7-4f76-b031-072ac1a7fbc2
2,"Crystal Seer",gpt,"Guildpact",23,nonfoil,€0.09,common,549ed5bd-da29-4cd4-893e-9e53e33a8557
1,"Last Gasp",rav,"Ravnica: City of Guilds",93,nonfoil,€0.03,common,34e035b3-bd83-43a4-8f31-d2393d29cd94
2,"Stand Firm",5dn,"Fifth Dawn",17,nonfoil,€0.07,common,93d3a024-6cf3-4008-a4f6-1d96ff5de22a
1,"Goldmeadow Harrier",ddf,"Duel Decks: Elspeth vs. Tezzeret",3,nonfoil,€0.16,common,e5fc15af-532d-4124-9dd4-2584c00c89da
1,"Wizard Class",afr,"Adventures in the Forgotten Realms",81,nonfoil,€1.66,uncommon,d1f629fb-b097-4240-8560-ef47f5678f48,2022-09-26T17:24:01.653Z
1,"Elven Rite",sth,"Stronghold",106,nonfoil,€0.13,uncommon,daba8742-c246-4e64-8af1-8f4ebcdc4b5f
2,"Terminate",arb,"Alara Reborn",46,nonfoil,€0.47,common,dc8acab8-4469-4baa-af2f-a3f49b841a55
1,"Enrage",scg,"Scourge",91,nonfoil,€0.12,uncommon,d6ed7866-9eef-49c3-9b9e-4247b6e71a6c
2,"Enrage",8ed,"Eighth Edition",185,nonfoil,€0.11,uncommon,2b1e6973-003a-4f3e-b793-2e59519b1b8c
1,"Windborn Muse",voc,"Crimson Vow Commander",101,nonfoil,€0.38,rare,b098ad05-3e30-4a73-b327-da1cdc22786d
1,"Carven Caryatid",rav,"Ravnica: City of Guilds",155,nonfoil,€0.15,uncommon,ba52a417-0950-4ddf-9bd5-3557f659fdf5
1,"Fyndhorn Elder",8ed,"Eighth Edition",251,nonfoil,€0.18,uncommon,81c125cd-ea49-4511-a78c-42c1f7ce802d
1,"Battlefield Butcher",bro,"The Brothers' War",86,nonfoil,€0.06,uncommon,90c47e31-d4f6-46f3-94b7-1726c4a4a8eb,2024-04-25T08:42:01.972Z
1,"Apex Altisaur",c19,"Commander 2019",31,nonfoil,€4.74,rare,5f8b022e-3e7a-40e6-99a0-53e5adbdafc5
1,"Ballynock Trapper",eve,"Eventide",2,nonfoil,€0.12,common,6b10d37b-2cbc-4061-b25a-ad8ff3944ad3
1,"Glidedive Duo",blb,"Bloomburrow",96,nonfoil,€0.03,common,4831e7ae-54e3-4bd9-b5af-52dc29f81715,2024-09-21T15:09:48.123Z
1,"Glidedive Duo",blb,"Bloomburrow",96,foil,€0.15,common,4831e7ae-54e3-4bd9-b5af-52dc29f81715,2024-12-25T10:05:47.670Z
1,"Littjara Glade-Warden",khm,"Kaldheim",182,nonfoil,€0.06,uncommon,a92dde51-310e-4f28-bd3b-d43b639785ec
2,"Black Cat",dka,"Dark Ascension",54,nonfoil,€0.19,common,bb1c6379-69d5-48aa-8d06-257c0592794e
1,"Nim Lasher",mrd,"Mirrodin",71,nonfoil,€0.06,common,7b66c698-02bd-48ef-a866-5251bdc02c16
1,"Golem Artisan",som,"Scars of Mirrodin",159,nonfoil,€0.10,uncommon,7ccfc314-2f18-43c2-9ccd-59bb5dbe35e9
1,"Burnished Hart",cmr,"Commander Legends",302,nonfoil,€0.07,uncommon,2dccb765-8f97-4806-87ef-55415ab09d9b
1,"Plagued Rusalka",cns,"Conspiracy",121,nonfoil,€0.03,uncommon,2933f08c-9e4a-4f0a-92c5-a3a2bfb1e1e2
1,"Plagued Rusalka",gpt,"Guildpact",56,nonfoil,€0.12,uncommon,cd84bbb3-8b99-4e6d-b514-b094ec93eaa0
1,"Freed from the Real",sok,"Saviors of Kamigawa",38,nonfoil,€4.31,common,e9ecee02-12c0-4aed-a679-41bce95e0cda
4,"Waxmane Baku",bok,"Betrayers of Kamigawa",29,nonfoil,€0.08,common,e86e084a-f5cb-49f5-8de2-5729d00e1aba
1,"Infernal Pet",khm,"Kaldheim",99,nonfoil,€0.04,common,80340582-655b-4bf1-88fb-14bcbe17aa04
1,"Lightning Elemental",8ed,"Eighth Edition",201,nonfoil,€0.03,common,00cf2252-5ead-47df-8150-06c81dc47584
1,"Lightning Elemental",7ed,"Seventh Edition",201,nonfoil,€0.13,common,6df538e3-84c9-4580-85e9-8ac2f9a1294b
1,"Lightning Elemental",9ed,"Ninth Edition",201,nonfoil,€0.09,common,29a23bff-6d5a-4020-afec-874ca48765d6
1,"Withstand",gpt,"Guildpact",21,nonfoil,€0.02,common,bb458f79-13dd-4446-be75-463f19548867
1,"Skull of Orm",8ed,"Eighth Edition",313,nonfoil,€0.80,rare,ccc3a7b4-ff44-4909-ab8d-35ba5d187815
1,"Unnerving Assault",eve,"Eventide",114,nonfoil,€0.16,uncommon,109eccfd-19d0-48cc-8b27-9027e4911fee
4,"Ashen-Skin Zubera",chk,"Champions of Kamigawa",101,nonfoil,€0.23,common,40cee88d-849d-4715-ad88-7cdb855a3088
1,"Merfolk Spy",m11,"Magic 2011",66,nonfoil,€0.11,common,b5ae05cc-116b-4268-ba78-709aeff36ab1
1,"Skirsdag Cultist",isd,"Innistrad",163,nonfoil,€0.07,uncommon,e63fa0de-2ec3-41ff-8e5d-0b54f400f27f
5,"Lurking Informant",rav,"Ravnica: City of Guilds",249,nonfoil,€0.12,common,012a7f5d-f798-4030-86e3-05956487a383
1,"Viridian Emissary",mbs,"Mirrodin Besieged",95,nonfoil,€0.16,common,129fa334-f561-4fbd-9f51-2fa044b674e1
1,"Bladed Sentinel",mbs,"Mirrodin Besieged",98,nonfoil,€0.04,common,69959c54-1350-4c64-8e5a-fc8447bb979c
1,"Hamlet Captain",isd,"Innistrad",187,nonfoil,€0.12,uncommon,1203ae4f-4d69-490f-8a7c-dadbefa6d697
1,"Landbind Ritual",zen,"Zendikar",24,nonfoil,€0.04,uncommon,245357c6-b4cd-40f3-b7c2-413eee767239
1,"Ancient Den",mrd,"Mirrodin",278,nonfoil,€1.37,common,cc857fbd-8e0f-4bff-8f14-561c9925c484,2024-04-25T08:34:20.677Z
2,"Bloodfire Kavu",apc,"Apocalypse",58,nonfoil,€0.11,uncommon,1442b1f3-8c2c-4553-906f-c864fcdc6ae5
1,"Harvest Gwyllion",eve,"Eventide",90,nonfoil,€0.14,common,1a0491d1-343d-453e-aa52-a3d3daa1478e
2,"Swallowing Plague",chk,"Champions of Kamigawa",146,nonfoil,€0.07,uncommon,ac549d51-3862-4eb0-9951-f13a8ba28822
1,"Tezzeret the Seeker",ddf,"Duel Decks: Elspeth vs. Tezzeret",39,foil,€7.45,mythic,e5250db5-6dfc-46ef-a6f7-198a3e0594cc
1,"Oyobi, Who Split the Heavens",bok,"Betrayers of Kamigawa",18,nonfoil,€0.27,rare,313bd276-2f69-447e-a2b1-240cf839614a
1,"Oyobi, Who Split the Heavens",voc,"Crimson Vow Commander",95,nonfoil,€0.20,rare,8f279602-024a-44b6-9a36-465c16363cb5
1,"Craven Hulk",khm,"Kaldheim",127,nonfoil,€0.09,common,2be804ab-1024-4eee-b339-48ed8b84d363
1,"Forgotten Ancient",scg,"Scourge",120,nonfoil,€1.20,rare,49d3b91d-2e4f-4574-89f8-7b804f1d21bf
1,"Arcbound Hybrid",dst,"Darksteel",97,nonfoil,€0.10,common,a2f33f9d-dffd-4742-92c6-be7fe6463dca
1,"Muxus, Goblin Grandee",jmp,"Jumpstart",24,nonfoil,€8.59,rare,2c716d10-2130-43b7-a939-349d437e1091,2024-08-10T14:00:32.951Z
1,"Puncture Blast",eve,"Eventide",60,nonfoil,€0.18,common,3bf90b4d-98cf-4953-b6ae-c41d21ab559b
1,"Unerring Sling",mir,"Mirage",322,nonfoil,€0.14,uncommon,ecf946b8-8574-406a-83fd-966ed912921f
2,"Rakish Heir",isd,"Innistrad",158,nonfoil,€0.24,uncommon,4afab3a6-95e3-4786-94f2-d9aa7365a4de
1,"Into the Core",mbs,"Mirrodin Besieged",67,nonfoil,€0.12,uncommon,9cb91ecb-1962-4cd1-80c1-c9e2485822ae
1,"Explore",c19,"Commander 2019",164,nonfoil,€0.26,common,da397007-e9a8-4228-a35d-a606e93e37be
2,"River Boa",zen,"Zendikar",180,nonfoil,€0.07,uncommon,4a81be06-b685-461b-80a8-2f23139106e7
1,"Vindictive Mob",rav,"Ravnica: City of Guilds",112,nonfoil,€0.06,uncommon,23c5c72c-982c-4cfd-b576-089200b4cc04
1,"Blood Speaker",chk,"Champions of Kamigawa",103,nonfoil,€0.46,uncommon,f218bb94-d5a2-41f6-8bca-b689dcd09a43
1,"Convolute",rav,"Ravnica: City of Guilds",41,nonfoil,€0.07,common,fac88052-96a3-4a4d-95a2-c5a652fcb275
1,"Overwhelming Stampede",c19,"Commander 2019",175,nonfoil,€2.91,rare,50846a7b-d174-439e-9ffb-31b50bb3a84f
1,"Overwhelming Stampede",m11,"Magic 2011",189,foil,€2.58,rare,1d5a46d0-09fe-454c-a920-0343f846b832
1,"Overwhelming Stampede",ltc,"Tales of Middle-earth Commander",254,nonfoil,€2.20,rare,8b7d65b9-5f66-4cf7-b3ef-c47e7c6a131b,2023-08-12T14:41:17.150Z
8,"Battle-Mad Ronin",chk,"Champions of Kamigawa",156,nonfoil,€0.07,common,a6e4394a-fa91-4cf9-99c1-dc0bc1011c5b
3,"Silverback Shaman",m20,"Core Set 2020",195,nonfoil,€0.13,common,4e97e62e-4a77-4512-b5fa-400e01517e23
1,"Death's-Head Buzzard",scg,"Scourge",63,nonfoil,€0.10,common,8a8d4fd9-1f9e-41f0-9114-d1a698506ad9
1,"Llanowar Reborn",fut,"Future Sight",171,nonfoil,€0.32,uncommon,04d07c6b-1afa-4321-b4f9-f22e81a0b818
3,"Mountain",mrd,"Mirrodin",301,nonfoil,€0.13,common,ba50901e-a030-4f52-8369-f4c9ca6b9c7a
3,"Mountain",mrd,"Mirrodin",300,nonfoil,€0.11,common,4399a832-4406-4a12-a5e5-81744d02ceec
2,"Mountain",mrd,"Mirrodin",302,nonfoil,€0.10,common,22965406-d8d7-46ad-992e-7fc0e994698d
8,"Mountain",chk,"Champions of Kamigawa",301,nonfoil,€0.23,common,6e1a59c7-53d9-4e2c-9596-c64394838575
20,"Mountain",ons,"Onslaught",345,nonfoil,€0.37,common,e8aade2d-5cf5-44f6-9095-aa3756b1c1dd
1,"Mountain",dmu,"Dominaria United",271,foil,€0.07,common,a82f782e-abc8-4b92-a193-17b2c383f765,2022-10-20T10:48:33.865Z
4,"Mountain",8ed,"Eighth Edition",345,nonfoil,€0.13,common,e5339dcb-2544-4f19-acf3-86f83793301c
4,"Mountain",inv,"Invasion",343,nonfoil,€0.59,common,ba6694bb-f3b7-48ff-9d93-cbed84fac210
5,"Mountain",8ed,"Eighth Edition",344,nonfoil,€0.15,common,e49c0db1-5acc-48ed-a0f0-0510433d6d34
11,"Mountain",chk,"Champions of Kamigawa",299,nonfoil,€0.20,common,22262a3a-c2e0-4639-9002-361b39ea9b3a
9,"Mountain",chk,"Champions of Kamigawa",300,nonfoil,€0.14,common,266a514a-076a-40c0-a756-c6fdd261c3cb
2,"Mountain",9ed,"Ninth Edition",343,nonfoil,€0.16,common,b3e2ee4c-5548-4a17-bf27-e906d2825867
5,"Mountain",8ed,"Eighth Edition",343,nonfoil,€0.15,common,f243292a-e8a6-43c2-805c-15715fcebd67
3,"Mountain",inv,"Invasion",344,nonfoil,€0.35,common,977527da-2953-493f-8e8c-ffc64ddeaf10
4,"Mountain",khm,"Kaldheim",397,foil,€0.23,common,69419307-53d5-40d7-82da-cab2e7bfbda4
4,"Mountain",khm,"Kaldheim",397,nonfoil,€0.16,common,69419307-53d5-40d7-82da-cab2e7bfbda4
3,"Mountain",inv,"Invasion",345,nonfoil,€0.24,common,68df89dc-3909-4051-adc1-a86589d0e99d
1,"Mountain",blb,"Bloomburrow",274,nonfoil,€0.19,common,c1bba8fb-d763-4efa-8db1-e5e81994b5f9,2024-09-21T15:15:22.552Z
2,"Mountain",rav,"Ravnica: City of Guilds",301,nonfoil,€0.20,common,4f312d7b-f505-45c3-bb87-650259e5db50
1,"Mountain",rav,"Ravnica: City of Guilds",300,nonfoil,€0.16,common,6477ebad-e1e5-4508-aa20-39b47e39a5c6
9,"Mountain",chk,"Champions of Kamigawa",302,nonfoil,€0.16,common,c15e5767-64e1-4f4e-a02e-1143db0f648e
1,"Mountain",9ed,"Ninth Edition",345,nonfoil,€0.23,common,d2655e7b-ae35-45f0-b86d-c2f74ef3ee04
3,"Mountain",inv,"Invasion",346,nonfoil,€0.19,common,7e8ae541-98e2-4a84-90a6-b17502f4442d
2,"Mountain",mrd,"Mirrodin",299,nonfoil,€0.14,common,b082f22f-6c01-4e8c-80ad-6fdae5c3f22f
2,"Mountain",rav,"Ravnica: City of Guilds",299,nonfoil,€0.12,common,dad3662a-f7b4-45d5-a35e-fc6c38474692
1,"Mountain",snc,"Streets of New Capenna",279,nonfoil,€0.78,common,2e97dadd-0849-4c18-9523-4775d09fca9a,2022-05-02T18:56:04.319Z
1,"Mountain",rav,"Ravnica: City of Guilds",302,nonfoil,€0.20,common,e135c9f9-5099-4029-bc19-dd9a0760d86f
2,"Mountain",9ed,"Ninth Edition",344,nonfoil,€0.21,common,2a41bb43-0328-4093-88c6-4dc00dfdfb7e
4,"Mountain",8ed,"Eighth Edition",346,nonfoil,€0.12,common,1267a5fa-f9a9-4a7f-89f9-24889868ccff
1,"Mountain",4ed,"Fourth Edition",373,nonfoil,€0.39,common,0c5c9379-b686-4823-b85a-eaf2c4b63205
1,"Satoru Umezawa",neo,"Kamigawa: Neon Dynasty",493,nonfoil,€0.97,rare,63fb4d0a-f979-42ed-a4aa-15c180e4f0be,2022-10-06T10:56:58.130Z
1,"Fell the Mighty",voc,"Crimson Vow Commander",85,nonfoil,€0.28,rare,a898ca85-ce74-486c-98a8-557eb315d150
1,"Noxious Gearhulk",kld,"Kaladesh",96,nonfoil,€0.56,mythic,9f86e5fe-8723-4494-b4cc-b7ac3a047bd1,2024-04-29T22:19:22.615Z
1,"Vicious Hunger",8ed,"Eighth Edition",171,nonfoil,€0.08,common,edf7cf9e-cb8d-49ae-af5b-0da7f283e677
2,"Echoing Decay",dst,"Darksteel",41,nonfoil,€0.20,common,f8e688e7-8350-4b78-bd49-a6ffdedad556
1,"Konda's Banner",chk,"Champions of Kamigawa",259,nonfoil,€4.57,rare,759b2f39-e1b1-44aa-b49a-00ef6926a6ac
1,"Amrou Kithkin",leg,"Legends",3,nonfoil,€0.60,common,cbce1c55-123c-4a05-bde4-18a1601fcc5a
2,"Souls of the Faultless",gpt,"Guildpact",131,nonfoil,€0.15,uncommon,24f02a09-e959-438c-ab48-abd34b10d07c
1,"Catacomb Slug",rtr,"Return to Ravnica",58,nonfoil,€0.04,common,53b36fba-6a0e-4f03-8bee-03919062537f
4,"Myr Enforcer",mrd,"Mirrodin",211,nonfoil,€0.85,common,eeeef899-a8b5-4416-a208-3bd5a0c7177b
1,"Harmonize",tsr,"Time Spiral Remastered",208,nonfoil,€0.19,uncommon,fdcb8138-0d0c-43bd-a3d3-1a57c0a19764
1,"Unspeakable Symbol",scg,"Scourge",79,nonfoil,€1.20,uncommon,2cc4601b-5f34-4733-8c32-9779de4c502c
1,"Scuttling Death",chk,"Champions of Kamigawa",142,nonfoil,€0.06,common,d8d9bf4e-3bb1-4154-b1ff-a3d8a2810c1b
1,"Regeneration",8ed,"Eighth Edition",275,nonfoil,€0.06,common,2a97c91d-66bd-417a-9c13-4ac4d9ddd7f7
1,"Numai Outcast",chk,"Champions of Kamigawa",134,nonfoil,€0.08,uncommon,b878d1c2-34ce-4cb4-9ea3-8d7cd2028484
1,"Rush of Blood",avr,"Avacyn Restored",154,nonfoil,€0.37,uncommon,a2884824-d138-47f2-913b-32cd475e9584
1,"Wall of Fire",m10,"Magic 2010",162,nonfoil,€0.11,uncommon,7a365050-196b-4513-8143-c823a96da9a0
1,"Syphon Soul",ons,"Onslaught",176,nonfoil,€0.06,common,3bdaef0f-9965-463b-902d-72ec24b2db7b
1,"Custodi Squire",voc,"Crimson Vow Commander",83,nonfoil,€0.17,common,4a5eff5b-fee5-4077-b895-57bb12d9d752
1,"Unburied Earthcarver",tdm,"Tarkir: Dragonstorm",95,nonfoil,€0.04,common,3ab5e71e-dc8d-4ed8-bcef-6497177c4a9d,2025-12-24T12:17:29.715Z
1,"Ordered Migration",inv,"Invasion",258,nonfoil,€0.12,uncommon,04d83a07-6054-45f1-bdf9-07f2006238d2
1,"King Harald's Revenge",khm,"Kaldheim",180,nonfoil,€0.03,common,71a659b6-c4a8-4c0a-8b2a-07b6c9e27dfc
1,"Elvish Piper",ltc,"Tales of Middle-earth Commander",239,nonfoil,€1.39,rare,94cb4d52-0042-494d-8025-59c1eb0f90e0,2023-08-12T14:38:34.018Z
1,"Elvish Piper",9ed,"Ninth Edition",239,nonfoil,€2.31,rare,cb459fb2-b0d3-4be9-99cb-fcff4518abc2
2,"Exotic Orchard",c19,"Commander 2019",242,nonfoil,€0.22,rare,23de2dc2-348f-4eeb-ae0c-dda422d654b0
1,"Exotic Orchard",ltc,"Tales of Middle-earth Commander",307,nonfoil,€0.32,rare,a3120b65-f021-467e-bd9f-27329134a743,2023-08-12T14:43:36.698Z
1,"Exotic Orchard",voc,"Crimson Vow Commander",173,nonfoil,€0.17,rare,103e7314-d7ca-4be0-b21a-d249602d4502
1,"Exotic Orchard",c21,"Commander 2021",288,nonfoil,€0.26,rare,b45cbc0e-3f5c-4f27-9463-3cffb0f63e3c
2,"Tangle Golem",dst,"Darksteel",151,nonfoil,€0.10,common,e9915977-bd6b-477a-a495-f7ddbbeb82eb
1,"Solemn Simulacrum",brc,"The Brothers' War Commander",161,nonfoil,€0.57,rare,aa1afaaa-70d5-434a-994d-cc341c8b8e29,2023-02-01T09:34:31.455Z
1,"Solemn Simulacrum",mrd,"Mirrodin",245,nonfoil,€0.98,rare,00f9955f-a522-47bf-b064-92dd21a76b18
1,"Sleight of Hand",7ed,"Seventh Edition",98,nonfoil,€0.49,common,181fff80-4dea-47ee-a020-d8dc9ea7acdf
2,"Sleight of Hand",9ed,"Ninth Edition",99,nonfoil,€0.22,common,d1b72631-d537-46e1-b9b3-618fba8a4c46
1,"Rebbec, Architect of Ascension",cmr,"Commander Legends",42,nonfoil,€0.14,uncommon,46975250-950f-4f5d-a7c5-f61aec8e40ad
1,"Agate-Blade Assassin",blb,"Bloomburrow",82,nonfoil,€0.07,common,39ebb84a-1c52-4b07-9bd0-b360523b3a5b,2024-12-25T09:52:55.711Z
2,"Needlebug",mrd,"Mirrodin",217,nonfoil,€0.04,uncommon,d54fbd8a-1e2a-450e-98f2-26bbc9e9ac79
1,"Abolish",ddf,"Duel Decks: Elspeth vs. Tezzeret",29,nonfoil,€0.28,uncommon,842e7e6a-c89a-463d-a6e8-743a953c827c
1,"Talisman of Progress",mrd,"Mirrodin",256,nonfoil,€0.78,uncommon,41ff849e-2439-4690-8aa4-769039b6da4c,2024-04-25T08:33:19.208Z
4,"Maggot Carrier",pls,"Planeshift",45,nonfoil,€0.22,common,ab2c3dc4-bb49-4ec3-a6c8-4256d1939326
1,"Brainstorm",2xm,"Double Masters",44,nonfoil,€1.45,common,baeb0421-b7af-44cd-a7f6-7daaa3dcaa38
1,"Wild Growth",ice,"Ice Age",277,nonfoil,€0.50,common,f8047ab9-a0fc-4933-bcbc-e761aa0f622b
1,"Raven Guild Initiate",scg,"Scourge",46,nonfoil,€0.06,common,c1e11f70-06c3-4dc5-aafe-82d65080085e
2,"Deathcurse Ogre",chk,"Champions of Kamigawa",109,nonfoil,€0.05,common,62bd3c73-fff4-40e8-b9db-80a010a4dd37
1,"Thousand-Faced Shadow",neo,"Kamigawa: Neon Dynasty",86,foil,€2.08,rare,89a698a5-f4ac-4b04-96dc-32e1eeef6ac7,2022-05-09T20:14:22.505Z
1,"Dread Return",tsp,"Time Spiral",104,nonfoil,€0.51,uncommon,d7e304fc-0ace-459e-8d2f-376f1899639c
1,"Dread Return",tsp,"Time Spiral",104,nonfoil,€0.51,uncommon,d7e304fc-0ace-459e-8d2f-376f1899639c
1,"Dread Return",tsp,"Time Spiral",104,nonfoil,€0.51,uncommon,d7e304fc-0ace-459e-8d2f-376f1899639c
1,"Leaf Gilder",lrw,"Lorwyn",227,nonfoil,€0.08,common,3aaff934-cc79-4a01-a4be-3c4936605e4e
1,"Traveler's Amulet",isd,"Innistrad",234,nonfoil,€0.11,common,a5b0afa7-e9f9-4751-af36-d85343fabc26
1,"Trapmaker's Snare",zen,"Zendikar",74,nonfoil,€0.05,uncommon,9cbc98ab-9f8a-41ed-b368-22f1f4ae594b
1,"Blinding Souleater",nph,"New Phyrexia",131,nonfoil,€0.09,common,2220e9dd-f1d8-4a69-9df9-1322e4a5cdc7
1,"Raise the Palisade",ltc,"Tales of Middle-earth Commander",23,nonfoil,€16.95,rare,7966eb7a-0ef7-470f-9769-0d5f45f0395b,2023-08-12T14:30:17.021Z
1,"Donal, Herald of Wings",voc,"Crimson Vow Commander",3,foil,€0.36,mythic,70cf8d2b-5220-4fe9-b39d-6700f0b27cca
1,"Orcish Oriflamme",7ed,"Seventh Edition",206,nonfoil,€0.08,uncommon,45467389-980b-4eaf-9b4b-38fefb307a7c
1,"Arcbound Mouser",mh2,"Modern Horizons 2",3,foil,€0.29,common,9d66e724-49ee-4f08-a160-584350de1d95
2,"Scroll of Avacyn",avr,"Avacyn Restored",220,nonfoil,€0.07,common,871e6e2a-7e45-446b-b964-94377eb6ca92
1,"Vedalken Plotter",gpt,"Guildpact",41,nonfoil,€0.39,uncommon,a886154e-1b49-471c-9432-cf44a3b3c9f4
1,"Noggle Hedge-Mage",eve,"Eventide",108,foil,€0.61,uncommon,497e1713-dd2d-4f25-8c8c-0c515eec7040
1,"Noggle Hedge-Mage",eve,"Eventide",108,nonfoil,€0.16,uncommon,497e1713-dd2d-4f25-8c8c-0c515eec7040
3,"Assert Authority",mrd,"Mirrodin",30,nonfoil,€0.33,uncommon,fc339ed7-e1d4-4fe9-a4c4-b030d3e74c00
1,"Karador, Ghost Chieftain",cmd,"Commander 2011",207,nonfoil,€0.73,mythic,c7eb0144-34f8-43e1-95fe-f2ca62d88e5d
1,"Plague Beetle",9ed,"Ninth Edition",154,nonfoil,€0.03,common,d16fc87c-ec62-4b62-9fb1-0fa5a73d1640
1,"Plague Beetle",8ed,"Eighth Edition",154,nonfoil,€0.07,common,a1476320-efed-433c-adad-cda2d2a3997f
2,"Lifted by Clouds",chk,"Champions of Kamigawa",73,nonfoil,€0.06,common,a5f08f3d-82ef-4c3f-af2d-a3c834e22b99
1,"Fungal Sprouting",m13,"Magic 2013",173,foil,€6.04,uncommon,97413ae3-037e-4786-85a3-e92604acd771
2,"Desperate Ritual",chk,"Champions of Kamigawa",163,nonfoil,€1.13,common,c8bdb92a-7bdb-434b-8cc0-873969faf566
3,"Crawling Filth",bok,"Betrayers of Kamigawa",64,nonfoil,€0.05,common,9c735bda-5454-4177-a23a-f9f00b7480d2
1,"Bathe in Light",rav,"Ravnica: City of Guilds",2,nonfoil,€0.14,uncommon,a7bd976e-56c7-482e-8d2f-073b0b589274
1,"Veteran of the Depths",lrw,"Lorwyn",46,nonfoil,€0.18,uncommon,c36fe821-e9b1-453d-8e44-f8dce111a6de
1,"Ravenform",khm,"Kaldheim",72,nonfoil,€0.15,common,2c2cfcd7-b43a-4dad-a033-e661f55ceecd
1,"Torch Drake",gpt,"Guildpact",38,nonfoil,€0.03,common,0beff896-df7a-42b3-aaca-0b9ca1b8cf0c
1,"Ore Gorger",chk,"Champions of Kamigawa",182,nonfoil,€0.07,uncommon,ecc8bbb9-d6a1-474b-8f34-594b5a9d4178
1,"Goblin Caves",drk,"The Dark",64,nonfoil,€0.86,common,c6a415b0-00a2-4a65-8994-4a395c50ae2d,2024-04-23T17:06:47.881Z
2,"Surveilling Sprite",rav,"Ravnica: City of Guilds",67,nonfoil,€0.05,common,aec114de-bee9-4a4a-826c-82a836b4bda1
1,"Infernal Grasp",mid,"Innistrad: Midnight Hunt",107,nonfoil,€0.45,uncommon,17824929-f131-4b8d-addb-66c25323155e
1,"Tamiyo's Journal",psoi,"Shadows over Innistrad Promos",265s†,nonfoil,€0.00,rare,f644fa1d-9d53-4620-8d22-7d3ed5c4ec2a
1,"Retract",dst,"Darksteel",32,nonfoil,€1.29,rare,4e09a443-0a00-458a-b351-8cb188e9218c,2022-05-09T20:25:14.974Z
1,"Willbender",c19,"Commander 2019",102,nonfoil,€0.14,uncommon,6e6a3551-250c-4563-8c30-6d8f49e6429f
1,"Willbender",lgn,"Legions",58,nonfoil,€0.17,uncommon,fb33b35b-33c9-4d59-9ed6-7ad40ea82cb0
1,"Crushing Vines",dka,"Dark Ascension",110,nonfoil,€0.04,common,c59b3653-5a50-48f2-bcf1-ab305ef30902
1,"Celeborn the Wise",ltr,"The Lord of the Rings: Tales of Middle-earth",156,nonfoil,€0.08,uncommon,2daf449a-5f3e-44fd-968e-55d8517ae797,2023-08-12T14:57:44.005Z
1,"Balduvian Barbarians",7ed,"Seventh Edition",173,nonfoil,€0.08,common,e2507e14-96d1-40e6-9379-4d4749d74e1d
1,"Boggart Shenanigans",lrw,"Lorwyn",155,nonfoil,€0.99,uncommon,1b3c0ea9-270d-4738-9462-7f48fecb4bf4,2022-05-09T20:29:52.964Z
1,"Glittering Frost",khm,"Kaldheim",171,nonfoil,€0.07,common,c60fbc33-6198-4661-967e-cc94f2788e4a
2,"Takeno's Cavalry",bok,"Betrayers of Kamigawa",24,nonfoil,€0.06,common,0cf9cd2e-5cf6-4959-abf2-56b686b636a3
1,"Otherworldly Gaze",mid,"Innistrad: Midnight Hunt",67,nonfoil,€0.31,common,9cebee20-869e-45ed-9ddc-843faf4032ad
1,"Jiang Yanggu, Wildcrafter",war,"War of the Spark",164,nonfoil,€0.21,uncommon,10e0d47d-b13c-4d48-881f-8aaa347ef209,2022-05-09T20:10:43.390Z
1,"Kataki, War's Wage",sok,"Saviors of Kamigawa",14,nonfoil,€1.34,rare,a5c99ac4-6551-4cc2-9a70-6e66b259b2a2,2024-04-25T08:34:35.374Z
1,"Funeral Pyre",jud,"Judgment",10,nonfoil,€0.15,common,4d8542f6-ee34-42c6-acd5-07b0c7cc2f63
1,"Brown Ouphe",mrd,"Mirrodin",115,nonfoil,€0.06,uncommon,1d8779ec-0ebd-45a1-96c9-4b1146871ab7
1,"Voice of the Provinces",avr,"Avacyn Restored",40,nonfoil,€0.10,common,b785276b-3778-49f3-b46f-a1f3d91db097
3,"Murder",m13,"Magic 2013",101,nonfoil,€0.12,common,c8676f02-cf1e-4d40-a0c5-6e5a97417898
1,"Exclude",inv,"Invasion",56,nonfoil,€0.37,common,aeb359c8-209c-455f-84b2-970e5678a9fa
1,"Marrow Shards",nph,"New Phyrexia",15,nonfoil,€0.31,uncommon,53ca60ee-e54b-4a28-b6a6-7bf3503c35b4
2,"Goblin King",8ed,"Eighth Edition",190,nonfoil,€2.12,rare,c5448159-0516-4f35-a212-c3e1efa84c71
3,"Kodama of the Center Tree",bok,"Betrayers of Kamigawa",131,nonfoil,€0.21,rare,6b9264c5-1ecd-48cc-a12d-d4bd8050cfae
1,"Nightwhorl Hermit",blb,"Bloomburrow",62,nonfoil,€0.06,common,0928e04f-2568-41e8-b603-7a25cf5f94d0,2024-09-21T15:10:44.992Z
2,"Samurai Enforcers",chk,"Champions of Kamigawa",42,nonfoil,€0.07,uncommon,8b2be3fe-87a2-47b2-8af1-b99a48622c7b
1,"Festival of the Guildpact",rav,"Ravnica: City of Guilds",17,nonfoil,€0.05,uncommon,d15fc49c-07a9-4e55-a977-24f7b7c2df1a
1,"Reap and Sow",dst,"Darksteel",81,nonfoil,€0.18,common,ff6c4ae7-8509-47a2-bc28-d131b1e6676c
1,"Corpsejack Menace",prtr,"Return to Ravnica Promos",152★,foil,€1.51,rare,b519f1ed-0411-4c85-a266-3c4f2895000a,2022-05-09T20:28:43.468Z
1,"Hammerfist Giant",rav,"Ravnica: City of Guilds",130,nonfoil,€0.29,rare,446f946d-9715-466e-b322-905995d28107
1,"Saltblast",ddf,"Duel Decks: Elspeth vs. Tezzeret",30,nonfoil,€0.08,uncommon,3d1ca98e-f016-4831-955d-3f106f109695
1,"Broodhatch Nantuko",ons,"Onslaught",250,nonfoil,€0.18,uncommon,38315ba3-57a0-4aa0-b1bc-4b1fcdd763d4
1,"Unholy Strength",9ed,"Ninth Edition",168,nonfoil,€0.07,common,3ecf0be7-abf8-4681-bb7d-280a7dc5f761
1,"Tidewater Minion",rav,"Ravnica: City of Guilds",71,nonfoil,€0.05,common,67ffa68f-cc21-41c8-ad3d-d6b60a4ccd36
1,"Panharmonicon",pip,"Fallout",485,nonfoil,€4.84,rare,e8eff48e-6a3d-4c30-ba14-c6ccbc765ce0,2024-04-19T21:27:56.476Z
1,"Mesa Falcon",5ed,"Fifth Edition",46,nonfoil,€0.05,common,bfd27e15-688b-43aa-9d2a-8cd35e960a9d
1,"Seismic Spike",rav,"Ravnica: City of Guilds",141,nonfoil,€0.16,common,b9caddbe-1329-4ac2-9071-6fc5059d4dec
1,"Witch's Oven",eld,"Throne of Eldraine",237,nonfoil,€0.81,uncommon,04ef8493-d986-45f8-a718-617b028f7ad4
1,"Boros Recruit",rav,"Ravnica: City of Guilds",243,nonfoil,€0.11,common,5af01330-05c2-4c5b-9830-2886711b2b5d
3,"Goblin Taskmaster",ons,"Onslaught",210,nonfoil,€0.11,common,feff65ca-aedf-4434-b701-590d600d1a0b
1,"Dark Confidant",rav,"Ravnica: City of Guilds",81,nonfoil,€5.52,rare,94f7a441-bf2d-46fb-a7b6-9bd6137f86d9
1,"Consume Spirit",m10,"Magic 2010",89,nonfoil,€0.13,uncommon,5db2f958-947b-4b52-a5cd-e8f8b5576803
1,"Consume Spirit",9ed,"Ninth Edition",119,nonfoil,€0.11,uncommon,ebe04e55-14b1-4d45-b265-68efdefb1c19
1,"Consume Spirit",mrd,"Mirrodin",60,nonfoil,€0.06,common,f375a49c-806a-4d8b-9513-6b4afc19497b
1,"Bloodsky Berserker",khm,"Kaldheim",80,nonfoil,€0.13,uncommon,a6308a53-de07-4ed9-80a1-3579843466c2
1,"Castle Ardenvale",eld,"Throne of Eldraine",238,nonfoil,€0.40,rare,7f910495-8bd7-4134-a281-c16fd666d5cc,2024-04-23T17:11:50.230Z
3,"Fill with Fright",5dn,"Fifth Dawn",50,nonfoil,€0.03,common,e682bbd3-9f52-452d-b886-a6a8def35f27
2,"Desecrator Hag",eve,"Eventide",119,nonfoil,€0.09,common,74d2e092-c805-447c-b784-1896b69524e0
1,"Serum Tank",mrd,"Mirrodin",240,nonfoil,€0.06,uncommon,126ec055-1a7d-426b-a87f-c85c60aa7fc3
1,"Time Sieve",arb,"Alara Reborn",31,nonfoil,€4.05,rare,c620e565-f5e1-467c-a1d1-8d05228b2f37
1,"Smoldering Marsh",voc,"Crimson Vow Commander",183,nonfoil,€0.45,rare,c2cf99ba-19c4-4f03-901b-69b754b6c48a
1,"Spurred Wolverine",ons,"Onslaught",237,nonfoil,€0.03,common,46d7aaea-226b-4820-8db2-89dcdcbcc557
1,"Squash",khm,"Kaldheim",152,nonfoil,€0.07,common,e0b99299-bf84-4654-a331-e4406768b33c
3,"Fa'adiyah Seer",plc,"Planar Chaos",146,nonfoil,€0.05,common,6a9985e8-535d-4815-8a58-a98c3edb68d4
1,"Martyr's Bond",cmd,"Commander 2011",19,nonfoil,€1.03,rare,2ff99e85-bfb7-4c8c-a8e1-3b0618ffe479,2023-02-01T09:29:03.186Z
1,"Fungal Infection",dom,"Dominaria",94,nonfoil,€0.15,common,a3f6baa5-666d-40b0-82e8-b0df10ff3cdd,2022-05-09T20:03:28.057Z
1,"Elvish Pioneer",8ed,"Eighth Edition",243,nonfoil,€0.10,common,88244522-1cf3-40a6-9ff7-bb78f2151b60
1,"Elvish Pioneer",ons,"Onslaught",257,nonfoil,€0.26,common,7e71fc2d-643b-4fad-89a8-624d330895d6
1,"Everflowing Chalice",2xm,"Double Masters",254,nonfoil,€0.23,common,9cd8112f-21e0-4272-9f0d-14d1ef989779
1,"Everflowing Chalice",wwk,"Worldwake",123,nonfoil,€0.37,uncommon,1fdcc0c3-4029-4fc3-a486-5d7f45c910bd
1,"Ash Barrens",ltc,"Tales of Middle-earth Commander",295,nonfoil,€0.15,uncommon,d38dade6-1b83-4a7e-a424-f605a3d83de9,2023-08-12T14:52:33.915Z
1,"Ash Barrens",c19,"Commander 2019",227,nonfoil,€0.27,common,d78e34c2-6a1e-4559-9b3f-ac45d330d515
1,"Ogre Taskmaster",8ed,"Eighth Edition",205,nonfoil,€0.04,uncommon,1765dee9-ab94-4ca5-9cd7-cf8e228fdd68
1,"Specter's Shroud",dst,"Darksteel",142,nonfoil,€0.17,uncommon,9a6d2e20-3887-4996-adbe-304dff27dea6
1,"Glimpse the Cosmos",khm,"Kaldheim",60,nonfoil,€0.15,uncommon,dc96ebe8-f4b3-4788-a6f5-2a50b6c0d935
1,"Raffine's Guidance",snc,"Streets of New Capenna",25,nonfoil,€0.11,common,f36e25fa-9ab4-4832-afb9-827c4b6ba732,2022-05-02T18:54:19.479Z
1,"Thopter Squadron",exo,"Exodus",140,nonfoil,€0.69,rare,d3ac2d30-7c9a-40b3-812e-e77e49229f48
2,"Battlefield Medic",ons,"Onslaught",9,nonfoil,€0.06,common,9c444503-42a8-4952-819b-bbca89b06abc
2,"Siege Wurm",rav,"Ravnica: City of Guilds",183,nonfoil,€0.03,common,ae199825-563e-4837-a6d2-7b009b93cd4d
2,"Castigate",gpt,"Guildpact",106,nonfoil,€0.10,common,112c47e4-5ff8-4ea0-ac14-956e4b94119a
1,"Bone Saw",con,"Conflux",135,nonfoil,€0.10,common,a3bf79d6-4b4a-4fdd-a831-36eff2523661
1,"Clearwater Goblet",5dn,"Fifth Dawn",109,nonfoil,€0.38,rare,5458c041-dde0-4df7-82bb-ada36a482c53
3,"Cenn's Tactician",mor,"Morningtide",5,nonfoil,€0.18,uncommon,d998c949-4791-477f-ab8d-e625199623ad
1,"Pacifism",mir,"Mirage",32,nonfoil,€0.08,common,c891df1b-bae6-4d6d-85ee-42901c149f98
1,"Pacifism",8ed,"Eighth Edition",33,nonfoil,€0.09,common,9b8a9d48-ca39-4275-ba1e-f584a3b647df
1,"Pacifism",ons,"Onslaught",47,nonfoil,€0.11,common,ee262fde-8df1-431f-9e5c-0cafe9212b49
2,"Pacifism",m13,"Magic 2013",24,nonfoil,€0.05,common,f442e3b2-9d65-40c4-a3b9-8cb821980d80
1,"Root Elemental",scg,"Scourge",127,nonfoil,€0.20,rare,5161968e-b757-45b8-826f-98415291024d,2022-05-09T20:11:55.509Z
1,"Toski, Bearer of Secrets",khm,"Kaldheim",197,foil,€5.37,rare,f9e79b59-94c8-4697-bf88-f0a0433170f5
1,"Deconstruct",mrd,"Mirrodin",118,nonfoil,€0.12,common,53face79-d2bf-43dd-aa4e-d724c2b68c49
4,"Ronin Houndmaster",chk,"Champions of Kamigawa",184,nonfoil,€0.12,common,614ead7b-1975-4a99-bdc2-f8afc6cf92d7
1,"Twilight Drover",rav,"Ravnica: City of Guilds",33,nonfoil,€0.40,rare,bbc33bb6-d71c-45f9-9030-bdef3d40a08a
1,"Twilight Drover",voc,"Crimson Vow Commander",100,nonfoil,€0.18,rare,ef2bb440-87b7-4d3d-9b37-2f1ebaca4b3f
1,"Isolated Chapel",isd,"Innistrad",242,nonfoil,€1.64,rare,b3c1a371-5ded-4a3a-bf96-503c4f1a665d
1,"Talisman of Impulse",mrd,"Mirrodin",254,nonfoil,€0.42,uncommon,a00b65f7-70d0-4bbd-ac13-be24cc3374ee,2022-10-06T10:56:58.097Z
1,"Trading Post",plst,"The List",CM2-225,nonfoil,€0.26,rare,ac9eb758-bdcd-4e26-84c1-6dd9522c50ff,2022-05-02T18:38:27.055Z
1,"Ghostly Prison",voc,"Crimson Vow Commander",87,nonfoil,€3.87,uncommon,8169d44d-b15a-47e0-b417-24f2f4945d0f
1,"Scorn Effigy",khm,"Kaldheim",246,nonfoil,€0.02,common,4fa13084-3e68-49f4-8cc9-6d02286fd150
1,"Keldon Firebombers",pcy,"Prophecy",94,nonfoil,€1.64,rare,d3fc78b5-c259-4c67-810c-99655e72c2da
1,"Murder Investigation",ori,"Magic Origins",27,nonfoil,€0.11,uncommon,07d8d6f7-ed22-4e01-9aeb-c6bc0065c89c,2023-02-01T09:33:00.120Z
1,"Avacyn's Collar",dka,"Dark Ascension",145,nonfoil,€0.15,uncommon,972e9a78-204b-4012-b394-b40fd0edac4c,2023-02-01T09:32:43.004Z
1,"Chain Reaction",wwk,"Worldwake",74,nonfoil,€0.48,rare,614b9df9-c959-4bdb-91c0-75ae60b724e4
1,"Salvage Slasher",con,"Conflux",52,nonfoil,€0.09,common,095b0fd1-7445-4dba-bb90-ddd5f5ee8573
1,"Hobgoblin Dragoon",eve,"Eventide",142,nonfoil,€0.13,common,090223a1-2644-4b81-a9f5-d15ca6df5229
1,"Callow Jushi // Jaraku the Interloper",bok,"Betrayers of Kamigawa",31,nonfoil,€0.17,uncommon,ca03131a-9bd4-4fba-b95c-90f1831e86e7
1,"Nightmare Lash",mrd,"Mirrodin",219,nonfoil,€0.94,rare,7f8e3fa6-494c-412f-90cc-36d45cd2b175
2,"Goblin Spelunkers",rav,"Ravnica: City of Guilds",128,nonfoil,€0.06,common,6c3889c5-3321-486c-b03c-8607f2393a75
1,"Eidolon of Rhetoric",jou,"Journey into Nyx",10,nonfoil,€0.77,uncommon,c3bc8b9e-4d22-41ba-b593-d383fd301ef9,2024-04-19T21:33:36.556Z
3,"Torrent of Stone",bok,"Betrayers of Kamigawa",119,nonfoil,€0.04,common,716ae2ca-800a-4cc0-8cb1-fe8d6495306f
1,"Spitfire Handler",ons,"Onslaught",236,nonfoil,€0.12,uncommon,efe72820-952f-4c53-9ee7-ea7ea54fc848
1,"Swell of Courage",ddf,"Duel Decks: Elspeth vs. Tezzeret",31,nonfoil,€0.04,uncommon,0fddb694-d863-4364-9bf9-650d7be3b471
2,"Back to Nature",m11,"Magic 2011",164,nonfoil,€0.32,uncommon,e7af9ebf-8935-4107-aacd-4c643b68cb6e
1,"Blanchwood Armor",9ed,"Ninth Edition",232,nonfoil,€0.06,uncommon,22e558f1-74ef-4d16-8135-2a8dc0c58fe9
1,"Ondu Cleric",zen,"Zendikar",30,nonfoil,€0.30,common,ced43447-fefc-482a-b8fa-33b9616aa532
2,"Giant Spider",m11,"Magic 2011",179,nonfoil,€0.03,common,cdf40263-603b-46f4-9808-065bbec5c2f6
1,"Seaside Haven",ons,"Onslaught",323,nonfoil,€0.26,uncommon,9c940a6b-3c5e-4ce2-92b6-63e2cb575c15
1,"Spikeshot Goblin",mrd,"Mirrodin",108,nonfoil,€0.07,common,147c826a-b664-4afa-ae7f-284ddce80861
1,"Chaotic Backlash",eve,"Eventide",49,nonfoil,€0.11,uncommon,c1f96c71-e585-4c99-b054-e53ab12b392c
1,"Call to Mind",m11,"Magic 2011",47,nonfoil,€0.20,uncommon,a7f570b1-e221-468c-a809-a79a56a51ced
1,"Fire // Ice",apc,"Apocalypse",128,nonfoil,€1.76,uncommon,f98f4538-5b5b-475d-b98f-49d01dae6f04
1,"Dizzy Spell",rav,"Ravnica: City of Guilds",43,nonfoil,€0.33,common,6e0db10d-fb6d-44df-9ff2-6f1e0e8f8209
1,"Liliana's Shade",m13,"Magic 2013",98,nonfoil,€0.10,common,1cf0c01d-a4a0-43fb-970d-e428e9ac63d7
1,"Price of Fame",grn,"Guilds of Ravnica",83,nonfoil,€0.09,uncommon,61b52152-0f7c-4466-9e49-033477028f67,2022-05-09T20:03:18.899Z
1,"Midnight Reaper",pgrn,"Guilds of Ravnica Promos",77p,nonfoil,€0.33,rare,18481e53-2c54-465a-8f01-bbca50bd9197,2022-10-06T10:56:58.119Z
1,"Selesnya Sagittars",rav,"Ravnica: City of Guilds",229,nonfoil,€0.14,uncommon,9a72e933-d977-4be9-985f-8b8cf1267f8c
1,"Goblin Battle Jester",m13,"Magic 2013",135,nonfoil,€0.06,common,c13e56b0-becc-4bc2-9ba3-23b3ca8bfe58
1,"Wing Snare",8ed,"Eighth Edition",288,nonfoil,€0.04,uncommon,eb5beaf0-21ca-4539-8773-8a9430af74b0
1,"Groffskithur",mrd,"Mirrodin",121,foil,€0.24,common,75e84098-c15c-40f4-9d8a-3fa5da26a268
1,"Vivien, Nature's Avenger",m20,"Core Set 2020",298,foil,€1.79,mythic,f7ead409-3bce-47c8-ace7-498c38522369
1,"Moonstone Harbinger",blb,"Bloomburrow",101,nonfoil,€0.17,uncommon,59e4aa8d-1d06-48db-b205-aa2f1392bbcb,2024-09-21T15:12:14.833Z
1,"Train of Thought",gpt,"Guildpact",39,nonfoil,€0.10,common,e98f5890-a494-4609-acae-f9e9bacd991d
1,"Raise the Draugr",khm,"Kaldheim",105,nonfoil,€0.07,common,1a67c196-632c-4c7b-a132-de07d894e634
1,"Dreadship Reef",tsp,"Time Spiral",271,nonfoil,€0.23,uncommon,b4a83915-07b7-4912-bdf2-089b05796378
1,"Tyvar Kell",khm,"Kaldheim",198,nonfoil,€2.86,mythic,8d18008f-10d2-4cdf-b4b5-7675782a8b0d
1,"Tempered Steel",som,"Scars of Mirrodin",24,nonfoil,€1.08,rare,6661b39d-505a-48f4-bc06-59084c6a3b0c,2024-04-23T17:13:53.227Z
1,"Warhost's Frenzy",dmu,"Dominaria United",151,nonfoil,€0.12,uncommon,a83d571b-ad91-43f5-8498-115cede4867d,2022-10-08T09:59:16.703Z
1,"Riptide Entrancer",ons,"Onslaught",108,nonfoil,€1.15,rare,2cd9abc9-f289-4294-bc0f-4addc8b92a4e,2022-05-09T20:13:12.215Z
1,"Gut Shot",nph,"New Phyrexia",86,nonfoil,€4.69,uncommon,a54a2a30-b96a-49c7-9151-1f4b0d4a4413
2,"Act of Treason",m10,"Magic 2010",124,nonfoil,€0.10,uncommon,8b63bee5-d8e5-4c2f-8514-8c86d025f7c9
1,"Act of Treason",m11,"Magic 2011",121,nonfoil,€0.11,common,6a64b7c8-d417-4162-8c27-5d3b16f2f381
1,"Swords to Plowshares",voc,"Crimson Vow Commander",99,nonfoil,€1.04,uncommon,06d67c87-ae38-4b84-98da-818e451a727f
1,"Swords to Plowshares",dmr,"Dominaria Remastered",31,nonfoil,€0.93,uncommon,7d839f21-68c7-47db-8407-ff3e2c3e13b4,2024-04-19T21:22:56.526Z
1,"Ghoulcaller's Chant",isd,"Innistrad",101,nonfoil,€0.36,common,2b8c1b10-2155-404a-8f20-eb8f643849d6
1,"Dalkovan Packbeasts",tdm,"Tarkir: Dragonstorm",7,nonfoil,€0.13,uncommon,4df7b253-6107-47d6-b650-cb4d3e0aec6b,2025-12-24T12:17:53.413Z
1,"Highland Forest",khm,"Kaldheim",261,nonfoil,€0.31,common,682eee5f-7986-45d3-910f-407303fdbcc4
1,"Tribal Golem",ons,"Onslaught",311,nonfoil,€0.19,rare,6e208be1-8b24-4048-90b2-6389f08043d1
4,"Apostle's Blessing",nph,"New Phyrexia",2,nonfoil,€0.58,common,9f7c3571-925d-486e-80dd-bac47aa48283
1,"Millicent, Restless Revenant",ovoc,"Crimson Vow Commander Display Commanders",1,foil,€0.00,mythic,fb911c45-9f6a-4cf2-aa1e-4361cf170c17
1,"Millicent, Restless Revenant",voc,"Crimson Vow Commander",1,foil,€0.32,mythic,2b86b538-0766-440d-a2cd-f5d5bfcfb010
2,"Commune with Nature",chk,"Champions of Kamigawa",204,nonfoil,€0.12,common,ce0b706e-017d-4f82-b280-cf9fdf75aef8
1,"Skullcage",5dn,"Fifth Dawn",151,nonfoil,€0.13,uncommon,68f32bf4-e58b-42f9-8829-4c985dc94963
1,"Palace Guard",m11,"Magic 2011",24,nonfoil,€0.13,common,51e73c28-bf82-413e-bec2-adbb52fa6993
3,"Sphere of Purity",mrd,"Mirrodin",26,nonfoil,€0.06,common,392944d5-bff1-4125-86db-68d05682a430
1,"Animate Dead",4ed,"Fourth Edition",118,nonfoil,€6.56,uncommon,cc1dc456-1f64-4f24-a646-84c57e641b3b,2024-04-19T21:20:26.716Z
1,"Gluttonous Zombie",8ed,"Eighth Edition",136,nonfoil,€0.04,uncommon,4730915e-db5a-4a66-b570-aeaaa7c4ca3d
1,"Gluttonous Zombie",9ed,"Ninth Edition",134,nonfoil,€0.10,uncommon,7741c976-000d-476c-9b53-34ef1ee701e1
2,"Field of Reality",chk,"Champions of Kamigawa",60,nonfoil,€0.09,common,2ff7c6fc-324b-4cff-9109-6d817767865f
1,"Tower of Fortunes",mrd,"Mirrodin",267,nonfoil,€0.32,rare,433bab44-b644-4e77-a187-bd924d21e91f
2,"War Room",mkc,"Murders at Karlov Manor Commander",310,nonfoil,€4.27,rare,a824d5c0-cdd3-42e2-ac04-b8cada566163,2024-04-23T17:08:37.396Z
1,"Silas Renn, Seeker Adept",brc,"The Brothers' War Commander",129,nonfoil,€0.54,mythic,79b50fc8-9658-4837-ade8-2f34d12d3cc7,2024-04-19T21:26:30.727Z
1,"Grave Betrayal",rtr,"Return to Ravnica",67,nonfoil,€1.73,rare,47b38c68-8e72-4afc-bb5e-0b40880fdda9
1,"Redeem the Lost",mor,"Morningtide",21,nonfoil,€0.10,uncommon,6a0f1aa1-b5be-43f0-822d-c4fcf33270d9
1,"Dragon Fangs",scg,"Scourge",117,nonfoil,€0.13,common,9754f52f-8937-4402-8956-2c18b520898a
1,"Judge of Currents",lrw,"Lorwyn",22,nonfoil,€0.20,common,3073f3f5-bff8-4ec1-a68f-c83d63435843
1,"Inscription of Abundance",ltc,"Tales of Middle-earth Commander",251,nonfoil,€0.27,rare,94b8203a-cd49-4542-a5fa-c0c2f627b309,2023-08-12T14:40:55.535Z
1,"Revoke Existence",som,"Scars of Mirrodin",18,nonfoil,€0.19,common,18ae62f9-361c-4849-b0af-2b08fc0421c8
1,"Pistus Strike",mbs,"Mirrodin Besieged",86,nonfoil,€0.12,common,1a2918d6-50f7-4bc1-aef2-930a5c84be8d
1,"Koma's Faithful",khm,"Kaldheim",102,nonfoil,€0.02,common,af0f1a90-af64-4122-9c1a-954edf8fa240
4,"Soratami Cloudskater",chk,"Champions of Kamigawa",86,nonfoil,€0.19,common,5e3d3024-bef2-4b50-ab84-8ae2a23cdf27
1,"Alchemist's Retrieval",vow,"Innistrad: Crimson Vow",47,nonfoil,€0.09,common,edbf9d4f-6027-40b8-81c1-7f001a9119dd
2,"Sylvok Explorer",5dn,"Fifth Dawn",93,nonfoil,€0.07,common,3ed328af-bc0d-4a9d-a9ee-bc0196a2afaf
2,"Qumulox",5dn,"Fifth Dawn",35,nonfoil,€0.03,uncommon,54102e68-dded-440c-b9b1-28771c8033d4
1,"Weed Strangle",lrw,"Lorwyn",147,nonfoil,€0.14,common,c1f7fb79-19a8-483a-bf91-e687f7da4e9c
1,"Emry, Lurker of the Loch",peld,"Throne of Eldraine Promos",43s,foil,€4.41,rare,8e196e5d-7e53-4f87-9528-1bdcaec6fec9
1,"Bounding Wolf",mid,"Innistrad: Midnight Hunt",170,nonfoil,€0.07,common,74e22ed6-9d39-4feb-8c64-64cdd8313816,2024-04-19T21:39:09.925Z
2,"Ravenous Rats",m13,"Magic 2013",106,nonfoil,€0.14,common,0642111c-f668-4acb-9df5-f0b920352407
2,"Ravenous Rats",9ed,"Ninth Edition",157,nonfoil,€0.11,common,a7b09e94-9504-444c-b002-7418962bf0f9
2,"Ravenous Rats",8ed,"Eighth Edition",158,nonfoil,€0.13,common,0ee0ece8-2598-40d4-a222-27e3b34c01a1
2,"Giant Badger",8ed,"Eighth Edition",253,nonfoil,€0.02,common,10e9dd66-8580-4c96-9ab9-cc392dc6ee74
1,"Hurloon Minotaur",4ed,"Fourth Edition",202,nonfoil,€0.05,common,5c2c27de-e788-4ad7-b1e3-030e7ef00471
1,"Shattered Dreams",5dn,"Fifth Dawn",59,nonfoil,€0.14,uncommon,1eb957bd-99e4-431e-b163-c25e9b7850d9
1,"Take Out the Trash",blb,"Bloomburrow",156,nonfoil,€0.06,common,7a1c6f00-af4c-4d35-b682-6c0e759df9a5,2024-09-21T15:10:18.589Z
1,"Opt",m21,"Core Set 2021",59,nonfoil,€0.18,common,323db259-d35e-467d-9a46-4adcb2fc107c
1,"Opt",ltc,"Tales of Middle-earth Commander",194,nonfoil,€0.02,common,50ee44a3-09b5-491a-ba51-609756020a31,2023-08-12T14:58:26.238Z
2,"Oxidda Golem",dst,"Darksteel",135,nonfoil,€0.06,common,4624fff2-e78f-4c13-a444-7e50586cb0b3
3,"Treefolk",tltc,"Tales of Middle-earth Commander Tokens",13,nonfoil,€0.00,common,bf661b43-53eb-4e51-8152-420f6d8c925f,2023-08-12T14:54:42.744Z
1,"Spineless Thug",9ed,"Ninth Edition",165,nonfoil,€0.03,common,39e11c98-e19f-4b38-acda-504d291c7f42
1,"Wojek Embermage",rav,"Ravnica: City of Guilds",152,nonfoil,€0.09,uncommon,e1614866-fb0b-47bd-ab26-5c20ff175d10
1,"Nightwing Shade",m11,"Magic 2011",109,nonfoil,€0.03,common,ba6232c3-f840-450a-8583-540aec0f17ed
1,"Provoke the Trolls",khm,"Kaldheim",144,nonfoil,€0.03,uncommon,2727b05a-0c86-4c59-b7b4-425bdd8e775d
1,"Narrow Escape",zen,"Zendikar",27,nonfoil,€0.04,common,2c9942a2-11d2-403b-89c6-35c23ac9e9da
2,"Treetop Scout",scg,"Scourge",130,nonfoil,€0.15,common,2fa39646-a609-4b37-b8de-97893ae43c49
1,"Tree of Tales",mrd,"Mirrodin",285,nonfoil,€0.65,common,94db07aa-43d3-41b5-924e-60f1756b9c69
1,"Gods' Hall Guardian",khm,"Kaldheim",13,nonfoil,€0.08,common,e8e645c8-90ac-4865-b441-e64251d6c9a8
1,"Eternal Witness",5dn,"Fifth Dawn",86,nonfoil,€1.03,uncommon,c7e10ca7-1e5d-4224-82cf-798a4d436d72,2024-04-19T21:32:51.385Z
1,"Norwood Ranger",9ed,"Ninth Edition",260,nonfoil,€0.02,common,4ebf3a7c-e065-468b-a73c-6f986cde3a3d
1,"Karn's Bastion",war,"War of the Spark",248,nonfoil,€1.61,rare,b9d895af-7e8c-419f-bc5d-5596083fbfb6
1,"Goblin Dynamo",lgn,"Legions",97,nonfoil,€0.20,uncommon,9462cb4e-a38c-4a41-bad2-4ea3b22b0edb
1,"Bazaar Krovod",rtr,"Return to Ravnica",7,nonfoil,€0.06,uncommon,b07bb2fe-3a9b-47d0-864b-99a662d9544b
1,"Vesuvan Shapeshifter",c19,"Commander 2019",101,nonfoil,€0.15,rare,1fe9eaf6-8f48-4b97-a6f8-a22a63225ed6
1,"Song of Eärendil",ltc,"Tales of Middle-earth Commander",69,nonfoil,€0.48,rare,325bb6b7-6d19-48b5-82dd-2759d4fc3144,2023-08-12T14:34:31.585Z
1,"Syr Konrad, the Grim",eld,"Throne of Eldraine",107,nonfoil,€0.49,uncommon,a808868f-aea8-4651-9357-85a4d7b4f290
1,"Orochi Ranger",chk,"Champions of Kamigawa",235,nonfoil,€0.05,common,e8dc216f-4447-4370-b31a-18304507669b
1,"Toils of Night and Day",bok,"Betrayers of Kamigawa",57,nonfoil,€0.08,common,0881f8bf-5c28-4f54-9080-9612790ffa83
1,"Talrand's Invocation",m13,"Magic 2013",73,nonfoil,€0.20,uncommon,c2cd809c-557a-42a5-950b-56b5b47b325b
1,"Torch Fiend",dka,"Dark Ascension",106,nonfoil,€0.12,common,d596feee-6ccc-4648-884b-ed2eeb1cffc0
1,"Ior Ruin Expedition",zen,"Zendikar",49,nonfoil,€0.08,common,2acdba29-3a09-42d4-bce2-ce615c36bb3c
1,"Mirkwood Elk",ltc,"Tales of Middle-earth Commander",41,nonfoil,€0.18,rare,1cf84c03-a131-451b-99ee-64330c1f2e26,2023-08-12T14:32:03.401Z
1,"Brothers Yamazaki",chk,"Champions of Kamigawa",160b,nonfoil,€0.32,uncommon,7d854a02-661c-4071-9a92-a97a3ad607b3
1,"Brothers Yamazaki",chk,"Champions of Kamigawa",160a,nonfoil,€0.18,uncommon,acef8c94-469b-4a76-b507-25b51f2501ab
2,"Call to Glory",chk,"Champions of Kamigawa",4,nonfoil,€0.22,common,758fcfe4-0347-4ac6-8e29-f945cb1d7295
1,"Invert the Skies",eve,"Eventide",155,nonfoil,€0.15,uncommon,d6d0a6f9-478f-43c7-8591-3b601c12ed01
2,"Seraph Sanctuary",avr,"Avacyn Restored",228,nonfoil,€1.75,common,f903b04a-2733-4ce7-9d83-9db8d5e1e10d
1,"Field of Ruin",ltc,"Tales of Middle-earth Commander",308,nonfoil,€0.24,uncommon,8d9d6a9d-18a3-4cc8-8276-29fb826ed1fa,2023-08-12T14:49:42.308Z
1,"Golgari Germination",rav,"Ravnica: City of Guilds",209,nonfoil,€0.48,uncommon,24a1db16-d936-4f92-9611-327a988ce04c
1,"Elderleaf Mentor",khm,"Kaldheim",165,nonfoil,€0.12,common,5e8bded3-46c3-474f-9d09-978df8705ad1
2,"Nightguard Patrol",rav,"Ravnica: City of Guilds",26,nonfoil,€0.03,common,20377fbf-70c0-441b-b2e3-62ed26aaab4a
1,"Myr Matrix",dst,"Darksteel",132,nonfoil,€2.06,rare,4a1af62e-d566-4f39-a467-244602c9240b
1,"Raise Dead",9ed,"Ninth Edition",156,nonfoil,€0.04,common,e768e82c-82d8-4869-9284-7a9ec9d90967
1,"Raise Dead",8ed,"Eighth Edition",157,nonfoil,€0.04,common,cc29ec6b-555e-4472-8bd4-d7e898edabce
4,"Raise Dead",7ed,"Seventh Edition",157,nonfoil,€0.10,common,929cdbb4-d8b3-4e01-918c-2f46d74bb455
1,"Skirk Fire Marshal",ons,"Onslaught",229,nonfoil,€0.88,rare,b71117d0-5cf7-4041-b568-00bd8a975dd8
1,"Scavenging Scarab",dst,"Darksteel",51,nonfoil,€0.04,common,023603c1-3f1e-42d1-81e1-535547ef6ee0
2,"Sage Aven",9ed,"Ninth Edition",95,foil,€0.00,common,af71e998-0ce3-4533-84cd-91cc6f288986
2,"Sage Aven",ons,"Onslaught",111,nonfoil,€0.06,common,4c03afc5-7ca3-4ac6-a06e-091e2cce13a0
1,"Energy Chamber",5dn,"Fifth Dawn",117,nonfoil,€0.57,uncommon,4e6a6ad6-77a5-4dec-922f-1cd6780c8671
3,"Traproot Kami",bok,"Betrayers of Kamigawa",147,nonfoil,€0.22,common,ce65aabe-5fd8-4b62-b13c-12e4bb91aacb
1,"Shipwreck Marsh",pmid,"Innistrad: Midnight Hunt Promos",267p,nonfoil,€3.44,rare,602f0fff-f424-4bca-90e6-2228c8a7b76f,2022-09-26T17:24:30.786Z
1,"Ogre Recluse",bok,"Betrayers of Kamigawa",113,nonfoil,€0.09,uncommon,aa425203-71fc-4d19-8014-871d16b11bfd
1,"Clarion Spirit",khm,"Kaldheim",6,nonfoil,€0.10,uncommon,86a4c348-1012-4339-960a-c7bc7fd84fbb
1,"Perennation",tdm,"Tarkir: Dragonstorm",368,nonfoil,€0.68,mythic,5596f0c7-8007-4136-bab0-58a9cd852a6e,2025-12-24T12:20:17.356Z
1,"Kodama of the South Tree",chk,"Champions of Kamigawa",223,nonfoil,€0.42,rare,120c05f1-5ec3-4a0f-8628-6919e393104a
1,"Training Drone",mbs,"Mirrodin Besieged",142,nonfoil,€0.05,common,8b7e986f-5b28-46d2-8ec2-ee719b07dbfd
1,"Flooded Grove",ltc,"Tales of Middle-earth Commander",309,nonfoil,€0.44,rare,f10457be-4f02-48c0-bec7-93687c8763ea,2023-08-12T14:45:38.912Z
1,"Goblin War Paint",zen,"Zendikar",129,nonfoil,€0.12,common,4388e57e-0c87-4d66-a862-58261d76c5ac
1,"Fearless Pup",khm,"Kaldheim",136,nonfoil,€0.06,common,0eba2250-0e9b-46fd-a4b5-23f30329e063
1,"Contagion Engine",som,"Scars of Mirrodin",145,nonfoil,€7.61,rare,dce72636-08e4-484e-ad81-4d1597a31ffb,2022-10-06T10:56:58.104Z
1,"Karmic Guide",mh2,"Modern Horizons 2",263,nonfoil,€0.54,rare,915b4638-b1ec-4045-80e6-f05fb1e2a87c
1,"Karmic Guide",voc,"Crimson Vow Commander",90,nonfoil,€0.40,rare,f550f0dd-9e20-4faf-a374-9d1c5830a52f
1,"Legolas Greenleaf",ltc,"Tales of Middle-earth Commander",40,nonfoil,€1.10,rare,130237e7-6f45-4b92-b49d-12f10db29bb8,2023-08-12T14:31:38.803Z
1,"Skyhunter Skirmisher",5dn,"Fifth Dawn",16,nonfoil,€0.24,uncommon,975d0549-e6b6-456b-8693-227591e4db91
1,"Draugr Necromancer",khm,"Kaldheim",86,nonfoil,€0.29,rare,76d8e0ff-e720-41ca-af69-35585a2d7ae2
1,"Willow Geist",mid,"Innistrad: Midnight Hunt",207,nonfoil,€0.22,rare,1c40c71c-4cdc-4a28-8ea3-4636c936f8aa,2022-10-20T10:54:24.544Z
1,"Roots of Wisdom",khm,"Kaldheim",190,nonfoil,€0.11,common,734afb5b-3163-47fa-856f-8a85b9da22d3
1,"Lurrus of the Dream-Den",iko,"Ikoria: Lair of Behemoths",226,nonfoil,€1.18,rare,5ad36fb2-c44e-4085-ba0d-54277841ad3a,2022-10-06T10:56:58.120Z
1,"Whetwheel",fut,"Future Sight",168,nonfoil,€0.23,rare,dc6040b6-cf02-4f7e-a275-177c3a6415aa,2022-05-09T20:24:20.855Z
1,"Krosan Restorer",tor,"Torment",130,nonfoil,€0.19,common,06f9f54d-b8c7-407d-bc25-dad4db833208
1,"Primal Whisperer",lgn,"Legions",135,nonfoil,€0.45,rare,c777432f-7965-4ad8-8d53-93919ae767d4,2022-05-09T20:19:56.050Z
1,"Crosstown Courier",rtr,"Return to Ravnica",34,nonfoil,€0.04,common,8c8875a3-9f56-4947-9655-aa5d95f06de0
3,"Viridian Acolyte",dst,"Darksteel",89,nonfoil,€0.06,common,64448241-978c-43e0-b0ea-b4bb3e25b715
1,"Join Forces",dmu,"Dominaria United",21,nonfoil,€0.06,uncommon,e4dce5e7-c864-4239-bab7-af6a3adcb731,2022-10-08T09:58:24.419Z
1,"Karona's Zealot",scg,"Scourge",18,nonfoil,€0.16,uncommon,914a1200-b77c-4a2c-96c6-7cc624ee9a6a
1,"Sisay, Weatherlight Captain",mh1,"Modern Horizons",29,nonfoil,€1.57,rare,5a293c45-1e73-4527-be2f-2dcd5c47b610
1,"Urza's Mine",atq,"Antiquities",83b,nonfoil,€13.25,uncommon,27886da1-9161-4bed-81b5-06da21a25f91
1,"Barbed Lightning",dst,"Darksteel",55,nonfoil,€0.10,common,2509482a-68d8-4e94-9d1e-5b069ebdc2e4
1,"Mosswort Bridge",c20,"Commander 2020",291,nonfoil,€0.35,rare,7f3a9d35-39c9-4f9d-adab-2291db1a3b40
1,"Tainted Wood",tor,"Torment",143,nonfoil,€1.06,uncommon,a20a35cc-69e5-42b8-b28c-ae5147451150
5,"Dimir Signet",rav,"Ravnica: City of Guilds",260,nonfoil,€0.53,common,9a9a1df5-a4e8-49a4-aebe-ca93894ccfcf
1,"Shining Shoal",bok,"Betrayers of Kamigawa",21,nonfoil,€1.37,rare,78ca16f8-336a-444b-9f78-e97a3f20a3bc
1,"Venser's Journal",som,"Scars of Mirrodin",220,nonfoil,€5.34,rare,2763643d-5b53-49d0-bc3d-5626bf00f3f4,2022-05-09T20:08:52.997Z
1,"Seething Song",mrd,"Mirrodin",104,nonfoil,€2.60,common,9213d580-7953-455f-abbe-99d3db2705cf
1,"Seething Song",9ed,"Ninth Edition",216,nonfoil,€1.73,common,10418027-7b05-49e7-8ff4-6a03e3fb656b
1,"Spire of Industry",pip,"Fallout",293,foil,€1.30,rare,cdda2ce8-23d1-4814-8e81-d6cf40f75a13,2024-04-19T21:29:31.789Z
1,"Brinebarrow Intruder",khm,"Kaldheim",49,nonfoil,€0.18,common,89960a74-9e17-4e30-874a-4286dd4c917d
1,"Starved Rusalka",gpt,"Guildpact",97,nonfoil,€0.08,uncommon,25b4aec5-0a7d-4b1c-8819-ea675d415eac
1,"Savra, Queen of the Golgari",rav,"Ravnica: City of Guilds",225,nonfoil,€0.56,rare,15accf35-a174-4ba5-a633-cc46da848dbe
1,"Bind the Monster",khm,"Kaldheim",48,nonfoil,€0.23,common,080be8d1-e453-4250-b917-f0eb26644895
1,"Fodder Cannon",8ed,"Eighth Edition",302,nonfoil,€0.03,uncommon,bde003e6-d674-42cd-9537-91928730e7dd
1,"Out of the Way",snc,"Streets of New Capenna",52,foil,€0.08,uncommon,2201ade5-8add-49f2-8045-ae351aaf061c,2022-05-02T18:51:43.411Z
4,"Vampire Interloper",isd,"Innistrad",123,nonfoil,€0.14,common,48105c2e-ee36-4117-b56b-3440298da995
3,"Grazing Kelpie",eve,"Eventide",153,nonfoil,€0.22,common,68ccef2d-9a1f-4011-89e1-911bcc109b9d
1,"Stone Rain",7ed,"Seventh Edition",221,nonfoil,€0.12,common,24b70f97-441c-41ae-ab10-22ddd7bff28d
2,"Stone Rain",8ed,"Eighth Edition",225,nonfoil,€0.09,common,61bf7f43-c8db-417e-8600-3124f5fab097
3,"Stone Rain",9ed,"Ninth Edition",221,nonfoil,€0.08,common,d2334c10-fa96-4f8e-8187-c7ecc00cbac8
1,"Stone Rain",chk,"Champions of Kamigawa",191,nonfoil,€0.24,common,46ac6701-f522-4ded-89bb-d8cce7fa2b40,2022-05-09T20:25:51.718Z
3,"Akki Blizzard-Herder",bok,"Betrayers of Kamigawa",91,nonfoil,€0.14,common,7ce1ee90-67d1-4e83-ae1e-3bd71069aae4
4,"Boros Signet",rav,"Ravnica: City of Guilds",255,nonfoil,€0.38,common,1bae1f86-4639-4424-b47b-fdc826bf6e97
2,"Caregiver",rav,"Ravnica: City of Guilds",6,nonfoil,€0.07,common,0c33d3fe-cdd3-4829-8f10-6611f063983b
1,"Reviving Vapors",inv,"Invasion",265,nonfoil,€0.16,uncommon,47a23c32-e122-400b-b252-e636ea2e684b
1,"Woodlurker Mimic",eve,"Eventide",130,nonfoil,€0.09,common,d86dd5a9-4793-4ca2-b94d-4333781b1468
1,"Mentor of the Meek",voc,"Crimson Vow Commander",93,nonfoil,€0.26,rare,688f726b-f8c2-4a87-8aa9-0ad2ba912be3
2,"Consuming Vortex",chk,"Champions of Kamigawa",54,nonfoil,€0.09,common,493ee99c-74ca-4d78-ade2-c6a93b0bd4fd
1,"Grinding Station",5dn,"Fifth Dawn",127,nonfoil,€4.13,uncommon,df1df511-b52c-45cd-9503-ffce4271a802
1,"Flash Conscription",rav,"Ravnica: City of Guilds",124,nonfoil,€0.08,uncommon,52361237-a653-4470-9ed5-c531c040c686
1,"Blinding Powder",bok,"Betrayers of Kamigawa",153,nonfoil,€0.27,uncommon,f097fbb8-0db5-4ceb-8972-dcd21b3fb4d5
1,"Despark",c20,"Commander 2020",209,nonfoil,€0.30,uncommon,4a8bb7d9-14d3-41e3-8721-4a9036468dfc
1,"Temporal Adept",9ed,"Ninth Edition",102,nonfoil,€0.28,rare,0ff2dfe6-dbc0-46c3-9d5c-9f0ba6f511ec
1,"Emancipation Angel",avr,"Avacyn Restored",19,nonfoil,€0.18,uncommon,7a4bc00e-28ca-4152-b832-f36425d2b615
1,"Sparksmith",ons,"Onslaught",235,nonfoil,€0.17,common,15a4460d-3fe8-4b1f-9990-0a19c3345367
1,"Reconnaissance Mission",voc,"Crimson Vow Commander",111,nonfoil,€1.53,uncommon,b2364119-d764-4ef1-86cf-a0b7a5ae1b38
1,"Veteran Armorer",rav,"Ravnica: City of Guilds",34,foil,€0.37,common,151a455f-c364-4600-a5f8-98da86aabc48
1,"Veteran Armorer",rav,"Ravnica: City of Guilds",34,nonfoil,€0.15,common,151a455f-c364-4600-a5f8-98da86aabc48
2,"Overblaze",bok,"Betrayers of Kamigawa",114,nonfoil,€0.21,uncommon,97040b82-ad9e-4c06-a9ac-74d0688279f9
1,"Lingering Death",scg,"Scourge",69,nonfoil,€0.07,common,f174fd76-f28d-4272-8cb0-7f66cd60579e
1,"Ronin Cavekeeper",sok,"Saviors of Kamigawa",111,nonfoil,€0.12,common,3c532e5a-01f4-4258-ba48-99257cc577d4
2,"Bird",tltc,"Tales of Middle-earth Commander Tokens",6,nonfoil,€0.00,common,c813d283-c996-4f85-afaa-7702414a1197,2023-08-12T14:55:39.877Z
2,"Mournful Zombie",apc,"Apocalypse",43,nonfoil,€0.15,common,9ba12fb1-de8c-46c6-b33f-e0580ed2a3ee
1,"Chancellor of the Forge",nph,"New Phyrexia",81,nonfoil,€0.97,rare,dd3520a7-a55f-4c00-b4f1-c1c154adfc8f
1,"Venerable Monk",8ed,"Eighth Edition",55,nonfoil,€0.03,common,bb78fad6-71d8-49a2-8e32-34675aaec796
1,"Venerable Monk",9ed,"Ninth Edition",51,nonfoil,€0.03,common,c8c70b89-9b06-42fe-ba63-99f70642eaf4
1,"Springjack Shepherd",eve,"Eventide",15,nonfoil,€0.34,uncommon,e25991e3-4b83-4521-ab2b-c11b1fa9d0bd
1,"Kumano, Master Yamabushi",chk,"Champions of Kamigawa",176,nonfoil,€0.25,rare,f93870f9-343f-43e7-8ae8-e7aaa56aacca
4,"Smoke Shroud",mh1,"Modern Horizons",69,nonfoil,€0.17,common,e07c876e-ae1c-4b54-8d8a-9f3fd76ca64c
1,"Angel's Feather",m12,"Magic 2012",202,nonfoil,€0.20,uncommon,3992dc7c-61c0-4d5f-9c32-8febfad4ef6d,2024-04-19T21:36:28.901Z
1,"Angel's Feather",dst,"Darksteel",92,nonfoil,€0.14,uncommon,4a11d101-2e82-42d5-b4a1-8f0c520441ab
1,"The Ring // The Ring Tempts You",tltr,"Tales of Middle-earth Tokens",H13,nonfoil,€0.00,common,7215460e-8c06-47d0-94e5-d1832d0218af,2023-08-12T14:55:52.492Z
1,"Scaretiller",c19,"Commander 2019",57,nonfoil,€0.18,common,7729fb41-3025-4e7b-8cf3-003fdc10300b
1,"Citizen",tsnc,"Streets of New Capenna Tokens",12,nonfoil,€0.00,common,3f03e9fe-cb71-498e-bf16-5af6af37a192,2022-05-02T18:55:49.625Z
1,"Consumptive Goo",scg,"Scourge",62,nonfoil,€0.21,rare,0f0f549f-6607-483a-9d89-2019ca9ef571
1,"Rushed Rebirth",stx,"Strixhaven: School of Mages",228,nonfoil,€0.40,rare,07b7c952-5ab7-4546-8369-4d213bf868bf,2022-10-20T10:53:13.515Z
1,"Radagast, Wizard of Wilds",ltc,"Tales of Middle-earth Commander",66,nonfoil,€0.40,rare,9573ee62-4fdf-4fca-90e2-10a7d8161764,2023-08-12T14:33:52.069Z
1,"Jade Idol",chk,"Champions of Kamigawa",256,nonfoil,€0.08,uncommon,a58f63c5-cdc5-4079-a727-cff45668d546
1,"Puppeteer",8ed,"Eighth Edition",94,nonfoil,€0.15,uncommon,aeab5d7d-2f44-4372-8884-a5c847c92f92
1,"Heroic Intervention",ltc,"Tales of Middle-earth Commander",249,nonfoil,€12.27,rare,4377b09d-08e8-4150-bb84-4a9c00c7af82,2023-08-12T14:40:04.333Z
1,"Dragon Tyrant",scg,"Scourge",88,nonfoil,€1.11,rare,04d1a29b-af80-4f9a-881b-ef7374ecbce1
1,"Temple of Mystery",pm20,"Core Set 2020 Promos",255p,foil,€0.82,rare,8fab40ac-a7eb-414a-bdd0-ca6da2e0fc08,2022-05-09T20:18:16.426Z
1,"Kodama of the North Tree",chk,"Champions of Kamigawa",222,nonfoil,€0.31,rare,2d9b5c33-63c4-4ddd-9f04-37bb36970b43
1,"Douse in Gloom",gpt,"Guildpact",49,nonfoil,€0.03,common,50a4fe4d-460d-4143-9a8e-14e16b211722
1,"Hornet Cannon",sth,"Stronghold",136,nonfoil,€0.12,uncommon,51e9afeb-4d27-441c-b379-3dfe974053b8
6,"Mistblade Shinobi",bok,"Betrayers of Kamigawa",43,nonfoil,€0.72,common,5c06f58f-0419-4637-8060-4a93670a4c68
4,"Minamo Sightbender",bok,"Betrayers of Kamigawa",41,nonfoil,€0.05,uncommon,93382c5e-082e-4a51-a3ec-b659cb503747
1,"Archon of the Triumvirate",prtr,"Return to Ravnica Promos",142★,foil,€0.31,rare,07baef91-d7fd-4890-8c00-62f1a416dc76
1,"Archon of the Triumvirate",rtr,"Return to Ravnica",142,nonfoil,€0.10,rare,bf91d847-4a87-4a65-8d6d-e20d538c5cec
1,"Talisman of Unity",mrd,"Mirrodin",257,nonfoil,€0.45,uncommon,d6cc8a5a-b98b-4758-a168-bf2ef738fb05,2022-05-09T20:15:36.043Z
1,"Sprouting Vines",scg,"Scourge",128,nonfoil,€0.14,common,3a3246a6-b604-4f9f-adb9-3692e0fa8638
1,"Drain the Well",eve,"Eventide",121,nonfoil,€0.11,common,28ebd1f5-55ee-48c9-a8df-85c8c4bf3473
1,"Fyndhorn Elves",cmr,"Commander Legends",228,nonfoil,€2.15,common,450744cf-7eba-491b-97b0-ca80c6368bbb
1,"Silumgar Assassin",c19,"Commander 2019",128,nonfoil,€0.26,rare,818034cf-8b55-4c9b-b265-b08c23fb0aef
2,"Grim Affliction",nph,"New Phyrexia",63,nonfoil,€0.37,common,9d5c8ba8-d9f4-440c-8e0b-93699df6343e
1,"Search Warrant",rtr,"Return to Ravnica",193,nonfoil,€0.27,common,d55f625a-6e9e-40ba-ae46-cf6bafc0a41b
1,"Genesis Wave",ltc,"Tales of Middle-earth Commander",245,nonfoil,€0.31,rare,546c3b8d-6218-4786-bf16-22c6d3718361,2023-08-12T14:39:49.234Z
1,"Darksteel Pendant",dst,"Darksteel",113,nonfoil,€0.10,common,9c1bac5f-c41a-49f0-94b0-79653b6fa67a
1,"Phantom Ninja",mh1,"Modern Horizons",62,nonfoil,€0.14,common,a392b557-e809-4371-92d7-6e93caed4f1b,2022-05-09T20:16:43.007Z
1,"Divination",m13,"Magic 2013",47,nonfoil,€0.02,common,a3c573ab-9013-4c2b-a039-ce5b20dba264
1,"Soul Reap",eve,"Eventide",44,nonfoil,€0.23,common,e2a129e2-bed5-4ee7-b223-851452f72682
1,"Elven Bow",khm,"Kaldheim",166,nonfoil,€0.03,uncommon,34c599c7-bcc1-4005-b830-1fa4811af66e
1,"Nightshade Stinger",lrw,"Lorwyn",132,nonfoil,€0.17,common,aa341824-bf3a-49ce-a8a0-ee53f537d626
1,"Slippery Bogle",eve,"Eventide",160,nonfoil,€1.37,common,19714d6c-2bfa-4ee0-aa2f-5ccc196bc5d8
1,"Nebelgast Herald",voc,"Crimson Vow Commander",109,nonfoil,€0.09,uncommon,2b972aca-b24b-4628-aef9-95dec6546b0a
1,"Blinding Mage",m11,"Magic 2011",8,nonfoil,€0.06,common,2468c21b-d041-4e26-91cf-d53850e2a57e
1,"Throat Slitter",bok,"Betrayers of Kamigawa",88,nonfoil,€1.14,uncommon,c4dcfdb4-c2ff-4fc5-aa2a-0c6e311d2910,2022-10-06T10:56:58.099Z
1,"Barrel Down Sokenzan",sok,"Saviors of Kamigawa",94,nonfoil,€0.04,common,02c52e00-ad17-42aa-9f5f-38fb52dad5ea
2,"Shred Memory",rav,"Ravnica: City of Guilds",105,nonfoil,€0.47,common,e38192e5-814f-4269-bae8-13867a73e7fa
1,"Living Airship",apc,"Apocalypse",28,nonfoil,€0.05,common,b0441eef-392e-4af4-b189-2f1fb8bf3fca
1,"Mistvault Bridge",mh2,"Modern Horizons 2",249,nonfoil,€0.32,common,9f36a6e2-3e51-4a30-a225-10cfe6650b9d,2024-04-19T21:29:13.102Z
1,"Mausoleum Wanderer",emn,"Eldritch Moon",69,nonfoil,€0.67,rare,42391fa7-6172-487c-b8aa-d41ab7c64973
3,"Minamo's Meddling",bok,"Betrayers of Kamigawa",42,nonfoil,€0.03,common,502c4aca-98f8-4c7d-89fd-ee42c938fac7
1,"Opaline Bracers",5dn,"Fifth Dawn",141,nonfoil,€0.11,common,3ae84edd-1294-4722-89d1-84d9f336871c
1,"Meticulous Artisan",tdm,"Tarkir: Dragonstorm",112,nonfoil,€0.04,common,baf4c9dd-0546-41ac-a7ba-0bc312fef31e,2025-12-24T12:17:08.187Z
1,"Tranquil Thicket",ltc,"Tales of Middle-earth Commander",341,nonfoil,€0.15,uncommon,c5988fba-e870-4eb7-8469-01dff0c93d3f,2023-08-12T14:50:11.742Z
1,"Feed the Swarm",znr,"Zendikar Rising",102,nonfoil,€0.26,common,f6b2eba7-862a-4efd-9f65-065fb2070855
1,"Corpseberry Cultivator",blb,"Bloomburrow",210,nonfoil,€0.05,common,c911a759-ed7b-452b-88a3-663478357610,2024-09-21T15:12:26.123Z
1,"Ridgeline Rager",8ed,"Eighth Edition",215,nonfoil,€0.02,common,43d9c248-2360-4fdc-9a0f-49d350c11e95
1,"Unwinding Clock",nph,"New Phyrexia",164,nonfoil,€12.94,rare,495d520b-7560-4ecb-ae62-143eeec5682f,2022-10-06T10:56:58.105Z
1,"Gift of Doom",c19,"Commander 2019",17,nonfoil,€4.44,rare,ad6e1ba7-047b-41a3-8ab4-17a5c5476749
1,"Smash",rav,"Ravnica: City of Guilds",143,foil,€0.18,common,692b1487-7752-4c40-ba91-09ef67016032
3,"Smash",rav,"Ravnica: City of Guilds",143,nonfoil,€0.07,common,692b1487-7752-4c40-ba91-09ef67016032
4,"Slash Panther",nph,"New Phyrexia",96,nonfoil,€0.06,common,2f510946-34de-4c12-8998-f61887d1a0e1
1,"Occult Epiphany",voc,"Crimson Vow Commander",14,nonfoil,€1.52,rare,6920c895-bc98-4871-a53f-219fa27a74e5
1,"Marionette Master",kld,"Kaladesh",90,nonfoil,€1.40,rare,358a87a3-c76e-4c7d-ac84-464894ed9a31
2,"Martyred Rusalka",gpt,"Guildpact",12,nonfoil,€0.11,uncommon,81d7ad75-1fa9-4683-b0d0-737368de3796
1,"Aven Warcraft",jud,"Judgment",2,nonfoil,€0.23,uncommon,1fd5d21a-b151-4fea-ac0d-6659af131bf9
3,"Smoldering Butcher",eve,"Eventide",42,nonfoil,€0.10,common,7f764936-fceb-4a3d-ac32-15397d7ce664
1,"Smoldering Butcher",eve,"Eventide",42,foil,€0.30,common,7f764936-fceb-4a3d-ac32-15397d7ce664
1,"Knight of Dusk's Shadow",dmu,"Dominaria United",96,nonfoil,€0.16,uncommon,33dfd2fe-e0e0-465c-b730-a30e6f5c271c,2022-10-20T10:50:52.680Z
1,"Kokusho, the Evening Star",chk,"Champions of Kamigawa",122,nonfoil,€14.07,rare,63dc0698-e92f-4134-80e4-5cc37b80e37c
1,"Tundra Kavu",apc,"Apocalypse",71,nonfoil,€0.04,common,fc34e735-ac3c-4954-a4c8-3ed55d811715
2,"Akki Underminer",chk,"Champions of Kamigawa",155,nonfoil,€0.09,uncommon,efdd1e22-d68d-4858-b253-80071d26d50e
1,"Loxodon Anchorite",5dn,"Fifth Dawn",10,nonfoil,€0.07,common,a55f0113-3ced-49c7-9fa8-f1cc873bdc4c
2,"Nettle Sentinel",eve,"Eventide",71,nonfoil,€0.37,common,f9f21681-fd36-4106-8395-3153599a08a6
1,"Battle Hymn",avr,"Avacyn Restored",128,nonfoil,€2.28,common,43b5d46e-7054-44f8-9a14-b412f2f0ab86,2024-04-23T17:10:40.105Z
1,"Echo Tracer",lgn,"Legions",37,nonfoil,€0.16,common,63390760-35a7-4b4c-8c68-5c84f90d0c58
1,"Bounty of the Luxa",c19,"Commander 2019",189,nonfoil,€0.14,rare,921b65f2-dd91-41a4-990c-0886712f1e1a
1,"Plague Boiler",rav,"Ravnica: City of Guilds",269,nonfoil,€0.21,rare,889bab2c-d383-4a04-9f93-d507ba1973d9
2,"Dead Weight",isd,"Innistrad",96,nonfoil,€0.06,common,7933987e-7b8c-4d5a-804a-708d6bb6d231
1,"Blightwidow",mbs,"Mirrodin Besieged",77,nonfoil,€0.18,common,26da4278-ba44-4555-8837-e24627b46533
1,"Joint Exploration",dmu,"Dominaria United",56,nonfoil,€0.27,uncommon,b25ab334-1060-457e-b212-3d7a697c545e,2022-10-08T09:57:37.520Z
1,"Golem-Skin Gauntlets",mrd,"Mirrodin",181,nonfoil,€0.14,uncommon,a9519f2a-e98d-4f84-885c-24a9849a996d
1,"Confound",pls,"Planeshift",22,nonfoil,€0.40,common,4f3b7d39-ce98-48e2-b2bf-0d55b4d3102b
2,"Lone Wolf",8ed,"Eighth Edition",262,nonfoil,€0.09,common,309d32e9-c9b0-46bb-8d99-1ddd2e34a60b
3,"Loam Dweller",bok,"Betrayers of Kamigawa",134,nonfoil,€0.20,uncommon,4f635b35-48c8-43e8-9d74-c01d3c0c74e1
2,"Flickerform",rav,"Ravnica: City of Guilds",18,nonfoil,€0.70,rare,6165de5d-57f0-419b-95a1-02bd53e5a0c5
4,"Mist-Syndicate Naga",mh1,"Modern Horizons",58,nonfoil,€2.75,rare,65c8f074-e260-4f8e-85d1-1904ca928b51
1,"Deal Gone Bad",snc,"Streets of New Capenna",74,nonfoil,€0.04,common,3359f13d-9946-49fa-b621-28b1ea714e55,2022-05-02T18:54:31.947Z
1,"Aggressive Mammoth",m20,"Core Set 2020",337,nonfoil,€0.42,rare,4e68b3bd-996e-4383-b134-f529bcb768de
1,"Talas Lookout",dmu,"Dominaria United",68,nonfoil,€0.05,common,0a4b9afe-aeb7-4c56-8a22-96e19a7a938c,2022-10-08T09:56:47.403Z
2,"Irradiate",mrd,"Mirrodin",67,nonfoil,€0.06,common,7e0460cf-ff87-4cf8-89b5-a8b9fb7322e0
1,"Sundering Vitae",rav,"Ravnica: City of Guilds",185,nonfoil,€0.10,common,1ab15b40-c5c8-4d77-a4c0-982b6bf94267
1,"Scuttlemutt",m20,"Core Set 2020",238,nonfoil,€0.18,uncommon,39f2d2e8-a9ed-42cc-9a8a-fc697a7251e5
2,"Immersturm Raider",khm,"Kaldheim",141,nonfoil,€0.04,common,77da4de2-4d34-40e5-8fc0-850aef05356b
2,"Skullclamp",dst,"Darksteel",140,nonfoil,€3.70,uncommon,55318397-de3c-47ea-a088-72a24df5c8fa
1,"Codex Shredder",rtr,"Return to Ravnica",228,nonfoil,€0.26,uncommon,8f7b632b-ee20-4082-8376-1dae53f91b70
1,"Forsaken Monument",znr,"Zendikar Rising",244,nonfoil,€2.51,mythic,33568871-dab0-4c09-b9f0-0ae78a46a06d,2024-04-23T17:15:13.509Z
1,"Voice of Many",c19,"Commander 2019",36,nonfoil,€0.17,uncommon,f82328e9-fb4b-4dc9-afd6-fa210e4330bf
2,"Clutch of Undeath",scg,"Scourge",61,nonfoil,€0.04,common,7301fdec-ca17-47ae-9a0a-84ea8665ece1
1,"Elvish Visionary",m13,"Magic 2013",169,nonfoil,€0.19,common,65ea2998-ed91-43b8-bd81-b01a6c24a5b0
1,"Elvish Visionary",ltc,"Tales of Middle-earth Commander",240,nonfoil,€0.18,common,b83c5d22-914b-430a-948f-f076b14c5cff,2023-08-12T15:00:29.450Z
2,"Stir the Grave",bok,"Betrayers of Kamigawa",85,nonfoil,€0.16,common,7287f68f-f2e2-4e6f-a772-29a629bb9ccd
1,"Skyknight Legionnaire",rav,"Ravnica: City of Guilds",232,foil,€0.20,common,d697ef7f-0e51-4bf1-b0f5-742325706d2a
1,"Skyknight Legionnaire",rav,"Ravnica: City of Guilds",232,nonfoil,€0.04,common,d697ef7f-0e51-4bf1-b0f5-742325706d2a
1,"Rejuvenating Springs",cmr,"Commander Legends",354,nonfoil,€5.77,rare,51e69910-0d90-48a0-af29-3cddaeec5151,2022-09-26T17:22:42.819Z
1,"Rejuvenating Springs",ltc,"Tales of Middle-earth Commander",325,nonfoil,€6.10,rare,c68876b6-5a30-4dea-af0a-53d30e6f8029,2023-08-12T14:46:50.178Z
2,"Nosy Goblin",ons,"Onslaught",220,nonfoil,€0.07,common,70ea023e-e66d-4049-b7bc-5e660804f088
1,"Whispersilk Cloak",ltc,"Tales of Middle-earth Commander",292,nonfoil,€1.86,uncommon,92b5bbfe-2e61-417b-9a75-fc39de57098c,2023-08-12T15:04:10.390Z
2,"Whispersilk Cloak",dst,"Darksteel",160,nonfoil,€1.01,common,ac4fdefd-8774-400d-bea6-4064d87383f1
3,"Wickerbough Elder",eve,"Eventide",80,nonfoil,€0.19,common,acc283b4-9106-4a32-88b4-000f2a3bed84
1,"Smashing Success",khm,"Kaldheim",151,nonfoil,€0.05,common,c22c7383-ba4d-4b3c-91d6-2d6528e19825
2,"Painwracker Oni",chk,"Champions of Kamigawa",136,nonfoil,€0.12,uncommon,1b371b32-7758-4dc9-b4c5-1d1df1f1826a
1,"Unearthly Blizzard",chk,"Champions of Kamigawa",196,nonfoil,€0.04,common,d034ad87-fd28-4c23-b897-1d6343ce8282
1,"Grisly Salvage",rtr,"Return to Ravnica",165,nonfoil,€0.23,common,dcb5eb2a-ae7a-4416-970c-6e9306689c88
1,"Sabretooth Tiger",8ed,"Eighth Edition",217,nonfoil,€0.03,common,c85964eb-c586-4e62-9a19-6a665e6ad98d
2,"Ichor Wellspring",brr,"The Brothers' War Retro Artifacts",21,nonfoil,€0.70,uncommon,12402dc0-8eae-46e7-a09e-d06ea1670179,2024-04-19T21:16:43.068Z
2,"Tel-Jilad Lifebreather",5dn,"Fifth Dawn",96,nonfoil,€0.05,common,ee58a5ef-68ec-48cf-bb7e-73bcbe86cc3c
1,"Elvish Warmaster",ltc,"Tales of Middle-earth Commander",241,nonfoil,€4.27,rare,551a3557-3d91-4198-afd2-d4d7a3dbe153,2023-08-12T14:39:23.303Z
1,"Kitsune Diviner",chk,"Champions of Kamigawa",26,nonfoil,€0.06,common,c50fb007-d1fd-4b61-91c3-4863e40472ed
2,"Karfell Kennel-Master",khm,"Kaldheim",101,nonfoil,€0.06,common,f670c380-6faa-42ec-ab41-6be8137169b2
1,"Contentious Plan",war,"War of the Spark",46,nonfoil,€0.29,common,8e30deb6-9e1f-4545-ae30-c30ba6c7b3a0
1,"Kuro's Taken",sok,"Saviors of Kamigawa",79,nonfoil,€0.16,common,1e301a46-f321-4fa6-a8c4-08dd4079a458
1,"Skirk Drill Sergeant",lgn,"Legions",112,nonfoil,€0.15,uncommon,359b2d1a-4027-46d9-b780-bcac8d60ecdb
1,"Nature's Claim",ima,"Iconic Masters",177,nonfoil,€0.61,common,d24b6640-ef2f-4c92-beb3-afdf78f9c2d5
1,"Mudbutton Torchrunner",lrw,"Lorwyn",185,nonfoil,€0.13,common,50575eab-6c23-4f63-9667-458416c5caa5
4,"Victim of Night",isd,"Innistrad",124,nonfoil,€0.20,common,ee4c6135-eee9-43ec-bbe8-76912352dcac
1,"Yukora, the Prisoner",bok,"Betrayers of Kamigawa",90,nonfoil,€0.36,rare,54aeca31-1175-4d2d-adc3-e3682d7e9e07
1,"Watercourser",m13,"Magic 2013",78,nonfoil,€0.02,common,a27c441a-b31d-4214-8fc5-054003e257dc
1,"Raccoon Rallier",blb,"Bloomburrow",148,nonfoil,€0.06,common,b5b5180f-5a1c-4df8-9019-195e65a50ce3,2024-12-25T09:54:17.436Z
2,"Horobi's Whisper",bok,"Betrayers of Kamigawa",70,nonfoil,€0.03,common,1aad5179-4b73-498e-85c5-1fc363d26223
5,"Screaming Fury",5dn,"Fifth Dawn",78,nonfoil,€0.08,common,7e8488b6-3785-4346-a81b-c28d355f9d25
2,"Withercrown",khm,"Kaldheim",119,nonfoil,€0.07,common,597fe119-64a7-4499-8b69-738af5a71a20
1,"Granite Shard",mrd,"Mirrodin",182,nonfoil,€0.07,uncommon,e197af6a-24ac-4f3b-ab3c-736f4057748b
3,"Child of Thorns",bok,"Betrayers of Kamigawa",123,nonfoil,€0.05,common,b32c342f-ee1a-461c-9082-d2f6d9412f54
1,"Wose Pathfinder",ltr,"The Lord of the Rings: Tales of Middle-earth",190,nonfoil,€0.03,common,6589b339-9067-4e9b-bfdb-c49f8b3ef2d4,2023-08-12T14:58:13.921Z
1,"Moonblade Shinobi",mh1,"Modern Horizons",59,nonfoil,€0.14,common,f4ab7f30-ca75-4656-9738-1d965f18a22d,2022-05-09T20:17:04.325Z
1,"Fallen Shinobi",ncc,"New Capenna Commander",338,nonfoil,€4.18,rare,ed9110d1-508f-4c87-a49e-6ec00039d924,2022-10-06T10:56:58.130Z
1,"Raven Guild Master",scg,"Scourge",47,nonfoil,€0.57,rare,9843f847-6a8f-4042-86b6-f7fe5a47cc57,2022-05-09T20:12:26.822Z
1,"Tribute to Hunger",isd,"Innistrad",119,foil,€0.62,uncommon,f77e0f88-2285-4b59-9165-9948c75d77a3
1,"Phyrexia's Core",nph,"New Phyrexia",165,nonfoil,€0.26,uncommon,db36c8e7-0c13-4f0d-9947-68cb0e9ea239,2022-10-06T10:56:58.105Z
1,"Prophet of Kruphix",ths,"Theros",199,nonfoil,€1.43,rare,45de923f-fdab-460c-96f4-f62aefa9ad73
1,"Urza's Ruinous Blast",dom,"Dominaria",39,nonfoil,€0.34,rare,57b50a96-6221-44f0-b54a-76076621047e
3,"Votary of the Conclave",rav,"Ravnica: City of Guilds",35,nonfoil,€0.02,common,9bb6f929-5a19-421b-ae88-9bbb7e64756c
1,"Kheru Spellsnatcher",c19,"Commander 2019",89,nonfoil,€0.15,rare,dd8ac93b-0658-4fc5-819c-77ba0260142e
1,"Burden of Guilt",dka,"Dark Ascension",4,nonfoil,€0.05,common,d7440288-6c55-4502-bf20-3c5b50a2de5a
1,"Ghost-Lit Raider",sok,"Saviors of Kamigawa",99,nonfoil,€0.05,uncommon,4280a08a-90fe-445e-b49d-1a3b13d3c6e9
1,"Heartstabber Mosquito",zen,"Zendikar",97,nonfoil,€0.05,common,1d20016d-2b5a-445e-a59b-5305e76f549c
5,"Hearth Kami",chk,"Champions of Kamigawa",171,nonfoil,€0.05,common,d7361289-5111-49c2-a786-b7181384596b
1,"Rundvelt Hordemaster",dmu,"Dominaria United",142,nonfoil,€2.16,rare,ffee9dbe-af90-4e19-844d-4df1180f24c4,2024-04-19T21:25:42.280Z
2,"Elf Replica",mrd,"Mirrodin",167,nonfoil,€0.04,common,b92cce55-22ee-40a7-bb94-4889093f142c
1,"Netherborn Phalanx",rav,"Ravnica: City of Guilds",99,nonfoil,€0.28,uncommon,b665e905-cb06-48b7-9f50-5916277e237d
2,"Kumano's Pupils",chk,"Champions of Kamigawa",177,nonfoil,€0.09,uncommon,c62b233e-95fe-4cfd-ad89-86e07656bf8b
3,"Clout of the Dominus",eve,"Eventide",99,nonfoil,€0.88,common,7c8ce6d6-014f-46c2-baf3-f250e9dc3085
1,"Masked Gorgon",jud,"Judgment",69,nonfoil,€0.38,rare,0d62728b-b834-4fa8-aed5-6348033ee69c
1,"Hagi Mob",khm,"Kaldheim",140,nonfoil,€0.02,common,d3b18cdb-bc17-42ae-bfb7-4eafce01cd39
1,"Orzhov Guildmage",gpt,"Guildpact",147,nonfoil,€0.12,uncommon,8e2ae5b4-2caf-4992-b2c2-64f00e9e567a
1,"Fog",m10,"Magic 2010",182,nonfoil,€0.12,common,d3c61926-3671-4d5b-8d60-0b946b44c7ec
4,"Fog",4ed,"Fourth Edition",244,nonfoil,€0.11,common,a1959de7-e945-438c-a90a-158e21c4d5bf
3,"Dryad's Caress",rav,"Ravnica: City of Guilds",160,nonfoil,€0.06,common,8cf707f2-1a62-458e-bcc8-8b1cd081f225
2,"Mortipede",rav,"Ravnica: City of Guilds",96,nonfoil,€0.04,common,94a8ae6e-51b1-4985-9d09-f9c3818df911
1,"Trail of Mystery",c19,"Commander 2019",186,nonfoil,€0.24,rare,396ba16d-4d8f-4610-a946-394d1e88a62e
1,"Pincer Spider",inv,"Invasion",201,nonfoil,€0.09,common,23271658-19ae-420d-beeb-4bed4fdbb891
1,"Relentless Skaabs",dka,"Dark Ascension",45,nonfoil,€0.04,uncommon,b3304cab-0dc9-47e4-ac68-00974b64f5a0
1,"Relic Bane",mrd,"Mirrodin",76,nonfoil,€0.07,uncommon,9cbafa51-693b-485c-807d-64020540f16a
1,"Belfry Spirit",gpt,"Guildpact",2,nonfoil,€0.13,uncommon,556e4e71-b149-49c8-8a22-83660bef57bb
1,"Dementia Bat",nph,"New Phyrexia",55,nonfoil,€0.03,common,72ae22c3-2dea-463e-894a-188657849909
1,"Howling Mine",9ed,"Ninth Edition",298,nonfoil,€2.03,rare,480f85b2-79bd-4f1c-a815-d101a678cf27
1,"Howling Mine",8ed,"Eighth Edition",303,nonfoil,€1.30,rare,661236e2-a414-4a08-b7f7-704f1a2952a8
1,"Peregrine Mask",rav,"Ravnica: City of Guilds",268,nonfoil,€0.12,uncommon,9196f43e-f905-4e83-8e47-9d8fd53a4c9f
1,"Elvish Archdruid",ltc,"Tales of Middle-earth Commander",237,nonfoil,€0.96,rare,34866dd8-661f-40c1-8eb1-b9445ec626ec,2023-08-12T14:38:06.819Z
1,"Hooded Hydra",c19,"Commander 2019",172,nonfoil,€0.57,mythic,aecc699c-c955-4167-b8cf-35faa7ce94b4
2,"Cultivate",c19,"Commander 2019",159,nonfoil,€0.43,common,faf2ef91-fb95-4cc0-a2a6-53fac5cd807d
1,"Cultivate",ltc,"Tales of Middle-earth Commander",236,nonfoil,€0.72,common,3217b813-7c21-473c-b65b-5766b0dc7803,2023-08-12T15:00:10.117Z
1,"Fleshgrafter",5dn,"Fifth Dawn",51,nonfoil,€0.03,common,01095217-bc33-4d71-bf10-2ead9f8ebd25
1,"Sun Titan",c19,"Commander 2019",76,nonfoil,€0.39,mythic,3ccf318d-5ca5-4e4c-a78a-206a815f9381
2,"Seraph of Dawn",avr,"Avacyn Restored",35,nonfoil,€0.15,common,5da345bd-8f2b-4966-97f5-c0e4c6cfe3b7
1,"Crafty Pathmage",9ed,"Ninth Edition",71,nonfoil,€0.06,common,c3eb5c44-3a6f-49b9-a36a-63d0398a34a0
1,"Skull Raid",khm,"Kaldheim",111,nonfoil,€0.04,common,4589c520-4db3-47bf-bfb2-5d7e02ede4bf
1,"Psychic Spear",bok,"Betrayers of Kamigawa",78,nonfoil,€0.06,common,1c2f024b-e77e-426b-930e-85b87e046f9b
1,"Tine Shrike",mbs,"Mirrodin Besieged",17,nonfoil,€0.07,common,845b665e-8236-4ab9-bee4-414f075461d2
2,"Scathe Zombies",9ed,"Ninth Edition",160,nonfoil,€0.03,common,54360cdf-ecbb-4a52-96a3-fd5d8f9b30bf
3,"Barkhide Troll",m20,"Core Set 2020",165,nonfoil,€0.16,uncommon,0cfd2e76-ad64-42ff-a6a2-c4cf1bec5932
1,"Leonin Squire",5dn,"Fifth Dawn",9,nonfoil,€0.12,common,5a5320ff-1fe6-492a-b27f-86a84a1768ed
1,"Golden Urn",som,"Scars of Mirrodin",158,nonfoil,€0.13,common,ec7abeca-da01-4962-b107-dd7a77469753
4,"Mothrider Samurai",chk,"Champions of Kamigawa",34,nonfoil,€0.09,common,35a236f7-f008-4eb8-91d9-31ea8589cf0c
1,"Reflexes",8ed,"Eighth Edition",213,nonfoil,€0.02,common,8a406184-b678-4afd-9599-d1d4f9c1d147
2,"Reflexes",9ed,"Ninth Edition",211,nonfoil,€0.02,common,139d9770-4316-4ac1-b235-5a1d6e15cece
2,"Commander's Sphere",voc,"Crimson Vow Commander",163,nonfoil,€0.13,common,55ac2ca9-b6cf-453a-9d8b-8b7be5695f1e
1,"Commander's Sphere",ltc,"Tales of Middle-earth Commander",276,nonfoil,€0.24,common,6620b4a3-fa33-4bd7-9180-314919d8ea2a,2023-08-12T15:02:57.210Z
1,"Cremate",rtr,"Return to Ravnica",59,nonfoil,€0.15,common,013d5260-f906-4f6a-97ed-725197743b60
1,"Avarice Totem",5dn,"Fifth Dawn",104,nonfoil,€0.12,uncommon,53a5cfa8-4091-445c-8641-64402cca7d2d
1,"Goblin Piker",9ed,"Ninth Edition",194,nonfoil,€0.07,common,32c86887-678a-4ba5-b0bb-243f4015ad80
1,"Goblin Piker",m11,"Magic 2011",142,nonfoil,€0.05,common,85516547-2c1a-432b-9fc5-8d2c91156c77
1,"Thornwood Falls",c19,"Commander 2019",283,nonfoil,€0.14,common,0790db38-d4bf-4feb-bcba-0b534c8975cf
1,"Thornwood Falls",ltc,"Tales of Middle-earth Commander",338,nonfoil,€0.27,common,33e0f5c9-6f89-4b2e-8934-057009b33e90,2023-08-12T14:50:02.442Z
1,"Immolation",leg,"Legends",153,nonfoil,€1.15,common,9b3d34fa-398c-4ea0-a392-6690bd3a615c
1,"Samurai of the Pale Curtain",chk,"Champions of Kamigawa",43,nonfoil,€0.53,uncommon,ead15cf8-f692-4cb9-ac86-0dff00236145,2022-05-09T20:26:01.849Z
1,"Mystic Sanctuary",eld,"Throne of Eldraine",247,nonfoil,€1.29,common,170e792c-80d5-4775-ad95-37614574ab84
1,"Invasion of the Giants",khm,"Kaldheim",215,nonfoil,€0.15,uncommon,7f5075a0-c72a-474c-937c-95dc9205d14f
1,"Dross Golem",dst,"Darksteel",119,nonfoil,€0.04,common,1df2f4fd-b96a-4537-93a4-38141b0fa577
1,"Cursed Ronin",chk,"Champions of Kamigawa",107,nonfoil,€0.05,common,b8f24fe9-22c4-4e53-9d7a-3cbf5533ac9b
1,"Churning Eddy",tor,"Torment",32,nonfoil,€0.07,common,bd28bc8e-842f-4788-92a0-3019e3c2385f
1,"Darkblast",rav,"Ravnica: City of Guilds",82,nonfoil,€0.29,uncommon,0dcaba91-06d3-4492-9e07-36a1b858ca47,2022-10-06T10:56:58.103Z
1,"Blinding Beam",ddf,"Duel Decks: Elspeth vs. Tezzeret",28,nonfoil,€0.13,common,71396bc0-a0e4-41c1-a26f-c4b8f8752891
4,"Goblin War Strike",scg,"Scourge",96,nonfoil,€0.74,common,dce59945-37a2-4f09-8831-9d44b4a59ea7
1,"Starnheim Courser",khm,"Kaldheim",32,nonfoil,€0.14,common,5c5373dd-4aec-4e93-97fb-a639aa096764
1,"Rootrunner",chk,"Champions of Kamigawa",237,nonfoil,€0.07,uncommon,23e5502b-acae-4320-ac01-4d711cb2c49a
4,"Ornithopter",mrd,"Mirrodin",224,nonfoil,€0.38,uncommon,969ebd20-de69-44ba-a0c2-9e2a89480370
1,"Ambush Viper",isd,"Innistrad",169,nonfoil,€0.13,common,0c082aa8-bf7f-47f2-baf8-43ad253fd7d7
4,"Carbonize",scg,"Scourge",83,nonfoil,€0.06,uncommon,6f565fa1-a1a0-4dd0-b7f4-df65a807d156
1,"Matsu-Tribe Birdstalker",sok,"Saviors of Kamigawa",137,nonfoil,€0.11,common,f1afb0c0-e138-4d2b-b3aa-fa40778f8d79
2,"Rag Dealer",chk,"Champions of Kamigawa",138,nonfoil,€0.11,common,18ef007a-fcf4-4293-933e-4f9f7f602002
1,"Shiv's Embrace",m11,"Magic 2011",156,nonfoil,€0.04,uncommon,386bfe05-602d-415d-8598-96a36b7b9a14
1,"Chartooth Cougar",scg,"Scourge",84,foil,€0.40,common,6b2c9c07-c3db-46ca-a204-b710c3a34ae9
1,"Power Depot",mh2,"Modern Horizons 2",251,nonfoil,€0.23,uncommon,032eba04-0a63-4823-85e1-64861330a8d7
1,"Deathgreeter",ala,"Shards of Alara",71,nonfoil,€0.77,common,de74fa19-943e-4606-a793-ab5ccbe8db4a,2024-04-25T08:34:56.161Z
1,"Goryo's Vengeance",bok,"Betrayers of Kamigawa",67,nonfoil,€7.15,rare,3027e6c5-eed3-44e7-bb12-67569721af99
1,"Phyresis",mbs,"Mirrodin Besieged",49,nonfoil,€1.02,common,0059d21b-0725-4806-8691-2451db36787f
1,"Nuisance Engine",mrd,"Mirrodin",221,nonfoil,€0.08,uncommon,266df8c3-5872-4d83-90bc-8f6f854ac838
1,"Diabolic Tutor",9ed,"Ninth Edition",125,nonfoil,€0.45,uncommon,a0035a78-44ff-4e3a-b297-20cac926c2fb
1,"Bitterheart Witch",isd,"Innistrad",88,nonfoil,€0.40,uncommon,cf2ff2b4-8f40-42c0-af3c-b55bfa8839be
1,"Thran Dynamo",c19,"Commander 2019",225,nonfoil,€2.16,uncommon,907801dd-179c-4669-b608-d810a7f608fd
1,"Garruk's Uprising",m21,"Core Set 2021",186,nonfoil,€0.68,uncommon,71a4860a-8bb6-45c0-b00a-b4a42da33ab9,2024-04-19T21:31:01.408Z
1,"Noggle Ransacker",eve,"Eventide",109,nonfoil,€0.28,uncommon,e6dbe4e2-77f3-4764-b9fb-b555a1228bf3
3,"Torpid Moloch",rav,"Ravnica: City of Guilds",147,nonfoil,€0.07,common,7900ff91-0e47-4903-a680-9031f4a23cb4
1,"Aphetto Runecaster",scg,"Scourge",28,nonfoil,€0.46,uncommon,7c5de028-91ce-48d8-8557-ae12542adea2
1,"Yotian Soldier",mrd,"Mirrodin",277,nonfoil,€0.03,common,936af0be-6e7b-49f0-ba84-d8bc1b60994d
1,"Narset, Parter of Veils",war,"War of the Spark",61,nonfoil,€0.73,uncommon,8c39f9b4-02b9-4d44-b8d6-4fd02ebbb0c5
1,"Talisman of Hierarchy",mh1,"Modern Horizons",233,nonfoil,€0.86,uncommon,826f99c7-f534-4183-8f0d-efe1609808ac,2023-02-01T09:24:06.793Z
1,"Talisman of Hierarchy",pip,"Fallout",247,nonfoil,€0.89,uncommon,9b55b6cb-820c-4782-9f63-e04fe46e02d2,2024-04-23T17:17:05.276Z
1,"Myojin of Cleansing Fire",chk,"Champions of Kamigawa",35,nonfoil,€1.39,rare,a0570ba0-2877-46f6-acea-6913f8915d6d
1,"Might of Oaks",9ed,"Ninth Edition",255,nonfoil,€0.33,rare,9d409378-ae02-4421-a866-df442d67032b
1,"Trumpet Blast",m13,"Magic 2013",152,nonfoil,€0.04,common,4ac9f745-236a-4302-acf2-21c14c6e6eab
1,"Stasis Cell",rav,"Ravnica: City of Guilds",66,nonfoil,€0.03,common,e75611d2-6e87-4032-a71c-b46806798a29
1,"Jaspera Sentinel",khm,"Kaldheim",178,nonfoil,€0.12,common,1a68615d-9808-479d-aa80-50651246954e
3,"Guardian of Vitu-Ghazi",rav,"Ravnica: City of Guilds",212,nonfoil,€0.08,common,1c293144-df82-481d-8d24-2bdc164a355f
1,"Baku Altar",bok,"Betrayers of Kamigawa",152,nonfoil,€0.25,rare,81e1dbb8-3df8-4e7e-b74b-baab7d6f97c1
1,"Krark-Clan Ogre",5dn,"Fifth Dawn",71,nonfoil,€0.04,common,649f561c-0b90-4f1d-a003-bab351632bd3
1,"Dimir Doppelganger",rav,"Ravnica: City of Guilds",202,nonfoil,€0.33,rare,a48be841-d35c-4d99-aebc-3684b36760ac
2,"Spellbook",8ed,"Eighth Edition",314,nonfoil,€0.58,uncommon,fdb99979-79f9-4ac0-9f8e-c36ed0a2cc85
1,"Spellbook",9ed,"Ninth Edition",309,nonfoil,€0.68,uncommon,5dbc3e2c-f6a6-4e4a-adfe-97fbc1596ac3
1,"Vault Robber",khm,"Kaldheim",158,nonfoil,€0.07,common,74f68014-489d-4f51-a959-0f335541cb4e
1,"Simic Ascendancy",rna,"Ravnica Allegiance",207,nonfoil,€0.37,rare,ff824392-fb5c-496c-be2f-6dfa6e04e3a2,2022-10-06T10:56:58.114Z
2,"Ember Shot",jud,"Judgment",87,nonfoil,€0.08,common,6a9eb72b-9ae2-4b64-bbb9-187446b5fd2f
1,"Juggernaut",ddf,"Duel Decks: Elspeth vs. Tezzeret",52,nonfoil,€0.07,uncommon,939accf7-760a-4d2e-9de3-c5f48d395c3c
1,"Connive // Concoct",grn,"Guilds of Ravnica",222,nonfoil,€0.17,rare,890ac54c-6fd7-4e46-8ce4-8926c6975f60
1,"Weight of Conscience",mor,"Morningtide",28,nonfoil,€0.09,common,396c8c41-70b4-4189-9160-8b7367a817a2
1,"Prey Upon",m13,"Magic 2013",181,nonfoil,€0.10,common,e074cc1d-8f94-4155-974e-574c1dd82e1f
1,"Candles' Glow",chk,"Champions of Kamigawa",5,nonfoil,€0.06,uncommon,0758d20f-6f0f-462e-a7ec-2511c146983d
1,"Mortuary Mire",afc,"Forgotten Realms Commander",249,nonfoil,€0.18,common,44082a22-406f-4050-b1be-de4f3e0fde5e,2023-02-01T09:33:43.504Z
1,"Geist of Saint Traft",voc,"Crimson Vow Commander",155,nonfoil,€0.46,mythic,541b9d55-f237-4ff2-9e47-c58a381f0633
1,"Springleaf Drum",lrw,"Lorwyn",261,nonfoil,€0.51,common,fa8b09d0-fbd2-4441-9d87-02450412e0db
1,"Deathcap Glade",vow,"Innistrad: Crimson Vow",261,nonfoil,€7.41,rare,d5523659-98a8-4ae2-9ec7-d77e7352c374,2022-09-26T17:24:49.634Z
1,"Sickleslicer",nph,"New Phyrexia",157,nonfoil,€0.15,uncommon,d44746d5-3d34-4480-b4cd-c66de72f0622
1,"Blood Tithe",m11,"Magic 2011",84,nonfoil,€0.21,common,cf166294-3359-4da4-84d0-006c75c183fd
1,"Burden of Greed",dst,"Darksteel",38,nonfoil,€0.02,common,d37abcf5-f009-4258-bf32-b93b47cb71dc
1,"Shrine of Boundless Growth",nph,"New Phyrexia",152,nonfoil,€0.06,uncommon,b2ec7b95-667f-43ed-b310-b657befd55a2
1,"Moltensteel Dragon",nph,"New Phyrexia",88,foil,€1.06,rare,13b78018-bfbe-43fa-809f-9b52a155e11c
1,"Wormfang Drake",jud,"Judgment",57,nonfoil,€0.10,common,b6afd312-6448-4bd1-8539-0910cefead0d
1,"Skyclave Apparition",znr,"Zendikar Rising",39,nonfoil,€0.75,rare,b83cfbaa-7890-4f6f-878b-4edb45677371,2022-10-06T10:56:58.122Z
1,"Phyrexian Rager",apc,"Apocalypse",49,nonfoil,€0.40,common,3addf34c-ea54-42a3-bccd-b73453d964d2
1,"Impaler Shrike",nph,"New Phyrexia",36,nonfoil,€0.14,common,91e1f8b5-4792-457d-b3de-1d4874ddf72e
1,"Giant Cockroach",8ed,"Eighth Edition",135,nonfoil,€0.07,common,68b79ee0-0a1b-474c-b68c-6e4ec69c018c
1,"Pentad Prism",5dn,"Fifth Dawn",143,nonfoil,€0.34,common,672b9b16-daef-44e6-9a3a-cfd9f3c78bc7
1,"Paragon of the Amesha",con,"Conflux",14,nonfoil,€0.19,uncommon,d21c4772-fa03-4b71-a95e-1ad8466d25da
3,"Cage of Hands",chk,"Champions of Kamigawa",3,nonfoil,€0.03,common,98a80b6a-90ed-482f-9714-eb856269e9d3
1,"Vile Entomber",mh2,"Modern Horizons 2",108,nonfoil,€0.26,uncommon,d890ae71-da2b-44fa-8cfa-9c3016c9f696
1,"Gnottvold Slumbermound",khm,"Kaldheim",258,nonfoil,€0.06,uncommon,735470df-65d8-43e9-837e-4869c8e4f052
1,"Vigor Mortis",rav,"Ravnica: City of Guilds",111,nonfoil,€0.12,uncommon,8fe06560-bb3f-4f0b-ad3c-7257419eb8ef
1,"Kessig Wolf Run",isd,"Innistrad",243,nonfoil,€0.61,rare,4a8447fe-7368-470a-911a-1083ec6cc831,2022-05-09T20:21:54.991Z
1,"Sea Snidd",pls,"Planeshift",31,nonfoil,€0.08,common,ca11015e-200b-488c-8bf5-662dcc03cd2d
1,"Kasmina, Enigma Sage",stx,"Strixhaven: School of Mages",196,nonfoil,€1.08,mythic,178bf300-38cf-4ab2-9e66-6fcaa112b649,2022-10-06T10:56:58.124Z
1,"Mammoth Growth",khm,"Kaldheim",183,nonfoil,€0.04,common,0e55041f-69a5-4bcf-899f-a4b44c208b4d
1,"Scroll of Griselbrand",avr,"Avacyn Restored",221,nonfoil,€0.04,common,2263ceaf-49d2-40fe-86b8-146271b11e46
1,"Moriok Scavenger",mrd,"Mirrodin",68,nonfoil,€0.04,common,0f27426b-3679-44e4-9249-f57b92baa3f3
1,"Ghostly Pilferer",m21,"Core Set 2021",52,nonfoil,€1.06,rare,2810631f-c55c-4947-a26f-4d3ce76024b3
1,"Ghostly Pilferer",voc,"Crimson Vow Commander",105,nonfoil,€1.36,rare,a36bccf0-3b69-45b1-8229-48df93b9c6a1
1,"Breakneck Berserker",khm,"Kaldheim",124,foil,€0.15,common,d6eb23c9-6061-4ad1-a8f3-2c791c49f352
1,"Breakneck Berserker",khm,"Kaldheim",124,nonfoil,€0.07,common,d6eb23c9-6061-4ad1-a8f3-2c791c49f352
1,"Jace, Wielder of Mysteries",war,"War of the Spark",54,nonfoil,€3.34,rare,6adb7d73-4482-4930-8497-cffd169b57e2,2022-10-06T10:56:58.115Z
1,"Oran-Rief Recluse",zen,"Zendikar",173,nonfoil,€0.12,common,37a69043-23f5-478e-bf9b-f170e326c0e0
4,"Silver Myr",mrd,"Mirrodin",241,nonfoil,€0.18,common,b83a73a2-fedb-40bd-8e29-82a7abd6f211
1,"Coruscation Mage",blb,"Bloomburrow",131,nonfoil,€1.38,uncommon,dc2c1de0-6233-469a-be72-a050b97d2c8f,2024-09-21T15:13:10.460Z
1,"Pull Under",chk,"Champions of Kamigawa",137,nonfoil,€0.02,common,016afdaa-29bf-4690-bdfe-9074087a191c
1,"Daggerclaw Imp",gpt,"Guildpact",48,nonfoil,€0.08,uncommon,2d285981-f342-4679-a199-cf5d003407e8
1,"Pith Driller",nph,"New Phyrexia",69,nonfoil,€0.07,common,28e960c6-6da0-4679-87eb-55bac890e0c6
1,"Mistform Mask",ons,"Onslaught",94,nonfoil,€0.13,common,7fbbb075-5795-425f-9e33-70cb922eea16
1,"Gobbling Ooze",rtr,"Return to Ravnica",126,nonfoil,€0.13,uncommon,465d8a63-0ced-4aec-be34-2098b72c8af6
1,"Feral Animist",gpt,"Guildpact",112,nonfoil,€0.08,uncommon,ad65c721-b601-46f9-ba0b-ac4d96567cee
1,"He Who Hungers",chk,"Champions of Kamigawa",114,nonfoil,€0.52,rare,1ccf0f8d-f988-45ec-b75b-d97206326cfb
1,"Rousing of Souls",cns,"Conspiracy",19,nonfoil,€0.07,common,1b7a47cc-9311-4f92-b19c-8956db5f2b5f
1,"Rainbow Crow",inv,"Invasion",69,nonfoil,€0.12,uncommon,7e622ad2-473f-489e-b4cf-bbdcc44d0cde
1,"Mogg Sentry",8ed,"Eighth Edition",203,nonfoil,€0.18,rare,c4e98c12-b5b3-4b0f-af4e-7f2d28dc8637
1,"Spy Network",ons,"Onslaught",115,nonfoil,€0.26,common,8a4bed3f-845c-4822-b8af-8b511dce6fe2
2,"Deathknell Berserker",khm,"Kaldheim",83,nonfoil,€0.02,common,f9f2029f-ffda-4374-9a78-79866ac23fca
1,"Initiate of Blood // Goka the Unjust",chk,"Champions of Kamigawa",173,nonfoil,€0.06,uncommon,b3523b8e-065f-427c-8d5b-eb731ca91ede
2,"Desecration Elemental",5dn,"Fifth Dawn",45,nonfoil,€1.75,rare,73c14a7a-cce3-45a8-9092-834e71447f62
5,"No-Dachi",chk,"Champions of Kamigawa",264,nonfoil,€0.12,uncommon,6c6061a8-d27f-4258-9e95-cd12365c4248
3,"Roar of Jukai",bok,"Betrayers of Kamigawa",140,nonfoil,€0.05,common,66b70649-12f8-47b9-9959-40323684a777
1,"Kami of the Tended Garden",sok,"Saviors of Kamigawa",134,nonfoil,€0.05,uncommon,bdedd830-9200-4e8b-84b4-00dc58cace35
3,"Quicksilver Dagger",apc,"Apocalypse",118,nonfoil,€0.19,common,83c74012-6060-4fad-aa73-6e6afd33c482
4,"Pillar of Flame",avr,"Avacyn Restored",149,nonfoil,€0.09,common,c983e879-d9d2-47cc-9958-506711ca80cd
1,"Curio Vendor",kld,"Kaladesh",42,nonfoil,€0.04,common,c598054a-26fa-40e7-8497-3da8eaf12aac,2023-01-21T15:50:41.605Z
1,"Psychic Puppetry",chk,"Champions of Kamigawa",80,nonfoil,€0.25,common,9e341d6b-f4b0-4347-8055-f5fab756334c
1,"Elvish Aberration",scg,"Scourge",118,nonfoil,€0.10,uncommon,137d326f-83e1-449a-b934-71c7986c64e7
4,"Whirlpool Rider",apc,"Apocalypse",35,nonfoil,€0.33,common,0de47f44-8c5e-4114-9064-145d2d8813c6
1,"Congregation at Dawn",rav,"Ravnica: City of Guilds",198,nonfoil,€1.03,uncommon,2f1b950a-b2fe-4afc-bb79-c9f4c272ea36
2,"Channel the Suns",5dn,"Fifth Dawn",84,nonfoil,€0.30,uncommon,7bf574c8-a7e0-482e-bb41-680454988097
1,"Deadly Recluse",m13,"Magic 2013",165,nonfoil,€0.07,common,a32a5f77-7c1f-4da4-9ae6-3947504a8dea
1,"Enduring Victory",dtk,"Dragons of Tarkir",16,nonfoil,€0.05,common,54fef763-7ee2-4341-9c67-546e4b6710b7,2023-01-21T15:53:07.917Z
1,"Bog Imp",8ed,"Eighth Edition",119,nonfoil,€0.05,common,94903771-d0d0-49dd-b28a-438ef4bdf416
1,"Bog Imp",9ed,"Ninth Edition",116,nonfoil,€0.04,common,846f5cda-3d93-4dfd-b1c3-1dff7b814d98
2,"Giant Ox",khm,"Kaldheim",11,nonfoil,€0.08,common,fc71d8ca-c613-4534-bc9d-bc1e13202a2c
2,"Shock",8ed,"Eighth Edition",222,nonfoil,€0.11,common,daef5f10-ccb5-4304-b04f-b52a7d2f4158
2,"Shock",ons,"Onslaught",227,nonfoil,€0.13,common,83c92b5d-103c-4719-a850-690a7010291a
2,"Shock",9ed,"Ninth Edition",220,nonfoil,€0.15,common,ec8b241a-a58e-440a-8591-91dce118bd95
1,"Leeching Bite",nph,"New Phyrexia",113,nonfoil,€0.07,common,1c3bdbeb-c376-42bd-af2a-251cd7ac704c
1,"Scroll Thief",m13,"Magic 2013",66,nonfoil,€0.04,common,dc201a82-fb48-4bb4-b072-e206e6872aa5
1,"Chimeric Coils",5dn,"Fifth Dawn",108,nonfoil,€0.16,uncommon,9cbe14e2-89f2-4458-a84f-08ed3c6ae3d7
1,"Myr Landshaper",dst,"Darksteel",131,nonfoil,€0.20,common,0fb654ac-9bb0-465e-8878-5456c154274f
1,"Foul Orchard",c19,"Commander 2019",244,nonfoil,€0.09,uncommon,7b6ead34-e2c3-40c5-9d33-c653a6daae32
1,"Rith, Liberated Primeval",dmu,"Dominaria United",214,nonfoil,€1.67,mythic,ac148784-b7b6-4aae-bffb-a4cf09f56971,2022-10-08T09:59:38.987Z
1,"Veteran Cavalier",9ed,"Ninth Edition",52,nonfoil,€0.07,common,31072355-0b20-4830-9d46-ca71783af84b
1,"Remand",rav,"Ravnica: City of Guilds",63,nonfoil,€0.45,uncommon,581f3780-c480-48c6-b15c-1618f2feccb9
1,"Goblin Motivator",m19,"Core Set 2019",143,nonfoil,€0.13,common,94b3a4fb-9024-45ef-a54b-cf3a9fa5b9c2,2024-04-23T17:10:17.943Z
2,"Temporal Spring",apc,"Apocalypse",125,nonfoil,€0.20,common,b584dfd1-a56c-406e-8504-47ea136dc102
1,"Coiling Oracle",dis,"Dissension",107,nonfoil,€0.24,common,55a6ba2a-b372-4b15-9a1e-09b41316eab7,2022-05-09T20:28:53.463Z
1,"Lonely Sandbar",ltc,"Tales of Middle-earth Commander",319,nonfoil,€0.20,uncommon,932ab27a-37bc-4d67-af16-619c500517b1,2023-08-12T14:49:53.042Z
2,"Lonely Sandbar",ons,"Onslaught",320,nonfoil,€0.19,common,d8ddab06-aff7-4c40-bcaa-10cbfe899dd9
1,"Seeds of Strength",rav,"Ravnica: City of Guilds",227,nonfoil,€0.04,common,bfa1ac13-adbd-439a-90b2-9c506aec0836
1,"Crowded Crypt",mic,"Midnight Hunt Commander",17,nonfoil,€1.16,rare,3d6114bd-d5d3-441a-80a5-67eb7a355506,2023-02-01T09:22:22.852Z
2,"Serpent Warrior",8ed,"Eighth Edition",161,nonfoil,€0.03,common,dfcf5fb1-391c-472a-8b06-503162e458d7
1,"Serpent Warrior",9ed,"Ninth Edition",162,foil,€0.00,common,f6d825dc-c56b-4f59-aae0-ed960e18dfab
2,"Serpent Warrior",9ed,"Ninth Edition",162,nonfoil,€0.03,common,f6d825dc-c56b-4f59-aae0-ed960e18dfab
1,"Sacred Foundry",rav,"Ravnica: City of Guilds",280,nonfoil,€9.85,rare,168ef687-5797-4b45-b75b-393d8117cebd
1,"Radha, Heir to Keld",plc,"Planar Chaos",162,nonfoil,€0.35,rare,7fc23b2e-9124-4f88-b93e-8bfe90e6eb41
1,"Shinen of Fear's Chill",sok,"Saviors of Kamigawa",88,nonfoil,€0.06,common,762499b4-4b4f-456e-8a03-2de300b2db5e
1,"Drill-Skimmer",dst,"Darksteel",118,nonfoil,€0.09,common,3b60dc6a-3b38-4dde-9dd4-aa49a53f29ae
1,"Strionic Resonator",c19,"Commander 2019",224,nonfoil,€5.94,rare,88326f60-1c86-4aca-8e6a-b1882a048635
2,"Early Frost",5dn,"Fifth Dawn",29,nonfoil,€0.15,common,5989d4c4-bfa4-4b07-ab64-65a3aee6144e
3,"Teardrop Kami",bok,"Betrayers of Kamigawa",55,nonfoil,€0.08,common,b015ae03-c083-4e4a-b4a2-88e55aef9001
1,"Galadriel, Elven-Queen",ltc,"Tales of Middle-earth Commander",88,foil,€0.47,mythic,48c7c3a8-bb55-4114-a97f-683d12f11f27,2023-08-12T14:56:54.039Z
3,"Twisted Abomination",scg,"Scourge",76,nonfoil,€0.18,common,446e672f-87aa-4308-98bb-d00548c5bcef
1,"Twisted Abomination",tsb,"Time Spiral Timeshifted",50,nonfoil,€0.17,special,64e63700-1521-49fa-9756-02342a11e200
1,"Verdant Eidolon",dis,"Dissension",100,nonfoil,€0.10,common,8120d141-2759-49d4-bed9-e20617a0b009,2022-05-09T20:09:38.002Z
1,"Port Town",voc,"Crimson Vow Commander",178,nonfoil,€0.31,rare,e12191d0-f808-416a-b277-2dd851e7d52b
1,"Flameborn Viron",nph,"New Phyrexia",83,nonfoil,€0.04,common,9601ea62-a609-4bc5-a2f0-f7615b4dd5fa
1,"Travel Preparations",isd,"Innistrad",206,nonfoil,€0.08,common,e9654ae7-af2c-4956-be3a-68befa33f523
1,"Plea for Power",ltc,"Tales of Middle-earth Commander",195,nonfoil,€0.21,rare,7be27ad5-8a7c-42fc-b62b-2586f39255f5,2023-08-12T14:37:04.655Z
1,"Reclamation Sage",ltc,"Tales of Middle-earth Commander",259,nonfoil,€0.16,uncommon,3a873762-2fff-4eb3-bf77-da52a1652c2a,2023-08-12T15:02:09.996Z
1,"Reclamation Sage",cmr,"Commander Legends",248,nonfoil,€0.14,uncommon,b800bb44-3594-4fb7-b007-10732632b51a
1,"Village Survivors",dka,"Dark Ascension",130,nonfoil,€0.12,uncommon,13c0e852-9966-4145-b7c3-ac957f729376
1,"Kraken's Eye",dst,"Darksteel",126,nonfoil,€0.08,uncommon,cc767637-627a-4ea2-873b-d8a80ccc925b
1,"Kraken's Eye",m10,"Magic 2010",213,nonfoil,€0.09,uncommon,e9c7c977-71bf-4554-a485-92e8fdef6b75
1,"Nim Shambler",mrd,"Mirrodin",72,nonfoil,€0.08,uncommon,e59c09a0-a374-46c1-978f-ec7478dc7ab7
1,"Goldmeadow Stalwart",lrw,"Lorwyn",18,nonfoil,€0.14,uncommon,6a7a9110-6aea-460b-91fa-5f8a507160e7
1,"Dross Scorpion",mrd,"Mirrodin",164,nonfoil,€0.12,common,27c5381c-2e79-41fa-b1d7-2cf0c6dc1808
2,"Fate Transfer",shm,"Shadowmoor",161,nonfoil,€0.21,common,3e052cde-985a-401f-828a-2d98511bbcd5
1,"Untaidake, the Cloud Keeper",chk,"Champions of Kamigawa",285,nonfoil,€1.52,rare,3c571f66-7a00-4cb0-9da9-8271083f49d3,2022-10-06T10:56:58.098Z
4,"Raging Goblin",8ed,"Eighth Edition",212,nonfoil,€0.06,common,165dc9fc-22b3-48ac-b446-5599af75917e
1,"Leadership Vacuum",c19,"Commander 2019",9,nonfoil,€0.36,uncommon,4fa953a9-171c-4532-a352-40ce27eed3c4
1,"Ranger's Path",m13,"Magic 2013",186,nonfoil,€0.26,common,26858a53-1054-407a-b2a2-34a7c4ae0f10
1,"Goblin Guide",2xm,"Double Masters",127,foil,€1.80,rare,3c0f5411-1940-410f-96ce-6f92513f753a
1,"Thought Sponge",c19,"Commander 2019",12,nonfoil,€0.17,rare,70406543-ba78-4dd8-8f16-3c5a9ee458a1
2,"Monstrous Growth",8ed,"Eighth Edition",266,nonfoil,€0.03,common,7e5a2687-af7a-42ad-8938-f3534c7da222
1,"Godtracker of Jund",arb,"Alara Reborn",55,nonfoil,€0.03,common,7bd3fb7a-3eed-4b0a-9de0-ed8b7cf03533
2,"Bonds of Faith",isd,"Innistrad",5,nonfoil,€0.07,common,cc8d1ce0-78c5-4e97-9cca-33e7b6ff3440
1,"Viashino Spearhunter",m10,"Magic 2010",161,nonfoil,€0.12,common,232226ab-918c-49b6-9f5b-fa0e0a1ba1d3
1,"Fable of Wolf and Owl",eve,"Eventide",150,nonfoil,€2.12,rare,be364b69-aa59-420c-a613-b1d0b303a4e5
2,"Death Ward",4ed,"Fourth Edition",21,nonfoil,€0.08,common,e9c54ffe-2479-4178-a5dc-dca7b564efce
1,"Severed Legion",ons,"Onslaught",166,nonfoil,€0.03,common,efe12afd-da41-436e-af84-fa3b36a58030
1,"Primoc Escapee",lgn,"Legions",49,nonfoil,€0.24,uncommon,e6cb3e72-bb64-4b1e-a54b-1fe4fb4ad4c9
1,"Soulless Revival",chk,"Champions of Kamigawa",144,nonfoil,€0.13,common,6b36712c-1ccb-4efe-8db8-823b9b80a99f
1,"Gray Ogre",4ed,"Fourth Edition",200,nonfoil,€0.02,common,11bf2cc0-799f-4eb8-b338-ed7543f469e7
2,"Spitting Image",eve,"Eventide",162,nonfoil,€0.27,rare,a3d60c0c-1bc8-4962-9205-4645db7fb26e
1,"Decree of Justice",scg,"Scourge",8,nonfoil,€10.87,rare,5e8a7e5c-f252-4de8-94d7-e7327210bf26,2023-01-21T15:48:17.987Z
1,"Rummaging Goblin",m15,"Magic 2015",159,nonfoil,€0.06,common,b6f8f65b-022f-4599-a416-e82a6d45ceba
1,"Stormbound Geist",dka,"Dark Ascension",51,nonfoil,€0.30,common,040eddb0-fca2-41eb-ab07-c48d49385973
2,"Walking Corpse",m13,"Magic 2013",116,nonfoil,€0.04,common,5ecfc1ab-b7a1-43a8-b1d1-0c1c4358e89f
1,"Walking Corpse",isd,"Innistrad",126,nonfoil,€0.08,common,8e033384-3334-4082-9541-f2443d3bc424
1,"Snapping Drake",rav,"Ravnica: City of Guilds",64,nonfoil,€0.03,common,cd1e21fa-4d85-464b-9e64-3ba284769df9
1,"Hand of Honor",sok,"Saviors of Kamigawa",12,nonfoil,€0.50,uncommon,ddef832c-b2be-4fa6-8d66-ac0d442f2d7d
1,"Lavakin Brawler",m20,"Core Set 2020",147,nonfoil,€0.10,common,3eeea9e5-3041-4439-bc52-fd00ec83c7a1
1,"Arcane Signet",voc,"Crimson Vow Commander",159,nonfoil,€0.47,common,46f17b66-2484-49f4-80db-408bfda95aa9
1,"Arcane Signet",ltc,"Tales of Middle-earth Commander",273,nonfoil,€0.47,common,4e92354d-c203-41e1-822d-8263fadd9eb3,2023-08-12T15:02:43.012Z
1,"Grab the Reins",mrd,"Mirrodin",95,nonfoil,€0.19,uncommon,570fa211-e937-4ad7-bc72-60f8adc3203d
1,"Neurok Prodigy",dst,"Darksteel",26,nonfoil,€0.03,common,fb179448-5e1f-4ef3-858c-ba7a9ea05a78
1,"Pongify",2xm,"Double Masters",62,nonfoil,€1.68,uncommon,40b7a6db-e0a3-45f7-9ef7-e4fd5490adb7
1,"Nourishing Shoal",bok,"Betrayers of Kamigawa",137,nonfoil,€0.57,rare,4a6af212-2a94-4ddf-acdc-d70fafa1c5ee
1,"Master's Call",mbs,"Mirrodin Besieged",13,nonfoil,€0.16,common,04f54188-2cfc-4964-add7-b452f32d57ef
2,"Sacred Wolf",m11,"Magic 2011",196,nonfoil,€0.15,common,a2bffe20-c469-4ac8-a8a9-361a244f4cfe
1,"Hulking Cyclops",8ed,"Eighth Edition",195,nonfoil,€0.07,uncommon,dc1a5428-9bb4-4e2b-ba94-fccd321ce537
1,"Blood Artist",j22,"Jumpstart 2022",117,nonfoil,€1.87,uncommon,c4c1641d-c4ea-4657-a0ae-db09bba83a0f,2023-01-19T19:17:33.759Z
1,"Explorer's Scope",zen,"Zendikar",202,nonfoil,€0.15,common,ea3a9cdb-4842-44b3-8143-0fda31692600
1,"Sudden Impact",8ed,"Eighth Edition",226,nonfoil,€0.08,uncommon,74fe1060-3069-46b7-9a84-916d87b30e6e
1,"Neurok Hoversail",mrd,"Mirrodin",218,nonfoil,€0.06,common,0fa5790b-5388-4bf9-9caa-44d8cbb64708
1,"Goblin Trashmaster",m19,"Core Set 2019",144,nonfoil,€5.17,rare,2bc69988-3c2d-4b76-a8c0-05926b9bbd08
1,"Hold the Line",chk,"Champions of Kamigawa",13,nonfoil,€0.25,rare,de34d107-8a28-4e88-919e-c7ccf984bcda
1,"Long-Term Plans",scg,"Scourge",38,nonfoil,€1.13,uncommon,7e0422d9-9694-45b6-9c2b-2ca31198cebf
1,"Duergar Mine-Captain",eve,"Eventide",138,nonfoil,€0.23,uncommon,e97983b9-6c93-41ce-8deb-ac08811a0834
1,"Silhana Starfletcher",gpt,"Guildpact",95,nonfoil,€0.12,common,fa9c7e09-8384-4866-af92-ba56bd307d9c
1,"Monastery Flock",ktk,"Khans of Tarkir",47,nonfoil,€0.10,common,e53c0e50-4b0b-43d8-80c0-2c216722c87a,2022-05-09T20:20:38.547Z
2,"Mind Rot",9ed,"Ninth Edition",145,nonfoil,€0.08,common,f3234588-d421-4548-879e-32574b613707
1,"Mind Rot",m13,"Magic 2013",100,nonfoil,€0.06,common,ab454fb8-347f-4d4d-84bb-195c9d51b06b
1,"Mind Rot",rtr,"Return to Ravnica",70,nonfoil,€0.04,common,5261ab4b-dfe7-4761-a71c-44a893fc4a69
1,"Guildless Commons",cmr,"Commander Legends",351,nonfoil,€2.13,uncommon,c6c8d290-b5d2-412c-8db9-5a6246f430e8,2022-05-09T20:25:40.741Z
2,"Bile Urchin",bok,"Betrayers of Kamigawa",61,nonfoil,€0.07,common,801c2b46-c7a7-44d6-ae38-5d34bf00c404
1,"Overwhelmed Apprentice",eld,"Throne of Eldraine",60,nonfoil,€0.09,uncommon,8659092e-4fe8-42be-ab03-efc99ed37436,2022-05-09T20:03:47.266Z
2,"War-Torch Goblin",rav,"Ravnica: City of Guilds",151,nonfoil,€0.05,common,259469b3-1212-4030-97ae-a84f132798d4
2,"Gather the Townsfolk",dka,"Dark Ascension",8,nonfoil,€0.13,common,9cfa554b-ee6d-4d4e-aabc-fe7bc6b25236
1,"Ixidron",c19,"Commander 2019",87,nonfoil,€0.29,rare,c30ec372-5cf7-471c-b3fd-411095fc249a
1,"Urban Evolution",c19,"Commander 2019",205,nonfoil,€0.11,uncommon,ccad9db2-19e3-4ed9-8dda-9badf510e945
1,"Mark of the Oni",bok,"Betrayers of Kamigawa",73,nonfoil,€0.19,uncommon,632679e5-7368-4660-a765-07be196c3c35
1,"Timesifter",mrd,"Mirrodin",262,nonfoil,€0.72,rare,561cab0e-8874-4534-bf79-0c1488a9f0a5,2022-05-09T20:14:31.889Z
3,"Hinder",chk,"Champions of Kamigawa",65,nonfoil,€0.18,uncommon,dc7befed-805b-4a02-a87d-7df3a95db8a0
1,"Tomb of the Spirit Dragon",ktk,"Khans of Tarkir",245,nonfoil,€0.21,uncommon,eb6be7ab-8fad-4606-b623-f2188219d60b,2022-09-26T17:18:08.583Z
2,"Scourge of the Nobilis",eve,"Eventide",146,nonfoil,€0.22,common,6adccc97-3774-4c57-aa78-dcb9fbbe9324
1,"Celestial Crusader",ddf,"Duel Decks: Elspeth vs. Tezzeret",14,nonfoil,€0.09,uncommon,3f283c33-081d-48a1-8efc-4d0050f768cb
1,"Psychosis Crawler",mbs,"Mirrodin Besieged",126,nonfoil,€0.35,rare,4dd84701-857e-4948-8cb8-39b8a321a177,2024-04-23T17:14:05.642Z
1,"Orzhova, the Church of Deals",gpt,"Guildpact",162,nonfoil,€0.15,uncommon,9015cc09-56c9-4d8f-b241-a0cfaec7e1f1
3,"Yamabushi's Flame",chk,"Champions of Kamigawa",198,nonfoil,€0.04,common,1a9bacba-55c4-4b92-bdd9-01b6035ed1b2
1,"Obscuring Aether",dtk,"Dragons of Tarkir",194,nonfoil,€0.13,rare,0bff71e3-b309-4659-9d43-7a0d8ada1efc,2022-09-26T17:18:44.229Z
1,"Sanguine Bond",m14,"Magic 2014",112,nonfoil,€2.77,rare,e50e807d-b2eb-4b62-8663-8ad17eed2a39,2023-02-01T09:27:30.545Z
2,"Goblin Striker",mrd,"Mirrodin",94,nonfoil,€0.09,common,f7654d8a-7013-4311-b29e-b55aaa1bf502
1,"Okina, Temple to the Grandfathers",chk,"Champions of Kamigawa",280,nonfoil,€3.02,rare,ee8cf7aa-388c-47ec-be59-6ba98f3853cb
1,"Gate Hound",rav,"Ravnica: City of Guilds",19,nonfoil,€0.08,common,06732c6f-c3b5-4c68-82a0-655cffff79db
2,"Minotaur Illusionist",apc,"Apocalypse",111,nonfoil,€0.10,uncommon,d8a49d29-6d01-4b1d-80c8-9e5378a76878
1,"Reckless One",ons,"Onslaught",222,foil,€4.84,uncommon,37775f40-10de-4f5d-abb2-c49e682039de
1,"Reckless One",ons,"Onslaught",222,nonfoil,€0.39,uncommon,37775f40-10de-4f5d-abb2-c49e682039de
1,"Beanstalk Giant // Fertile Footsteps",eld,"Throne of Eldraine",295,nonfoil,€0.28,uncommon,49875f7a-31b9-4276-b971-8ead1e18fc81,2022-10-06T10:56:58.119Z
1,"Keepers of the Faith",leg,"Legends",24,nonfoil,€0.53,common,b63a69ae-99ce-4d26-88b7-784793c43cd4
1,"Ragged Veins",chk,"Champions of Kamigawa",139,nonfoil,€0.12,common,c7f3312f-71d0-4dfd-ba39-c2a2ff8d5bd0
1,"Goblin Ruinblaster",zen,"Zendikar",127,nonfoil,€0.24,uncommon,0d95d1f3-7ec1-4279-ade7-3f339f2f33da
1,"Spectral Sailor",m20,"Core Set 2020",76,nonfoil,€0.16,uncommon,67483891-36d1-46f2-8b4f-b8b7bd54bdcc,2022-09-26T17:21:01.728Z
1,"Spectral Sailor",voc,"Crimson Vow Commander",114,nonfoil,€0.19,uncommon,d6e1dd43-8ce8-4225-8a04-d6f071f5fb31
1,"Genesis Chamber",dst,"Darksteel",122,nonfoil,€1.12,uncommon,f0a66ded-c697-4bab-8abf-464185f32a70
4,"Kitsune Healer",chk,"Champions of Kamigawa",27,nonfoil,€0.05,common,11bb6894-b56a-4a63-859a-65a0c2d160fc
1,"Blinkmoth Infusion",5dn,"Fifth Dawn",25,nonfoil,€1.08,rare,ccb4d9a3-e7f6-41e2-9545-4682efd71f46
1,"Precursor Golem",som,"Scars of Mirrodin",194,nonfoil,€0.10,rare,1c4625ad-1c83-4095-a5a2-0fc9fa4dd5f2
1,"Haldir, Lórien Lieutenant",ltc,"Tales of Middle-earth Commander",39,nonfoil,€0.47,rare,440e5796-9264-4649-bf2f-58826dd0352c,2023-08-12T14:31:24.601Z
1,"Viridian Shaman",9ed,"Ninth Edition",280,nonfoil,€0.08,uncommon,21971049-f988-40ec-b5ae-0ac0575f1939
1,"Merrow Bonegnawer",eve,"Eventide",37,nonfoil,€0.11,common,09e49aa4-ac23-49b1-b9b7-49d45b56b21d
1,"Everbark Shaman",mor,"Morningtide",121,nonfoil,€0.15,common,077ae521-a176-4d93-92b1-89ba674f86e4
1,"Phantom Nantuko",jud,"Judgment",128,nonfoil,€0.37,rare,66f8ca45-b60f-4bb9-9f7e-1b5e13478f22
1,"Preeminent Captain",mor,"Morningtide",20,nonfoil,€0.79,rare,41659773-8b26-41bf-afcc-805f373c0074
3,"Ire of Kaminari",bok,"Betrayers of Kamigawa",109,nonfoil,€0.07,common,0b927e30-3508-4daf-91ce-8978b04062cb
1,"Reveillark",mor,"Morningtide",22,nonfoil,€0.40,rare,5629edd4-b5d3-43f8-8c7c-f9d916e35158
1,"Generous Gift",mh1,"Modern Horizons",11,nonfoil,€0.89,uncommon,983f4711-20a8-4023-8201-9a74deab10be
1,"Intangible Virtue",isd,"Innistrad",19,nonfoil,€0.15,uncommon,0dd21f5e-d284-4072-87b9-7f0e6140fe60
1,"Electrolyze",gpt,"Guildpact",111,nonfoil,€0.20,uncommon,ef42b5b2-6504-486c-aaa0-9d5e4769ba1d
1,"Buried Ruin",2xm,"Double Masters",312,nonfoil,€0.50,uncommon,da65afdc-a994-44cb-83f9-6e7f0f3ab2f1
1,"Clockwork Condor",mrd,"Mirrodin",154,nonfoil,€0.08,common,02a7e1a6-347e-47bc-8a14-e584a45941e1
1,"Skirk Prospector",dom,"Dominaria",144,nonfoil,€0.14,common,1636d138-aa63-476f-a930-41b1be988032
1,"Icon of Ancestry",lcc,"The Lost Caverns of Ixalan Commander",305,nonfoil,€0.43,rare,f6cdbdf3-f8bd-48a9-8a47-6b0b9d5de0db,2024-04-23T17:08:51.906Z
1,"Urza's Tower",atq,"Antiquities",85c,nonfoil,€13.47,uncommon,4a03554a-0ee7-4106-b3e4-4bc51f48032d
1,"Reckless Waif // Merciless Predator",isd,"Innistrad",159,nonfoil,€0.21,uncommon,028aeebc-4073-4595-94da-02f9f96ea148
1,"Krark-Clan Ironworks",5dn,"Fifth Dawn",134,nonfoil,€10.05,uncommon,c60174d6-1f9d-4870-b3db-34d6fcb3f6ab
2,"Thought Vessel",mkc,"Murders at Karlov Manor Commander",245,nonfoil,€1.28,uncommon,67b26b45-19bf-4675-86c4-fae4f3aca234,2024-04-23T17:16:18.380Z
2,"Vampiric Fury",isd,"Innistrad",167,nonfoil,€0.08,common,de4fd254-0ae9-498d-b9da-4fb3d6a1a55c
1,"Seeds of Renewal",ltc,"Tales of Middle-earth Commander",260,nonfoil,€0.16,rare,18bb0434-b49e-4626-bad6-06b2caef4d5d,2023-08-12T14:42:30.299Z
1,"Darksteel Ingot",dst,"Darksteel",112,nonfoil,€0.13,common,b02b9634-77e9-48ae-a6bf-859598d12c52
4,"Kami of Tattered Shoji",bok,"Betrayers of Kamigawa",11,nonfoil,€0.02,common,dc6deb57-4ee3-4716-8644-28283704f994
1,"Talara's Bane",eve,"Eventide",47,nonfoil,€0.08,common,bd68e4c4-0216-4f58-a3ce-3432ab5830c6
2,"Vicious Betrayal",5dn,"Fifth Dawn",60,nonfoil,€0.05,common,75ca003f-dc03-4533-a245-fde836aab5eb
2,"Goblin Sky Raider",ons,"Onslaught",208,nonfoil,€0.12,common,738cbf9b-e3d3-4568-93ce-7915b248e5b3
1,"Whip Sergeant",pcy,"Prophecy",107,nonfoil,€0.15,uncommon,2e6b3f38-87c9-4cea-b9e5-b8fb42e64794
1,"Rhoda, Geist Avenger",voc,"Crimson Vow Commander",8,nonfoil,€0.35,rare,c434e774-c908-46b9-ba18-52e1efe092de
1,"Harbinger of Spring",bok,"Betrayers of Kamigawa",128,nonfoil,€0.08,common,19fd23b5-5e57-44dc-8248-c4b9eb71c4f3
1,"Chromeshell Crab",c19,"Commander 2019",81,nonfoil,€0.22,rare,c91cf95f-5007-409c-b891-00e10a3477e0
1,"Ivory Crane Netsuke",sok,"Saviors of Kamigawa",155,nonfoil,€0.24,uncommon,dfd84d1a-1e74-4779-996f-f8518f0b5f8c
1,"Open the Armory",cmr,"Commander Legends",34,nonfoil,€1.62,uncommon,6db45698-9da9-4cea-b9bf-0f84ab276b51,2022-10-06T10:56:58.110Z
1,"Savage Surge",rtr,"Return to Ravnica",133,nonfoil,€0.07,uncommon,0fa74aae-e857-410c-8836-953c8623d0b0
1,"Arcbound Javelineer",mh2,"Modern Horizons 2",2,nonfoil,€0.10,uncommon,fe4a2cb0-4129-451e-a946-a21ea646cc28
1,"Swan Song",ltc,"Tales of Middle-earth Commander",197,nonfoil,€10.04,rare,67c5aa41-9c40-4bd3-8e74-29f216b9bc77,2023-08-12T14:37:13.554Z
1,"Haru-Onna",sok,"Saviors of Kamigawa",132,nonfoil,€0.24,uncommon,ceaacab4-f13b-4189-ac78-89fc4cdbaa55
3,"Healer's Headdress",5dn,"Fifth Dawn",129,nonfoil,€0.06,common,9565f076-54a6-43d6-bcf0-dcb932f6c116
1,"Wayfarer's Bauble",5dn,"Fifth Dawn",165,nonfoil,€0.24,common,3db8fc1d-69fa-4a88-8f12-11fd614aac01
1,"Selfless Spirit",emn,"Eldritch Moon",40,nonfoil,€1.41,rare,a4624976-3773-4a1e-b725-5f6efce147a5
5,"Boros Garrison",rav,"Ravnica: City of Guilds",275,nonfoil,€0.29,common,7dfe3f03-078f-44fb-89cd-efa3ebfaf637
1,"Shared Animosity",mor,"Morningtide",104,nonfoil,€1.72,rare,fe332c46-90f0-4cc0-8bf1-35a3934ff8a0,2024-04-25T08:34:45.177Z
1,"Words of Wilding",ons,"Onslaught",305,nonfoil,€1.55,rare,fdb9565f-5b09-4127-b169-3146079dab84
1,"Craterize",m13,"Magic 2013",126,nonfoil,€0.12,common,e5459409-5103-4a97-a6fb-3e3ab896eb66
4,"Cranial Plating",5dn,"Fifth Dawn",113,nonfoil,€0.29,common,90ea95d0-9f95-462b-a080-22a5da7b2e97
2,"Terraformer",rav,"Ravnica: City of Guilds",70,nonfoil,€0.04,common,a0b9d4f3-4570-4fe0-857f-97f5bd6ead44
1,"Dross Crocodile",5dn,"Fifth Dawn",47,nonfoil,€0.05,common,85e61e00-c55b-4384-923b-a777f75cbe79
1,"Panic Attack",8ed,"Eighth Edition",209,nonfoil,€0.03,common,6b65b86b-a346-4b86-bca4-83dae3f14c1b
2,"Geist Trappers",avr,"Avacyn Restored",179,nonfoil,€0.04,common,26f00a18-0ff7-42e4-be16-aa34fe27093b
1,"Rust Elemental",mrd,"Mirrodin",234,nonfoil,€0.28,uncommon,967a08cd-72b3-4b3f-9f23-15697704acb3
1,"Enshrined Memories",bok,"Betrayers of Kamigawa",124,nonfoil,€0.38,rare,aeefab6e-582a-42bb-bb27-d6aadd1d35c5
11,"Akki Avalanchers",chk,"Champions of Kamigawa",151,nonfoil,€0.03,common,bfef6acb-a11c-4a3f-9cfb-9394dece2675
1,"Spara's Adjudicators",snc,"Streets of New Capenna",335,nonfoil,€0.03,common,4495468f-a587-48f7-875d-dad80b86c156,2022-05-02T18:52:57.534Z
1,"In the Web of War",bok,"Betrayers of Kamigawa",108,foil,€3.07,rare,f12b7124-d9d0-480c-b622-777a74d4f679
1,"Beast Whisperer",grn,"Guilds of Ravnica",123,nonfoil,€3.69,rare,9da6f595-41b2-4e52-b15a-6ad18e4232c7,2022-09-26T17:20:13.554Z
1,"Eye of the Storm",rav,"Ravnica: City of Guilds",48,nonfoil,€0.43,rare,49967eb9-5020-4f0a-8775-5114f6d96d75
1,"Krark-Clan Grunt",mrd,"Mirrodin",97,nonfoil,€0.04,common,ffd9e422-206e-4c25-9964-ed6592c16e12
1,"Realm Seekers",ltc,"Tales of Middle-earth Commander",258,nonfoil,€0.17,rare,a4c0f889-adcb-4947-830f-7fc6899575d4,2023-08-12T14:42:09.849Z
1,"Etched Oracle",5dn,"Fifth Dawn",121,nonfoil,€0.07,uncommon,b7fcd005-9b54-42c1-8ce1-a20665d0fd8b
1,"Invisible Stalker",isd,"Innistrad",60,nonfoil,€0.82,uncommon,0013620d-8e17-4246-86bf-71eafd51b806
2,"Spark Elemental",5dn,"Fifth Dawn",79,nonfoil,€0.13,common,b9c8bcb2-8247-4d91-baf6-b08de1eb9cde
2,"Krark-Clan Stoker",dst,"Darksteel",65,nonfoil,€0.06,common,a90da818-ffa1-435d-8734-fc7a1330d323
1,"Temple of Abandon",ths,"Theros",224,nonfoil,€0.31,rare,46febc5d-1625-4e48-bb3f-31ee06fc13dd,2022-05-09T20:04:19.488Z
1,"Mind Stone",c18,"Commander 2018",210,nonfoil,€0.24,common,42bd038d-1005-4095-9310-108caa56465f
1,"Mind Stone",ima,"Iconic Masters",219,nonfoil,€0.22,common,c54814f1-3598-4859-b956-b39d8335e6d3
4,"Disembowel",rav,"Ravnica: City of Guilds",85,nonfoil,€0.06,common,c1edb79d-0031-4dc6-8881-f6d1fe4acba2
1,"Demystify",ons,"Onslaught",24,nonfoil,€0.06,common,d0df839f-dc4c-44b0-82c7-cb2037172ac5
2,"Sakura-Tribe Springcaller",bok,"Betrayers of Kamigawa",142,nonfoil,€0.09,common,b2ca7687-ba90-4479-8c6e-ece3f29fff12
1,"Terramorphic Expanse",c19,"Commander 2019",281,nonfoil,€0.10,common,9acbdb64-fa26-4c77-b513-33e44ac86e20
3,"Barbarian Riftcutter",rav,"Ravnica: City of Guilds",114,nonfoil,€0.08,common,152f4cfa-4f03-404d-a6f7-24c27505906f
2,"Rain of Blades",scg,"Scourge",20,nonfoil,€0.07,uncommon,418476cd-94da-47a5-ba77-6bb4771e9c89
1,"Okiba-Gang Shinobi",bok,"Betrayers of Kamigawa",76,nonfoil,€0.67,common,5cd9297e-301e-4e70-af9b-3218eacacf8d
1,"Windswift Slice",ltc,"Tales of Middle-earth Commander",45,nonfoil,€1.40,rare,f8097193-1d32-4235-afd4-f6839602e4fb,2023-08-12T14:32:41.453Z
2,"Jedit's Dragoons",tsp,"Time Spiral",25,nonfoil,€0.04,common,e29cc9e5-29b7-4e3c-a0cd-46265b0f74ac
3,"Torrent of Fire",scg,"Scourge",107,nonfoil,€0.03,common,feeee859-f64a-4cd8-be0b-ad60cff8812e
1,"Book Burning",jud,"Judgment",80,nonfoil,€0.12,common,bead678c-7b6a-4668-9919-623312e08a65
2,"Distress",chk,"Champions of Kamigawa",111,nonfoil,€0.08,common,8130a902-3a03-4473-a64f-84cf3590f4c6
1,"Muraganda Petroglyphs",fut,"Future Sight",146,nonfoil,€0.44,rare,4091524c-569c-4668-b18a-7f869b1169f3
1,"Reaper of Sheoldred",nph,"New Phyrexia",72,nonfoil,€0.39,uncommon,a300a645-aec6-4cda-8c11-1e8a6af056ff
1,"Screams from Within",dst,"Darksteel",52,foil,€7.52,uncommon,86c03b3c-5140-4577-a1aa-952986223a82
1,"Sedgemoor Witch",stx,"Strixhaven: School of Mages",86,foil,€2.14,rare,e900c1eb-968b-4046-b824-c167a7a5b682,2024-04-25T08:38:30.796Z
1,"Viridian Lorebearers",5dn,"Fifth Dawn",99,nonfoil,€0.07,uncommon,85673b93-39b7-44e1-b27d-b716bde42f0b
2,"Vulshok Sorcerer",5dn,"Fifth Dawn",80,nonfoil,€0.16,common,4a7207dd-854a-4150-b813-f60713ecfc30
1,"Borderland Ranger",avr,"Avacyn Restored",169,nonfoil,€0.06,common,8f067c26-c51d-44d0-a0af-106b5778f06a
1,"Golgari Grave-Troll",rav,"Ravnica: City of Guilds",167,nonfoil,€0.83,rare,f61b50e6-2166-435d-bf48-c4a0cff9999c
1,"Goblin Matron",mh1,"Modern Horizons",129,nonfoil,€0.18,uncommon,2092e6db-1196-43bf-b7c9-07498fa7ca90
1,"Victorious Destruction",nph,"New Phyrexia",99,nonfoil,€0.02,common,7b81cb30-e9f8-41f3-a10b-26e0ba2503aa
2,"Wave of Indifference",ons,"Onslaught",243,nonfoil,€0.06,common,2c88b942-06d5-45d8-a4d8-6ca864f65516
1,"Orcish Artillery",9ed,"Ninth Edition",206,nonfoil,€0.08,uncommon,14addda6-7f7c-4c7f-abfe-e647e0282936
2,"Searing Spear",m13,"Magic 2013",147,nonfoil,€0.08,common,11a94b7c-0216-473c-87a6-71e5a64d7799
1,"Shrine of the Forsaken Gods",c19,"Commander 2019",273,nonfoil,€0.20,rare,40838c37-3a23-4639-b3ff-879cf4b73d7a
1,"Daru Mender",lgn,"Legions",8,nonfoil,€0.10,uncommon,de13fba8-3fee-4ce2-b84d-b518a99eefe0
1,"Skyreach Manta",5dn,"Fifth Dawn",152,nonfoil,€0.07,common,f6b11e69-09ec-4e26-a64d-c129c45574b1
1,"Redeem",8ed,"Eighth Edition",37,nonfoil,€0.15,common,b9ba3fde-f5ff-4e59-88a0-3c38fc5e75e0
2,"Whirlpool Drake",apc,"Apocalypse",34,nonfoil,€0.23,uncommon,6e866093-89a3-458d-8ebc-de805ef7885e
1,"Stealer of Secrets",rtr,"Return to Ravnica",53,foil,€0.20,common,30ae7001-4d0f-4160-b41c-2fcb83fdb60b
1,"Stern Judge",tor,"Torment",16,nonfoil,€0.15,uncommon,436044d7-981c-4273-a0b4-6dd455608c47
1,"Mirkwood Trapper",ltc,"Tales of Middle-earth Commander",62,nonfoil,€0.16,rare,ca079e59-4433-49c7-9001-abac20b776e4,2023-08-12T14:33:37.937Z
4,"Shinka Gatekeeper",bok,"Betrayers of Kamigawa",117,nonfoil,€0.03,common,8fdaf49b-9524-4824-807e-c40fcb381742
1,"Accursed Centaur",ons,"Onslaught",123,nonfoil,€0.03,common,894556d8-6d5c-431b-a45d-26cd37c5f456
1,"Pitfall Trap",zen,"Zendikar",32,nonfoil,€0.03,uncommon,2823d9a5-dd2f-4e6a-8e3d-554c4204aa32
3,"Accorder Paladin",mbs,"Mirrodin Besieged",1,nonfoil,€0.20,uncommon,df0a4370-729d-40e7-b68b-21902648492d
1,"Liliana, Death's Majesty",mic,"Midnight Hunt Commander",121,nonfoil,€0.63,mythic,b63ae119-f91e-4d0d-8bbd-65350a4d47c4,2024-04-23T17:11:32.205Z
1,"Feeling of Dread",isd,"Innistrad",14,nonfoil,€0.22,common,846a2f9e-ad4f-4666-b152-fdeab7559d86
2,"Woodland Cemetery",dom,"Dominaria",248,nonfoil,€0.90,rare,ba05cf47-9823-41f9-b893-321ea89e473e
2,"Battered Golem",5dn,"Fifth Dawn",106,nonfoil,€0.26,common,f69add35-c529-4b30-8e64-f09b8308432f
4,"Kami of the Hunt",chk,"Champions of Kamigawa",219,nonfoil,€0.07,common,5ace3c4e-3287-4975-b4d0-91f009c0cf5b
1,"Slithery Stalker",tor,"Torment",84,nonfoil,€0.12,uncommon,0c875bb6-55bb-41cc-8825-8011581ff001
1,"Emergency Weld",bro,"The Brothers' War",93,nonfoil,€0.08,common,ec94d440-3922-4588-bf7b-d8670f81ef4e,2024-04-25T08:41:08.365Z
1,"Dovin's Veto",war,"War of the Spark",193,nonfoil,€1.10,uncommon,5d6b5054-2224-4f68-9d82-3ed17c5dacc4
6,"Aven Farseer",scg,"Scourge",3,nonfoil,€0.04,common,47854e89-4d22-4eb6-a77d-6f04407bd2e5
1,"Aven Farseer",scg,"Scourge",3,foil,€0.49,common,47854e89-4d22-4eb6-a77d-6f04407bd2e5
2,"Oni Possession",chk,"Champions of Kamigawa",135,nonfoil,€0.09,uncommon,695f122d-e1b7-4dd4-a770-a8f206ba42da
1,"Horned Turtle",m10,"Magic 2010",55,nonfoil,€0.08,common,faabd1d9-e1c0-4f5e-88d6-a8d480cf30ba
1,"Brash Taunter",m21,"Core Set 2021",133,nonfoil,€0.88,rare,ebb5e613-a803-42f3-840a-7089ac6b7e3d
1,"Peace Strider",mbs,"Mirrodin Besieged",119,nonfoil,€0.05,uncommon,55710eb0-ae16-420a-9f99-6a245e0f4c14
1,"Nature's Spiral",m11,"Magic 2011",187,nonfoil,€0.08,uncommon,af72071d-e1d2-45f7-94ad-2bdf2c67e819
1,"Blades of Velis Vel",lrw,"Lorwyn",152,nonfoil,€0.15,common,5a3ac629-a8c9-4b84-a8ea-b775d7913238
1,"Neck Snap",lrw,"Lorwyn",32,nonfoil,€0.06,common,fc326b79-363e-4c14-86e4-23041f2d6b4f
1,"Spined Wurm",m11,"Magic 2011",197,nonfoil,€0.06,common,c5334998-3c84-4b04-a5c2-d66c9d99e93b
1,"Berg Strider",khm,"Kaldheim",47,nonfoil,€0.11,common,f3567bdc-450e-4481-9349-a80fe52fe431
1,"Summoning Station",5dn,"Fifth Dawn",158,nonfoil,€2.03,rare,c8072944-268a-41e0-a1d8-9fe33e964bff
1,"Zhalfirin Void",dom,"Dominaria",249,nonfoil,€0.31,uncommon,e03f41f3-7304-4b45-bc16-fa1ddcc5eff0
1,"Arcane Denial",a25,"Masters 25",41,nonfoil,€2.35,common,9d1ffeb1-6c31-45f7-8140-913c397022a3
1,"Arcane Denial",voc,"Crimson Vow Commander",102,nonfoil,€2.31,common,247e08a1-b9ce-4312-aec4-626992933038
1,"Serum Visions",5dn,"Fifth Dawn",36,nonfoil,€0.43,common,4bc61952-88ba-447a-835a-f1e9643fcd0d
1,"Kethis, the Hidden Hand",m20,"Core Set 2020",211,foil,€8.75,mythic,fe28de73-76f3-4a9e-a020-dbe5921b9be5
1,"Kadena's Silencer",c19,"Commander 2019",8,nonfoil,€0.25,rare,cfe101fc-0c3d-461b-8c46-bb1bef97e739
1,"Teferi, Mage of Zhalfir",tsr,"Time Spiral Remastered",91,nonfoil,€0.98,mythic,8fc5e4a8-ea7b-4803-a7ed-3b915708661f,2022-10-06T10:56:58.123Z
1,"Darkwater Catacombs",c19,"Commander 2019",238,nonfoil,€0.29,rare,04360f65-bfed-4e3f-8733-11ad586d3c5f
1,"Harbor Bandit",m13,"Magic 2013",95,nonfoil,€0.06,uncommon,8422e109-de8d-46ea-a7f8-d5ccb6340497
2,"Axebane Stag",rtr,"Return to Ravnica",116,nonfoil,€0.06,common,bfce7c02-ccc3-44cd-8087-627eaa6a072e
1,"Arrow Volley Trap",zen,"Zendikar",2,nonfoil,€0.04,uncommon,d94d5ae2-4d37-4c5f-b490-e578297d87c2
1,"Oran-Rief, the Vastwood",zen,"Zendikar",221,nonfoil,€0.85,rare,9bcc3bab-46f8-4ed2-abdb-7a117ad07d03
4,"Kumano's Blessing",bok,"Betrayers of Kamigawa",111,nonfoil,€0.05,common,56f0d9aa-4270-41cd-8993-765354c03d03
4,"Seat of the Synod",mrd,"Mirrodin",283,nonfoil,€0.75,common,5da5587d-6b6c-4645-8cc9-2866d1e6911b
2,"Kessig Naturalist // Lord of the Ulvenwald",mid,"Innistrad: Midnight Hunt",310,nonfoil,€0.10,uncommon,3ee3f0ed-e4ea-483e-bacc-d58bcf9e07b5,2024-04-19T21:38:33.120Z
1,"Mindclaw Shaman",m13,"Magic 2013",142,nonfoil,€0.50,uncommon,0f342fe9-aa73-4222-b908-d4035b5746be
1,"Fist of Suns",5dn,"Fifth Dawn",123,nonfoil,€3.63,rare,9997c580-596b-43d5-b4a0-9acc8fc2ef26
1,"Bane of the Living",c19,"Commander 2019",104,nonfoil,€0.29,rare,946a0fb7-0e36-47d5-8083-09f48725dff1
4,"Skirk Volcanist",scg,"Scourge",104,nonfoil,€0.10,uncommon,8cdfb7e3-e077-400a-868d-3f3811e7a35c
2,"Counterspell",mh2,"Modern Horizons 2",267,nonfoil,€1.51,uncommon,1920dae4-fb92-4f19-ae4b-eb3276b8dac7
1,"Primevals' Glorious Rebirth",dom,"Dominaria",201,nonfoil,€0.72,rare,80dd2950-502c-4859-85fe-9fbef09aef43
1,"Obliterate",8ed,"Eighth Edition",204,nonfoil,€0.91,rare,c85f9623-5900-473c-a3b1-f98473b9a545
2,"Unnatural Speed",chk,"Champions of Kamigawa",197,nonfoil,€0.06,common,a542b1f4-82f8-471a-b0a6-7ead9167da27
1,"Lose Hope",5dn,"Fifth Dawn",52,nonfoil,€0.09,common,438d7bf6-00f4-4c7e-b1a4-f7fd690d4788
1,"Keep Watch",jud,"Judgment",43,nonfoil,€1.07,common,6e702ee4-62b5-4d3b-a202-8cac4b84591c
1,"Opulent Palace",c19,"Commander 2019",264,nonfoil,€0.29,uncommon,2ab5ad38-6415-42b5-b250-3cfdf36e00ef
1,"Necrogen Spellbomb",mrd,"Mirrodin",216,nonfoil,€0.15,common,0950bfe7-2600-4e01-8f54-f03a5c023520
1,"Jarl of the Forsaken",khm,"Kaldheim",100,nonfoil,€0.09,common,f5b12c6c-c3d6-4b8a-bed4-d61f67f565b9
1,"Awakener Druid",m10,"Magic 2010",167,foil,€0.43,uncommon,821bd93c-e25e-4a8d-b4ec-b459ef37f6c8
2,"Awakener Druid",m11,"Magic 2011",163,nonfoil,€0.09,uncommon,e5ea3786-c64c-4e36-8b3b-19da0c0b46d3
1,"Cytoplast Root-Kin",mm2,"Modern Masters 2015",143,nonfoil,€0.22,uncommon,22e149b2-6bac-4749-ab06-edde21dc408e
2,"Season of Growth",m20,"Core Set 2020",191,nonfoil,€0.24,uncommon,65b9a718-01b9-46b2-85eb-55f6206ee5e4
1,"Chapel Geist",isd,"Innistrad",7,nonfoil,€0.03,common,790cdf67-80d6-4ade-aecf-f77120b509b0
1,"Griffin Protector",m13,"Magic 2013",16,nonfoil,€0.03,common,ddae4f7a-525c-4306-81b5-b0991840a11e
1,"Feather of Flight",blb,"Bloomburrow",13,nonfoil,€0.14,uncommon,9fb41503-8632-4bf1-9bfe-6d9b9993c337,2024-09-21T15:12:48.058Z
1,"Clinging Darkness",rav,"Ravnica: City of Guilds",80,nonfoil,€0.10,common,2a939a4e-5a9e-454f-8716-cee7470f05e2
1,"Struggle for Skemfar",khm,"Kaldheim",196,nonfoil,€0.06,common,a67747a9-3299-4b4a-a4e0-e8a269c4f927
1,"Azorius Chancery",voc,"Crimson Vow Commander",171,nonfoil,€0.31,uncommon,26700da8-2b89-4a15-b167-38bfaf7b4348
1,"Reito Lantern",chk,"Champions of Kamigawa",267,nonfoil,€0.19,uncommon,90eba910-852b-47e0-b4cd-07f30d80f921
1,"Selesnya Sanctuary",rav,"Ravnica: City of Guilds",281,nonfoil,€0.19,common,c5e51787-f9c9-4926-9df1-a384a3092676,2022-05-09T20:13:03.004Z
1,"Scrap Trawler",paer,"Aether Revolt Promos",175,foil,€1.09,rare,3702f2f1-971c-4b25-b099-0f10b5097ce8,2022-05-09T20:09:25.319Z
1,"Wild Beastmaster",rtr,"Return to Ravnica",139,nonfoil,€0.20,rare,a4d4ef98-949b-49db-b4f9-a070f8b4ff47
3,"Ingenious Infiltrator",mh1,"Modern Horizons",204,nonfoil,€1.26,uncommon,919cd266-b796-4a1c-937f-76b565c82495
1,"Induce Paranoia",rav,"Ravnica: City of Guilds",56,nonfoil,€0.07,common,bc462b75-8b08-47a3-be22-d7b5c062ec5b
1,"Agent of Kotis",tdm,"Tarkir: Dragonstorm",36,nonfoil,€0.02,common,812d0462-0158-467f-951d-a7a121188a10,2025-12-24T12:16:21.377Z
1,"Order of the Sacred Bell",chk,"Champions of Kamigawa",232,nonfoil,€0.06,common,5bc9093a-4397-432f-b9e3-3693efcaec20
1,"Testament of Faith",ody,"Odyssey",55,nonfoil,€0.10,uncommon,f399b371-fed0-42b8-8f95-5d76fdbe193d
1,"Lost in the Woods",dka,"Dark Ascension",123,nonfoil,€0.13,rare,5865603c-0a5e-45c3-84e3-2dc3b4cf0cf7
1,"Oketra's Monument",akh,"Amonkhet",233,nonfoil,€2.98,uncommon,104503a6-bca5-48d7-88b1-424f98985d75,2024-04-25T08:40:11.132Z
2,"Lava Spike",chk,"Champions of Kamigawa",178,nonfoil,€0.93,common,60b2fae1-242b-45e0-a757-b1adc02c06f3
1,"Mind Peel",sth,"Stronghold",63,nonfoil,€0.17,uncommon,92bd531c-fdd1-4a22-816e-258b2975c1a3
5,"Kor Duelist",zen,"Zendikar",19,nonfoil,€0.22,uncommon,4fd1af74-ba3b-4528-9490-99edd54e9fe1
1,"Carrion Feeder",scg,"Scourge",59,nonfoil,€2.14,common,88042031-64af-4f84-85d5-95992b43aa6c,2024-04-25T08:32:19.086Z
1,"Cabal Torturer",tor,"Torment",53,nonfoil,€0.02,common,ebcf8dd7-f45c-4ac2-9507-fa175fe89887
1,"Arcbound Fiend",dst,"Darksteel",96,nonfoil,€0.11,uncommon,408f42ae-fb83-4c8a-8638-38c719dec197
2,"Nightsky Mimic",eve,"Eventide",91,nonfoil,€0.09,common,70dbda67-3bc4-4c8a-8357-250d84d0d1d8
1,"Blademane Baku",bok,"Betrayers of Kamigawa",95,nonfoil,€0.02,common,78bfd388-3648-4bc3-8c10-d6b3b79a9479
1,"Circle of Protection: Red",9ed,"Ninth Edition",11,nonfoil,€0.27,uncommon,d7920b6d-ff71-4802-9589-e1df0c58b9ff
1,"Titanic Growth",m13,"Magic 2013",195,nonfoil,€0.03,common,5f1fb9f8-c070-40c9-89cd-c74eb8dbbf1a
3,"Titanic Growth",m20,"Core Set 2020",343,nonfoil,€0.13,common,0db41405-87a2-4a91-97f4-a8af2ffe8313
1,"Bioshift",gtc,"Gatecrash",214,nonfoil,€0.12,common,6e18f7a9-2af6-467a-8f62-5f7da83a3c92
1,"Blistercoil Weird",rtr,"Return to Ravnica",211,nonfoil,€0.19,uncommon,d2a8e716-ea33-4ae2-9ff8-5e78b0e50459
1,"Talisman of Curiosity",pip,"Fallout",245,foil,€1.95,uncommon,9544d0d1-f9bb-43a5-9c39-db187a6efe3b,2024-04-19T21:30:22.094Z
1,"Hovermyr",nph,"New Phyrexia",138,nonfoil,€0.25,common,95e4e445-8333-4cb4-b4fb-80957fae0b97
1,"Silver-Fur Master",neo,"Kamigawa: Neon Dynasty",353,nonfoil,€0.24,uncommon,5d9a0771-072c-4b0c-afcb-15a6406473c6,2022-05-02T18:42:45.548Z
1,"Blood Seeker",zen,"Zendikar",80,nonfoil,€0.24,common,d1abc9e8-9ecf-4665-9ea5-ee18ab83c148
2,"Volcanic Strength",m13,"Magic 2013",155,nonfoil,€0.11,common,f1963f08-1765-4f3e-92be-479773de47a0
1,"Gloryscale Viashino",arb,"Alara Reborn",120,nonfoil,€0.10,uncommon,8e02e9e6-4cff-404a-94a3-e844ef7cadee
1,"Wojek Apothecary",rav,"Ravnica: City of Guilds",36,nonfoil,€0.04,uncommon,ef74fea5-2345-4ffd-8951-f420e17259e6
1,"Ur-Golem's Eye",dst,"Darksteel",155,nonfoil,€0.17,common,00cd61eb-a526-46db-8675-334663e0d63a
2,"Rain of Rust",5dn,"Fifth Dawn",76,nonfoil,€0.04,common,13a6ecc6-83c8-408b-8600-687cdb383ca9
1,"Burr Grafter",chk,"Champions of Kamigawa",203,nonfoil,€0.07,common,935e52a1-a651-4d88-99a8-7de074a01576
1,"Pashalik Mons",dmr,"Dominaria Remastered",133,nonfoil,€1.27,rare,ca20a650-65b0-4714-b7ce-0481af3db377,2024-04-23T17:09:20.232Z
1,"Satyr Wayfinder",uma,"Ultimate Masters",180,nonfoil,€0.16,common,95702caa-c9eb-4538-83ff-3b015c6b1349,2022-10-06T10:56:58.114Z
1,"Gryff Vanguard",avr,"Avacyn Restored",59,nonfoil,€0.02,common,b7238136-c8de-4949-9b54-ff75094e0569
1,"Ghoulcaller's Bell",isd,"Innistrad",224,nonfoil,€0.33,common,863e7c2a-698c-4dce-a10b-ca58e4affa57
1,"Body Launderer",snc,"Streets of New Capenna",417,nonfoil,€1.69,mythic,35c9c2a3-3844-4524-a2cb-8c2c3e6ebea3,2023-02-01T09:21:32.628Z
1,"Basalt Monolith",fbb,"Foreign Black Border",235,nonfoil,€4.39,uncommon,c595b4d2-2bee-4fdd-a34e-46355732e2b1,2024-04-29T22:17:35.272Z
2,"Gutwrencher Oni",chk,"Champions of Kamigawa",113,nonfoil,€0.11,uncommon,7698a5da-5c70-4818-927b-3a923314e537
1,"Battering Craghorn",ons,"Onslaught",188,foil,€0.38,common,9ef71f42-87e5-4b1d-aac1-3752b81cee7c
1,"Resurrection",tsb,"Time Spiral Timeshifted",12,nonfoil,€0.20,special,d99f982f-7288-49b6-90d7-279dee9379e5
1,"Thoughtweft Trio",lrw,"Lorwyn",44,nonfoil,€0.41,rare,9e48d34d-063c-4703-870b-4a22d5774c89
1,"Coral Merfolk",7ed,"Seventh Edition",66,nonfoil,€0.08,common,80ea1af2-f944-4ee1-88bd-2f3ea09bf9e6
1,"Witch's Cottage",eld,"Throne of Eldraine",249,nonfoil,€0.67,common,b87891cd-b457-4dff-8d18-a7eaf6748fc6,2023-02-01T09:23:29.243Z
1,"Hover Barrier",rtr,"Return to Ravnica",40,nonfoil,€0.44,uncommon,884afdb3-0d5f-45a1-b57e-6c3760aa0031
1,"Kadena, Slinking Sorcerer",c19,"Commander 2019",45,foil,€0.41,mythic,68a144f1-df18-4dc5-81c3-dff2af27527f
1,"Tower of Murmurs",mrd,"Mirrodin",268,nonfoil,€0.17,rare,76be1ca8-b68e-436d-86b6-2a2a07da1be9
1,"Starlit Sanctum",ons,"Onslaught",325,nonfoil,€0.32,uncommon,ace5e601-2583-4d9c-8bdf-aa33666c717c,2023-02-01T09:31:13.127Z
2,"Flamestick Courier",ons,"Onslaught",203,nonfoil,€0.06,uncommon,e822161d-0434-4578-aecd-c9ef0b84bd4e
2,"Skirk Commando",ons,"Onslaught",228,nonfoil,€0.12,common,8c870a66-4cd5-4a8d-9948-feffa7d4ff11
1,"Ferocious Charge",5dn,"Fifth Dawn",88,nonfoil,€0.02,common,3749181f-7b4e-4b9d-aaf3-94f707c306aa
2,"Search for Tomorrow",tsp,"Time Spiral",216,nonfoil,€0.17,common,56f739e8-b4ba-426a-a159-0e0d5a0ebb6f
1,"Doomed Traveler",isd,"Innistrad",11,nonfoil,€0.06,common,652c3bbb-cac8-47ad-81de-41e954e17a29,2024-04-23T17:12:27.411Z
1,"Baleful Strix",mkc,"Murders at Karlov Manor Commander",200,nonfoil,€1.37,rare,679c1ac6-a015-45ec-a634-e665e377672b,2024-04-25T08:39:54.379Z
1,"Flash Counter",leg,"Legends",56,nonfoil,€0.99,common,3c3cd450-f1cd-416b-9271-37d95815c089
1,"Jegantha, the Wellspring",iko,"Ikoria: Lair of Behemoths",222,nonfoil,€0.47,rare,1d52e527-3835-4350-8c01-0f2d5d623b9c,2022-10-06T10:56:58.120Z
1,"Biomass Mutation",c19,"Commander 2019",187,nonfoil,€0.19,rare,2267c580-b641-4d6f-8bd9-deb1c6393d14
1,"Thrill-Kill Assassin",rtr,"Return to Ravnica",81,nonfoil,€0.11,uncommon,a9f32204-eda7-4184-92e5-9da8b15b2359
1,"Tezzeret's Gambit",nph,"New Phyrexia",47,nonfoil,€0.32,uncommon,fff5a09e-9276-44b8-b374-4b84aebd47cc
1,"Tezzeret's Gambit",c19,"Commander 2019",98,nonfoil,€0.22,uncommon,1beea6e6-d201-4f6a-ab06-e5a3d04db123
2,"Overgrowth",9ed,"Ninth Edition",262,nonfoil,€0.17,common,cc6da1dd-4172-48df-a3b2-c6d383053f4f
1,"Faerie Tauntings",lrw,"Lorwyn",112,nonfoil,€0.42,uncommon,33727782-dafd-4a7c-96dd-6ffaf667cc6b
1,"Incite",m11,"Magic 2011",145,nonfoil,€0.05,common,6ba4dcc6-05a5-43e9-b445-bae83180aa79
1,"Kami of the Crescent Moon",sok,"Saviors of Kamigawa",42,nonfoil,€3.49,rare,f01ee008-76dd-4d4d-8273-ad5b28c8a2c7
1,"Kami of the Crescent Moon",voc,"Crimson Vow Commander",107,nonfoil,€4.85,rare,dd420010-6eaf-4853-8b7b-11de1157416b
3,"Sparkmage Apprentice",rav,"Ravnica: City of Guilds",144,nonfoil,€0.02,common,6ca91f7f-4b17-469e-8650-4c18e1521ea9
1,"Kemba's Legion",mbs,"Mirrodin Besieged",9,nonfoil,€0.10,uncommon,30731756-81a8-480b-938f-48c1d0cb95d7
1,"Dogged Pursuit",khm,"Kaldheim",85,nonfoil,€0.07,common,60f6a159-b969-4767-802e-409f8bf286fe
1,"Goretusk Firebeast",jud,"Judgment",91,nonfoil,€0.13,common,9919d2dd-d6a1-4d45-b6aa-227ed05d7051
1,"Selesnya Sentry",rtr,"Return to Ravnica",21,nonfoil,€0.04,common,9c34c1f5-d509-4c66-ba41-c7958ef5ee44
1,"Unclaimed Territory",voc,"Crimson Vow Commander",188,nonfoil,€0.40,uncommon,6037414e-8fa6-48df-bcd6-f5be022bf4af
2,"Aether Spellbomb",mrd,"Mirrodin",141,nonfoil,€0.21,common,f3792e8b-4ad7-4e2d-994c-c4eaac0fa55f
1,"Arwen, Weaver of Hope",ltc,"Tales of Middle-earth Commander",35,nonfoil,€6.20,rare,4d4f4d41-232d-4377-be69-de590b880edb,2023-08-12T14:30:56.069Z
1,"Pitchburn Devils",isd,"Innistrad",156,nonfoil,€0.06,common,d31d3de5-4028-457f-8eba-82e829061a40
2,"Sadistic Augermage",rav,"Ravnica: City of Guilds",103,nonfoil,€0.04,common,40283989-c2cc-4f17-a817-2c548d2ce71f
4,"Crossway Vampire",isd,"Innistrad",135,nonfoil,€0.11,common,3e7a137f-e19e-43a6-aab8-02b175c9d626
3,"Attended Knight",m13,"Magic 2013",5,nonfoil,€0.08,common,c0f5cb3f-c27d-4b35-930f-00d806393796
1,"Surtland Frostpyre",khm,"Kaldheim",271,nonfoil,€0.06,uncommon,0b02149a-4a8f-4be9-9944-3d216248b549
2,"Yavimaya Wurm",m11,"Magic 2011",200,nonfoil,€0.04,common,4516b135-3691-4be5-ab73-91fbdc6b24b6
3,"Temporal Fissure",scg,"Scourge",53,nonfoil,€0.17,common,97949c53-aef7-4c0c-b846-8d4003193ced
1,"Orochi Sustainer",chk,"Champions of Kamigawa",236,nonfoil,€0.11,common,5fb40d7a-f2d3-4c9a-a1ab-6b08bd143fe5
1,"Birgi, God of Storytelling // Harnfel, Horn of Bounty",khm,"Kaldheim",123,nonfoil,€20.51,rare,44657ab1-0a6a-4a5f-9688-86f239083821
1,"Jolrael, Mwonvuli Recluse",m21,"Core Set 2021",191,nonfoil,€0.15,rare,7dcdcfce-3f32-48f9-83f8-87b9ccbf92e3
1,"Lightning Coils",mrd,"Mirrodin",198,nonfoil,€0.39,rare,a800f326-3416-4917-a1cf-0f90255777d3
1,"Immersturm Skullcairn",khm,"Kaldheim",263,nonfoil,€0.12,uncommon,12ed97de-736d-43d8-977b-308ac54f88f4
1,"Narfi, Betrayer King",khm,"Kaldheim",329,foil,€0.48,uncommon,46ecbec4-0f29-4795-a16c-15e7ca55af4f
1,"Narfi, Betrayer King",khm,"Kaldheim",329,nonfoil,€0.14,uncommon,46ecbec4-0f29-4795-a16c-15e7ca55af4f
1,"Brushland",9ed,"Ninth Edition",319,nonfoil,€3.39,rare,0bd3ea6a-84f7-41d0-8e4d-222809f1d484,2022-10-06T10:56:58.103Z
1,"Gate to the Aether",mrd,"Mirrodin",174,nonfoil,€0.69,rare,c28fd840-e633-46d3-991a-b9fea95a2f28,2022-09-26T17:16:02.057Z
1,"One Dozen Eyes",mrd,"Mirrodin",126,nonfoil,€0.05,uncommon,c3216148-f64e-434b-80b8-772f6eb831ca
1,"Airborne Aid",ons,"Onslaught",62,nonfoil,€0.22,common,0aaa43b0-601f-4b99-a328-541b04d5696d
1,"Altar of Dementia",mh1,"Modern Horizons",218,nonfoil,€10.10,rare,169356e0-46dc-4096-8e66-36726454f104,2022-10-06T10:56:58.116Z
1,"Keeper of the Accord",pip,"Fallout",451,foil,€0.70,rare,d2abfdea-b367-4e96-a435-4a03f6c98c9f,2024-04-19T21:16:07.154Z
2,"Nourish",dst,"Darksteel",78,nonfoil,€0.04,common,0597dd97-fe6f-4e74-88e5-35528ada0140
1,"Stream of Life",9ed,"Ninth Edition",272,nonfoil,€0.11,uncommon,341aa1b2-e600-4580-b0cd-e1582b75dc81
1,"Pyre of Heroes",khm,"Kaldheim",241,nonfoil,€1.39,rare,ae9a8e44-f5de-497d-be48-adf1bcbaec97
1,"Sunken Hollow",c19,"Commander 2019",278,nonfoil,€0.37,rare,dddcc5e9-6f19-4fb5-9d79-a49ad71bf0c4
1,"Natural Spring",9ed,"Ninth Edition",257,nonfoil,€0.08,common,b1986db3-dd6c-44f2-8d7a-a6b42d55a7c1
1,"Mogg War Marshal",dmr,"Dominaria Remastered",131,nonfoil,€0.11,common,a7f7f39c-94a0-4ccb-b658-23095ada4005,2024-04-19T21:25:07.350Z
1,"Gore Vassal",mbs,"Mirrodin Besieged",7,nonfoil,€0.14,uncommon,c2889bba-58a8-46e1-959c-0fd38c1732f9
1,"Hazoret's Monument",dmc,"Dominaria United Commander",183,nonfoil,€1.37,uncommon,3c862fc4-e2fe-4fad-8bc1-a53f1fecc4de,2024-04-23T17:09:40.079Z
1,"Blighted Woodland",mic,"Midnight Hunt Commander",166,nonfoil,€0.19,uncommon,113bc443-cccc-434d-b3e4-53d15056175d
1,"Damn",mh2,"Modern Horizons 2",80,nonfoil,€1.77,rare,efeae088-9ac5-4d2f-a15c-d8675a471ac5
1,"Battlefield Forge",9ed,"Ninth Edition",318,nonfoil,€1.08,rare,d5064361-a8c7-4002-908a-992252641572,2022-10-06T10:56:58.102Z
1,"Ouphe Vandals",5dn,"Fifth Dawn",90,nonfoil,€0.09,uncommon,896e08f8-7608-4137-9a58-f6eda8f84313
1,"Bastion of Remembrance",iko,"Ikoria: Lair of Behemoths",73,nonfoil,€0.47,uncommon,2dd354dd-939e-4b1a-8ed6-fe89a7fd64bf,2023-01-21T15:48:34.904Z
1,"Skeletal Vampire",gpt,"Guildpact",62,nonfoil,€0.33,rare,69251d44-3038-4b64-ab78-fc87f0406ba2
2,"Squelch",chk,"Champions of Kamigawa",92,nonfoil,€0.20,uncommon,29421dd2-70a7-4623-afe0-ca4cb415ec87
4,"Gnarled Mass",bok,"Betrayers of Kamigawa",127,nonfoil,€0.05,common,5c28728d-4839-4cdf-91d4-b9fb4b5d0449
1,"Outrage Shaman",eve,"Eventide",59,nonfoil,€0.15,uncommon,8bf2b2fb-d521-42ea-a6de-f80054b8a4a6
1,"Sudden Salvation",voc,"Crimson Vow Commander",10,nonfoil,€0.21,rare,ded1c959-454c-4336-8eb5-0160c49d895d
1,"Frantic Search",uma,"Ultimate Masters",57,nonfoil,€0.43,common,b8a6d5a5-ea8a-4d13-a8a6-11587f1bde44
1,"Altar of Shadows",mrd,"Mirrodin",143,nonfoil,€0.30,rare,ebc3824c-11ee-4fec-9397-823783b682d9
1,"Doomskar",khm,"Kaldheim",9,nonfoil,€0.81,rare,130ee895-1e5e-4f82-bb66-e1275bac75dd
2,"Unforge",dst,"Darksteel",71,nonfoil,€0.05,common,d369a3da-3424-4984-a50a-59fd9c3d689e
1,"Ulvenwald Bear",dka,"Dark Ascension",129,nonfoil,€0.20,common,9e3837a7-854a-440d-93d7-d36f50149346
1,"Barkform Harvester",blb,"Bloomburrow",243,nonfoil,€0.17,common,f77049a6-0f22-415b-bc89-20bcb32accf6,2024-12-25T09:54:49.589Z
2,"Rush of Knowledge",scg,"Scourge",49,nonfoil,€0.18,common,65b03b40-671f-4973-8d75-c3fa878ef603
2,"Arachnoform",khm,"Kaldheim",159,nonfoil,€0.06,common,acbe560b-f7b5-4614-91f1-b669a39abc16
1,"Thundering Tanadon",nph,"New Phyrexia",122,nonfoil,€0.12,common,e2fab443-0f4b-45ea-8a6d-435b93803409
2,"Guardian Gladewalker",khm,"Kaldheim",174,nonfoil,€0.09,common,587eed42-5111-4161-9af5-bf76556c542a
1,"Incite War",mrd,"Mirrodin",96,nonfoil,€0.04,common,ee30527c-0eb1-4b66-9028-1607a960019a
1,"Tower of Champions",mrd,"Mirrodin",265,nonfoil,€0.12,rare,f5280aef-dfd2-4d52-bc87-4a6d1f2bd173,2022-05-09T20:15:03.204Z
2,"Hanabi Blast",chk,"Champions of Kamigawa",170,nonfoil,€0.08,uncommon,881fecf4-8c14-4614-84bd-c1a3dcdbb5ff
1,"Trickery Charm",ons,"Onslaught",119,nonfoil,€0.18,common,32a2ee45-7f1d-40a8-82b4-ab3b705417ea
1,"Círdan the Shipwright",ltc,"Tales of Middle-earth Commander",50,nonfoil,€0.24,rare,c4f23d68-d0de-4b57-b0f9-9c0ca770c3c1,2023-08-12T14:32:51.301Z
1,"Impact Tremors",wot,"Wilds of Eldraine: Enchanting Tales",44,nonfoil,€1.95,uncommon,e23cf8e0-0983-4495-ad3e-8b0c3e706115,2024-04-23T17:09:05.736Z
2,"Razorfoot Griffin",8ed,"Eighth Edition",36,nonfoil,€0.03,common,6023b3c7-53bc-4490-8f9b-beb858b068e8
1,"Myriad Landscape",c19,"Commander 2019",261,nonfoil,€0.23,uncommon,3a1c15b9-8039-4de3-a060-d1c38f9e5518
1,"Myriad Landscape",voc,"Crimson Vow Commander",176,nonfoil,€0.22,uncommon,87459013-c5b6-40b7-bcb7-c508c3ee36ee
4,"Goblin Raider",8ed,"Eighth Edition",191,nonfoil,€0.06,common,0837dd6a-d413-40a4-a684-ec637a4f3d4a
1,"Goblin Raider",9ed,"Ninth Edition",S8,nonfoil,€0.11,common,f026d65f-c365-475b-9454-e9935af00ec4
1,"Goblin Raider",7ed,"Seventh Edition",192,nonfoil,€0.11,common,3315d75d-08dc-456c-a8e7-fe3136bf1a6b
1,"Many Partings",ltr,"The Lord of the Rings: Tales of Middle-earth",445,nonfoil,€0.09,common,7769f0ce-b31b-4cb5-8635-2b9b70114180,2023-08-12T14:56:36.024Z
4,"Silverstorm Samurai",bok,"Betrayers of Kamigawa",22,nonfoil,€0.13,common,10d2a6d9-5848-4481-a0f9-42320ff2c230
1,"Conclave Equenaut",rav,"Ravnica: City of Guilds",9,nonfoil,€0.05,common,cd663560-915a-4762-a3a6-0b9f6d7a9c64
1,"Conclave Equenaut",ddf,"Duel Decks: Elspeth vs. Tezzeret",19,nonfoil,€0.03,common,b49ae4dd-4a02-45bb-ae43-f62c52118003
1,"Tainted Isle",tor,"Torment",141,nonfoil,€1.20,uncommon,b462e121-015c-49c4-838a-ab788f213322,2022-10-06T10:56:58.095Z
1,"Etherium Sculptor",ala,"Shards of Alara",42,nonfoil,€0.60,common,0d050f2d-bd65-4ab9-9ea6-9deba91b2792
1,"Shinen of Stars' Light",sok,"Saviors of Kamigawa",28,nonfoil,€0.06,common,64cd3ee0-d893-4346-98b6-7d7896ad7663
1,"Tuskeri Firewalker",khm,"Kaldheim",157,nonfoil,€0.06,common,a54d0170-a375-4e65-b98d-3e94a3aeef90
1,"Artillerize",nph,"New Phyrexia",79,nonfoil,€0.07,common,034522ae-f531-44d9-b186-ada046ce0abc
1,"Dimir Aqueduct",c19,"Commander 2019",239,nonfoil,€0.13,uncommon,c7aa0279-14ad-483a-b3c7-891d70cec7d8
3,"Dimir Aqueduct",rav,"Ravnica: City of Guilds",276,nonfoil,€0.21,common,df3c3d56-8291-407e-87a1-94b7d12811fd
1,"Indebted Samurai",bok,"Betrayers of Kamigawa",9,nonfoil,€0.19,uncommon,bb03bc2b-6d39-4315-964c-ca7db2db054a
1,"Gods' Eye, Gate to the Reikai",bok,"Betrayers of Kamigawa",164,nonfoil,€0.26,uncommon,bdc33a21-d196-4c17-a296-87ff08e7ef69
2,"Chittering Rats",dst,"Darksteel",39,nonfoil,€0.16,common,980135d5-dfaa-4beb-b4b3-1e256bb46e61
1,"Wilderness Reclamation",rna,"Ravnica Allegiance",149,nonfoil,€0.86,uncommon,54af08f7-9c6c-464e-b2f7-2b5803f36481,2022-05-09T20:12:46.091Z
1,"Shambling Shell",rav,"Ravnica: City of Guilds",230,nonfoil,€0.20,common,4c93baa2-a23e-4e18-b4cd-779c992d2042
1,"Grismold, the Dreadsower",c19,"Commander 2019",44,nonfoil,€0.99,rare,8df64c80-9e98-4429-b869-7ac824fe9580
1,"Sarkhan's Resolve",tdm,"Tarkir: Dragonstorm",158,nonfoil,€0.03,common,cae56fef-b661-4bc5-b9a1-3871ae06e491,2025-12-24T12:15:43.641Z
1,"Orbweaver Kumo",chk,"Champions of Kamigawa",231,nonfoil,€0.16,uncommon,3d8f0459-a839-4820-8f99-58da5851ff36
1,"Shieldmage Advocate",jud,"Judgment",22,nonfoil,€0.10,common,2ea66a41-cb2e-49d6-81fe-3f69b0dfd40e
1,"Damping Matrix",mrd,"Mirrodin",161,nonfoil,€0.33,rare,e2214e75-e469-41ae-8412-df725c097d08
1,"Stonework Puma",zen,"Zendikar",207,nonfoil,€0.11,common,05460615-4c24-487f-841a-ca14106e5688
1,"Beast Within",ltc,"Tales of Middle-earth Commander",234,nonfoil,€0.98,uncommon,2baf505b-ea99-470b-ac87-fd4fb8f5f322,2023-08-12T15:00:02.966Z
1,"Vampire Aristocrat",m10,"Magic 2010",117,nonfoil,€0.21,common,9bac0b9c-0077-44c8-8982-4e7b7e7ad398
1,"Forbidding Spirit",rna,"Ravnica Allegiance",9,nonfoil,€0.14,uncommon,c17056e7-95c6-4bed-a747-3b40dcda275a
1,"Inner Fire",sok,"Saviors of Kamigawa",105,nonfoil,€0.38,common,b1d886a2-ae83-4d95-9ec0-582c563181e6
1,"Echoing Ruin",dst,"Darksteel",59,nonfoil,€0.10,common,01f842c8-cd6c-4f4d-9aa8-417a92b37867
2,"Goblin Glider",8ed,"Eighth Edition",189,nonfoil,€0.15,uncommon,82db30ff-5f50-41b1-acdf-0a0e1a364410
2,"Lodestone Myr",mrd,"Mirrodin",200,nonfoil,€0.48,rare,faab1d25-dee5-4315-ba63-f8e14087a9c0
1,"Blade Splicer",nph,"New Phyrexia",4,foil,€1.16,rare,b8e56a28-713b-4a13-a601-1128cf117539
1,"Scavenger Grounds",pip,"Fallout",287,nonfoil,€0.36,rare,bc8fa97c-f796-4fb7-bd4d-f55b5f66c36e,2024-04-23T17:16:45.568Z
1,"Duskmantle, House of Shadow",rav,"Ravnica: City of Guilds",277,nonfoil,€0.17,uncommon,2d3c85e2-58a5-4469-85ea-7e89268f310c
1,"Increasing Savagery",dka,"Dark Ascension",120,foil,€0.95,rare,29ab8737-151f-4702-a95d-7f7b60a5ee8a
1,"Model of Unity",ltc,"Tales of Middle-earth Commander",78,nonfoil,€0.27,rare,0d804d47-1f7b-47bd-9eac-aa539eda9af7,2023-08-12T14:34:57.754Z
2,"Emissary of Hope",dst,"Darksteel",3,nonfoil,€0.06,uncommon,f4c47553-4209-4634-a49c-25714cd3967b
2,"Rend Flesh",chk,"Champions of Kamigawa",140,nonfoil,€0.10,common,92b300a3-e6a8-4ca9-bb26-03f57b5ff6ec
1,"Weathered Runestone",khm,"Kaldheim",247,nonfoil,€0.21,uncommon,0fc2478f-e624-46fb-85af-1254564cd4d2,2022-05-09T20:21:22.643Z
1,"Judge's Familiar",rtr,"Return to Ravnica",218,nonfoil,€0.25,uncommon,0fc51899-3970-416b-b7de-fadbc9678955
1,"Public Execution",m13,"Magic 2013",105,nonfoil,€0.05,uncommon,48188942-d0ba-4503-bd75-c7a5329bb7c8
1,"Roar of the Kha",mrd,"Mirrodin",18,nonfoil,€0.05,uncommon,dc697a4c-f219-46fd-90f2-63c638cd5ef7
1,"Nectar Faerie",lrw,"Lorwyn",130,nonfoil,€0.21,uncommon,d943b877-805d-4bc8-a3ae-abec00fa51a6
1,"Yomiji, Who Bars the Way",bok,"Betrayers of Kamigawa",30,nonfoil,€0.67,rare,f611af49-3c59-4365-a398-93f7e05ff0d0
1,"Walker of Secret Ways",bok,"Betrayers of Kamigawa",60,nonfoil,€0.73,uncommon,34469923-9a48-4fa5-aff8-4e09926f039f
1,"Giant Growth",rtr,"Return to Ravnica",125,nonfoil,€0.05,common,7b1f6503-e4b2-4085-92cd-e9c522b4b10d
3,"Giant Growth",m11,"Magic 2011",178,nonfoil,€0.08,common,340c33e0-2e41-4e08-a958-124860225735
1,"Seascape Aerialist",zen,"Zendikar",64,nonfoil,€0.17,uncommon,3690efc8-de2b-4476-87da-d8ed9572dc84
1,"Vulshok Gauntlets",mrd,"Mirrodin",273,nonfoil,€0.07,common,14a04bbd-1d07-4b11-aa54-01790b9dd3a0
1,"Disfigure",zen,"Zendikar",87,nonfoil,€0.08,common,b3842ad2-a449-4963-8c96-276554125757
1,"Unholy Indenture",m20,"Core Set 2020",119,nonfoil,€0.12,common,31e22edb-a815-413d-b62d-f32f8932b6e6
1,"Tin Street Hooligan",gpt,"Guildpact",78,nonfoil,€0.10,common,ad525bb3-15fd-4887-a3e7-0a036258dcc7
3,"Coalhauler Swine",rav,"Ravnica: City of Guilds",119,nonfoil,€0.07,common,bc001cef-3afd-4128-989f-ac99dc76b243
1,"Guerrilla Tactics",8ed,"Eighth Edition",192,nonfoil,€0.06,uncommon,63535f0e-dc14-420e-bcb7-b5ef8fafb93f
1,"Guerrilla Tactics",9ed,"Ninth Edition",196,nonfoil,€0.09,uncommon,97f94743-c228-410a-9cb9-d00a1e55dfcf
1,"Glass Golem",rav,"Ravnica: City of Guilds",261,nonfoil,€0.12,uncommon,1b87dc27-3cea-4101-aec5-ca0b96978476
1,"Hatchet Bully",eve,"Eventide",54,nonfoil,€0.25,uncommon,1d99d1c2-3c24-47b6-97eb-ae1d8726948e
1,"Gala Greeters",snc,"Streets of New Capenna",148,nonfoil,€0.74,rare,3c1baaa2-bd0b-4627-b93a-0753e0acd0f2,2022-05-02T18:52:03.839Z
1,"Guttersnipe",rtr,"Return to Ravnica",98,nonfoil,€0.25,uncommon,9d8590ea-512c-4e09-97cc-7f07d0706f2b,2022-05-09T20:23:34.205Z
1,"Loxodon Warhammer",mrd,"Mirrodin",201,nonfoil,€0.39,uncommon,a1a6e375-5c47-4447-9453-adf0038693e3,2022-05-09T20:15:54.063Z
2,"Genju of the Falls",bok,"Betrayers of Kamigawa",35,nonfoil,€0.10,uncommon,f776f97c-bd9c-4c7b-be1c-93802ce6ff6a
1,"Dawn of Hope",grn,"Guilds of Ravnica",8,nonfoil,€0.35,rare,cf2a9e82-8670-4b7f-b5f0-8e10f8aeff1c,2023-02-01T09:24:58.076Z
1,"Azorius Locket",voc,"Crimson Vow Commander",160,nonfoil,€0.06,common,f893f1e9-1d19-4220-9e0d-3f9c85d33837
1,"Greater Forgeling",rav,"Ravnica: City of Guilds",129,nonfoil,€0.05,uncommon,eef8ad11-4ffa-4878-9354-737be6f9e90c
1,"Lead Astray",jud,"Judgment",14,nonfoil,€0.08,common,20a8fd2f-11fa-4879-be89-ea7833cf60d4
1,"Altar's Reap",isd,"Innistrad",86,nonfoil,€0.22,common,4dc2eec4-7e68-45d5-8736-6b32a47c671b
1,"Bronze Guardian",brc,"The Brothers' War Commander",70,nonfoil,€1.16,rare,f8b4a39f-d428-47c4-ab4c-452327607aab,2024-04-25T08:39:30.959Z
2,"Cankerous Thirst",eve,"Eventide",116,nonfoil,€0.16,uncommon,45840408-33e7-43fa-96ab-d3bd53e3fd6b
1,"Wind Drake",m13,"Magic 2013",80,nonfoil,€0.02,common,c9dcb8d2-0da9-40fc-b0c0-2c76b3d277bc
2,"Neurok Stealthsuit",5dn,"Fifth Dawn",140,nonfoil,€0.50,common,a65ad83a-7374-435d-a5bd-2dd455fa6420
1,"Food",tblb,"Bloomburrow Tokens",27,nonfoil,€0.00,common,0dce2241-e58b-41d4-b57c-9794fc8ee004,2024-09-21T15:16:27.440Z
1,"Goldenglow Moth",m11,"Magic 2011",15,nonfoil,€0.12,common,8d6e31cb-98c5-4145-bdef-666f3cea7eab
1,"Wurmweaver Coil",gpt,"Guildpact",99,nonfoil,€0.13,rare,661580bc-b5e5-48ce-b855-c177f1c61742
1,"Eiganjo Castle",chk,"Champions of Kamigawa",275,nonfoil,€8.57,rare,219c1d76-40cf-4edf-8145-e6cec8ca39ad
1,"Wear Away",chk,"Champions of Kamigawa",250,nonfoil,€0.12,common,3e809799-ce47-4eaf-b2c2-2c8807182532
1,"Dragon Shadow",scg,"Scourge",65,nonfoil,€0.21,common,0ec35e03-022b-417c-9987-7379cf3956f9
1,"Goblin Burrows",ons,"Onslaught",318,nonfoil,€0.26,uncommon,a5064cd2-8762-4e08-8c3c-be6f31e9ab61
1,"Furious Forebear",tdm,"Tarkir: Dragonstorm",13,foil,€0.06,uncommon,a4f247b6-8212-4e78-a452-d2d3be228d8e,2025-12-24T12:20:53.395Z
1,"Zoetic Cavern",fut,"Future Sight",180,nonfoil,€0.09,uncommon,c1db30e1-31df-44b9-930a-02428bd5ce47
1,"Riptide Chronologist",ons,"Onslaught",107,nonfoil,€0.14,uncommon,3767f568-36b1-4064-835e-4dd7576b7b8b
1,"Scornful Egotist",scg,"Scourge",50,nonfoil,€0.05,common,fec6b189-97e7-4627-9785-a9ce2f1ad89f
1,"Soul Scourge",tor,"Torment",85,nonfoil,€0.04,common,4aa7d91b-cfbb-4da0-97fa-3c0a15f1dbb9
1,"Vulshok Berserker",mrd,"Mirrodin",111,nonfoil,€0.05,common,23510414-974e-4510-9742-884ecd572ad8
1,"Vega, the Watcher",khm,"Kaldheim",332,nonfoil,€0.21,uncommon,ebd1fc45-531e-4e0c-9e1b-c665447e88ef
1,"The Reality Chip",neo,"Kamigawa: Neon Dynasty",74,nonfoil,€2.26,rare,d859de3a-0be1-4e66-b438-1c3d4ee756cd,2022-10-06T10:56:58.129Z
1,"Cathedral Sanctifier",avr,"Avacyn Restored",11,nonfoil,€0.18,common,76cac47a-9e83-4039-8d80-fa9bdadb7527
2,"Raven Wings",khm,"Kaldheim",243,nonfoil,€0.12,common,60916ebe-6d84-4873-bd91-351bbe219c57
1,"Kagemaro's Clutch",sok,"Saviors of Kamigawa",74,nonfoil,€0.05,common,4fe4bb8d-bed8-4373-af9d-9332de910e06
1,"Coursers' Accord",rtr,"Return to Ravnica",154,nonfoil,€0.05,common,f027ceb0-5d2b-4cf6-87ad-e6b9b1e20634
2,"Dragon Scales",scg,"Scourge",10,nonfoil,€0.16,common,8e78b364-015d-4074-ad9e-55c973ce2f4b
1,"Cleansing Beam",rav,"Ravnica: City of Guilds",118,nonfoil,€0.04,uncommon,63cbaab6-db0d-40bb-bdf4-aee6543d9f27
1,"Vivid Creek",lrw,"Lorwyn",276,nonfoil,€0.21,uncommon,2e3c2935-84ee-446d-b247-2f574ea84a8f
1,"Arachnoid",5dn,"Fifth Dawn",102,foil,€0.33,uncommon,836d5ce6-d5c9-4fb5-8302-53d25b5531b5
5,"Terrarion",rav,"Ravnica: City of Guilds",273,nonfoil,€0.19,common,05c4b07f-c6ed-4a92-aab3-54ee6adfb793
1,"Custodi Soulbinders",voc,"Crimson Vow Commander",82,nonfoil,€0.12,rare,6a0dd7ba-673e-4f69-8cd3-806784501dc2
1,"Clock of Omens",m13,"Magic 2013",202,nonfoil,€3.87,uncommon,5b087992-9c30-4434-acb3-a12ee6f207b3
1,"Cinder Glade",c19,"Commander 2019",236,nonfoil,€0.36,rare,719bd033-77f8-4e0e-b173-63e30ad28970
2,"Riverfall Mimic",eve,"Eventide",111,nonfoil,€0.08,common,bc5ed3ce-d7f7-4275-baef-edc5127475d7
3,"Evolution Charm",plc,"Planar Chaos",127,nonfoil,€0.08,common,e4546059-71fe-43c1-9272-3b054e668e3c
1,"Chandra's Outrage",m20,"Core Set 2020",130,nonfoil,€0.06,common,edbfe793-6644-43ed-bbe1-e122c01c5e53
1,"Chandra's Outrage",m11,"Magic 2011",128,nonfoil,€0.10,common,9a5111b5-4911-47f9-bea7-18c4550e167d
1,"Goblin Recruiter",6ed,"Classic Sixth Edition",186,nonfoil,€4.98,uncommon,61bd1548-2ffa-4705-ba88-913f37d4ce92
1,"Uncontrollable Anger",chk,"Champions of Kamigawa",195,nonfoil,€0.05,common,83fca4fa-d0e1-41c4-999a-9804786eacbb
1,"Cloudshift",avr,"Avacyn Restored",12,nonfoil,€1.07,common,35b06c8f-5f08-43bd-a548-2a98ba30fd41
1,"Saffi Eriksdotter",tsp,"Time Spiral",245,nonfoil,€0.69,rare,c34bb91e-138b-4491-bb2d-5df2cd272bf0
2,"Prized Unicorn",m11,"Magic 2011",193,nonfoil,€0.15,uncommon,399526c2-f4c7-4407-8fed-1ca8a46181d2
2,"Falkenrath Exterminator",avr,"Avacyn Restored",134,nonfoil,€0.15,uncommon,40e23909-7e08-4686-ae59-e18e7d4cfd3c
1,"Grifter's Blade",rav,"Ravnica: City of Guilds",263,nonfoil,€0.19,uncommon,7c411784-fe96-42c0-baaa-36616d2be0b3
1,"Gilded Light",scg,"Scourge",16,nonfoil,€0.24,uncommon,01b92597-cb1e-4b8f-9ee9-07b48cf1a5c6
1,"Wormfang Turtle",jud,"Judgment",60,nonfoil,€0.14,uncommon,48404362-7579-4896-a71a-8eb40e5ac416
2,"Reciprocate",chk,"Champions of Kamigawa",40,nonfoil,€0.18,uncommon,f6c835f8-9269-4950-95c9-125d58b7b19e
1,"Wonder",jud,"Judgment",54,nonfoil,€2.41,uncommon,44670666-9028-4b4a-a5af-a3bf35fc6a21
1,"Elvish Mystic",cma,"Commander Anthology",103,nonfoil,€1.22,common,e23da36a-66b6-4bf6-ae76-2240e9f916b6
1,"Elvish Mystic",ltc,"Tales of Middle-earth Commander",238,nonfoil,€0.94,common,880468be-3f4d-4dbf-92e7-cf212da7f718,2023-08-12T15:00:16.867Z
1,"Tel-Jilad Chosen",mrd,"Mirrodin",132,nonfoil,€0.06,common,eefea84f-d657-491d-b60d-63e6a61e9eb2
1,"Reflections of Littjara",khm,"Kaldheim",400,foil,€1.32,rare,4ebaa07d-68f6-4cdb-a5cd-cd715e50abf5
1,"Thopter Assembly",mbs,"Mirrodin Besieged",140,nonfoil,€0.24,rare,644ab412-0603-447d-b8ef-dfd79f78e2a5
1,"Pestermite",lrw,"Lorwyn",78,nonfoil,€0.17,common,f252ae53-443c-4a27-b8f0-639a9a2b8598
2,"Priest of the Haunted Edge",khm,"Kaldheim",104,nonfoil,€0.06,common,0cde0f4d-5acc-4a25-a3d6-c6b9b734360c
2,"Conspicuous Snoop",m21,"Core Set 2021",139,nonfoil,€3.55,rare,5d878dab-5ed2-4ef3-b2c7-472290892854
3,"Nim Shrieker",mrd,"Mirrodin",73,nonfoil,€0.07,common,c3a2c39b-b302-4cc3-b507-e4fe00614036
1,"Inventors' Fair",kld,"Kaladesh",247,nonfoil,€9.35,rare,275471e3-ded1-40ac-91ef-369dce5764d9,2022-10-06T10:56:58.112Z
1,"Golgari Charm",rtr,"Return to Ravnica",164,nonfoil,€0.90,uncommon,48fce388-eefc-4234-8dd9-1260c1ba97eb
1,"Silumgar Spell-Eater",dtk,"Dragons of Tarkir",77,nonfoil,€0.13,uncommon,20a99655-34b2-4756-bf12-b344eb71ad37,2022-05-09T20:24:34.865Z
1,"Outnumber",bfz,"Battle for Zendikar",150,nonfoil,€0.16,common,b3373281-7319-4320-8afb-4546fb55ab4c,2024-04-23T17:06:57.908Z
1,"Aven Cloudchaser",9ed,"Ninth Edition",3,nonfoil,€0.05,common,e17844d4-6316-4045-8fd3-194640b10bbe
1,"Aven Cloudchaser",8ed,"Eighth Edition",5,nonfoil,€0.04,common,03872618-1428-48c9-8f6d-8edc53560df2
2,"Synod Centurion",5dn,"Fifth Dawn",161,nonfoil,€0.07,uncommon,a16ef3b5-31ad-45f8-bac1-3b0a08964888
2,"Trestle Troll",rtr,"Return to Ravnica",205,nonfoil,€0.07,common,6d224279-83f3-4a29-9fd9-86b72407b87a
1,"Illusion // Reality",apc,"Apocalypse",129,nonfoil,€0.11,uncommon,8e7dd90a-4f93-43aa-b503-18289fdd571e
2,"Geistflame",isd,"Innistrad",144,nonfoil,€0.11,common,1b856f31-ac80-4338-95a5-3f8acda74cfe
1,"Wall of Roots",tsb,"Time Spiral Timeshifted",89,nonfoil,€1.01,special,da80cb2d-2385-4a1a-9c93-c623102e9c50
1,"Veilborn Ghoul",m13,"Magic 2013",114,nonfoil,€0.11,uncommon,d3f49232-2853-427f-8c20-322e09a3ccde
1,"Foundry Inspector",kld,"Kaladesh",215,nonfoil,€0.37,uncommon,93f827e8-1cc4-4a15-a4be-2e74323963b9
1,"Shattered Angel",nph,"New Phyrexia",23,nonfoil,€0.34,uncommon,012f94e9-91cd-48da-873f-2da2b03a4965
1,"Woodland Stream",c19,"Commander 2019",286,nonfoil,€0.10,common,d996a106-40b1-43fe-b7b9-359620c3794c
1,"Woodland Stream",ltc,"Tales of Middle-earth Commander",347,nonfoil,€0.14,common,679c4e48-5046-41cc-8cca-8d7dd4019f7b,2023-08-12T14:50:18.808Z
1,"Temple of the False God",voc,"Crimson Vow Commander",187,nonfoil,€0.15,uncommon,a2d335ab-9bde-44aa-ae83-0615b5902210
1,"Temple of the False God",scg,"Scourge",143,nonfoil,€0.43,uncommon,d7036f51-10a6-4036-8650-9bc12d2a55cb
1,"Temple of the False God",c19,"Commander 2019",280,nonfoil,€0.10,uncommon,22c66095-ee5d-4258-8e24-78e81b64a519
1,"Lórien Revealed",ltr,"The Lord of the Rings: Tales of Middle-earth",60,nonfoil,€2.87,common,0ce44270-a684-4489-9077-521456e6dfaa,2023-08-12T14:57:30.488Z
4,"Ninja of the Deep Hours",bok,"Betrayers of Kamigawa",44,nonfoil,€1.04,common,367a67c7-54db-4336-b55a-3fa27625172a
1,"Rootwalla",9ed,"Ninth Edition",268,nonfoil,€0.04,common,08436832-2aab-47b0-b0da-b1b153e4b200
1,"Mnemonic Nexus",rav,"Ravnica: City of Guilds",59,nonfoil,€0.08,uncommon,200edda9-7ad9-47fc-837e-37ec9e5b4b51
1,"Sakura-Tribe Scout",sok,"Saviors of Kamigawa",144,nonfoil,€0.90,common,9cbdda50-8a27-4094-849d-b6f66def82ce
1,"Laboratory Maniac",isd,"Innistrad",61,nonfoil,€0.91,rare,809205f3-acf5-4244-b360-09ce4ba76795
1,"Goliath Spider",rav,"Ravnica: City of Guilds",168,nonfoil,€0.17,uncommon,cecc53b1-942e-4b44-bf93-dd2d8cc92d6d
1,"Seasoned Marshal",ddf,"Duel Decks: Elspeth vs. Tezzeret",15,nonfoil,€0.10,uncommon,11fafc94-543b-4e9d-83aa-ac510aed87ea
1,"Bludgeon Brawl",nph,"New Phyrexia",80,nonfoil,€0.39,rare,a30fa96d-64d1-423e-a62e-d43453ea838d
1,"Supreme Phantom",voc,"Crimson Vow Commander",115,nonfoil,€0.56,rare,cbf4ca25-73cc-45ba-bed5-dbaa517e8bb8
2,"Double Cleave",eve,"Eventide",135,nonfoil,€0.13,common,2c7ac70a-6484-4b1f-8948-4646a380ed20
2,"Golgari Rotwurm",rav,"Ravnica: City of Guilds",210,nonfoil,€0.03,common,2cc97674-f60a-4854-a807-60dbcf90637e
1,"Elrond of the White Council",ltc,"Tales of Middle-earth Commander",51,nonfoil,€0.32,rare,4cdfb792-fe55-4aa0-88df-4296db794bc5,2023-08-12T14:33:01.485Z
2,"Vedalken Archmage",mrd,"Mirrodin",55,nonfoil,€6.43,rare,8b38da97-5141-4de6-bd7f-3fcbf46cfd96
1,"Soldier Replica",mrd,"Mirrodin",244,nonfoil,€0.03,common,e31761a8-1146-4003-9653-881233787ac4
1,"Magistrate's Scepter",m19,"Core Set 2019",238,foil,€6.09,rare,ecf1f24f-d910-4ec6-95d2-0ecaf9f051aa
1,"Krenko's Command",rvr,"Ravnica Remastered",115,foil,€0.32,common,7a3826e8-fb4c-478c-9f13-8c910949f67f,2024-12-25T09:50:09.684Z
1,"Krenko's Command",m13,"Magic 2013",139,nonfoil,€0.15,common,84df41e9-e973-4441-b17f-434517134d46
4,"Duress",m13,"Magic 2013",90,nonfoil,€0.09,common,f7201d43-ae2e-4faa-a508-8555079c3bc7
2,"Okina Nightwatch",sok,"Saviors of Kamigawa",140,nonfoil,€0.06,common,2eea50b1-ba6e-4c57-9b49-488b883be638
1,"Poison the Cup",khm,"Kaldheim",103,nonfoil,€0.18,uncommon,7fb94456-5266-47db-b514-a0e17e34b771
2,"Auriok Glaivemaster",dst,"Darksteel",1,nonfoil,€0.11,common,97cce4d4-bff2-4dbb-bc12-1a726ad82dd4
1,"Annul",khm,"Kaldheim",42,nonfoil,€0.16,common,4b1d4a59-11a0-4a55-8ac0-07377a9e6dc8
4,"Goblin Cohort",bok,"Betrayers of Kamigawa",106,nonfoil,€0.15,common,8964afec-50a9-45c4-bd2b-d06f8e75f4ae
1,"Elvish Warrior",9ed,"Ninth Edition",240,nonfoil,€0.16,common,c18e79e9-39fc-426b-b64f-f20f6077a532
2,"Elvish Warrior",ons,"Onslaught",260,nonfoil,€0.10,common,2c6b767b-49e5-4845-9b3f-29540e5fa330
1,"Trade Routes",8ed,"Eighth Edition",109,nonfoil,€1.74,rare,f5a23417-3419-4edc-a722-b695e676a3ce
1,"Flood of Tears",voc,"Crimson Vow Commander",104,nonfoil,€1.20,rare,440383de-d56a-47dd-ba8a-fae61f57f83b
1,"Frontline Strategist",scg,"Scourge",15,nonfoil,€0.09,common,1c43fac2-62fb-4924-848d-a8d739773d6e
1,"Mage-Ring Network",ori,"Magic Origins",249,nonfoil,€0.10,uncommon,4988180b-a374-43fd-b299-fb61c781df2e
1,"Kaya's Wrath",rna,"Ravnica Allegiance",187,nonfoil,€0.35,rare,5ed140c1-752b-4539-88f2-1fa354049b17,2023-02-01T09:24:37.044Z
3,"Woodcloaker",scg,"Scourge",134,nonfoil,€0.04,common,4aa85e09-a1cd-473d-98cd-c6a7c7aff949
2,"Advanced Hoverguard",5dn,"Fifth Dawn",22,nonfoil,€0.02,common,7384d50a-5801-47ed-ab9f-5c7e4f1f20dd
1,"Feral Lightning",sok,"Saviors of Kamigawa",97,nonfoil,€0.11,uncommon,2391265f-ef0c-463f-9371-5a0b71dbbb49
1,"Encrust",m13,"Magic 2013",49,nonfoil,€0.03,common,dfd05474-5cec-4c71-85e7-79cf25958525
1,"Crush the Weak",khm,"Kaldheim",128,nonfoil,€0.13,uncommon,875a20c2-1d17-46ea-b4d2-3e70bc05aae3
1,"Woebearer",mrd,"Mirrodin",83,nonfoil,€0.07,uncommon,c5a6e960-169d-431a-9ebd-c4413aa67377
1,"Volcanic Geyser",m13,"Magic 2013",154,nonfoil,€0.05,uncommon,df5bab70-3c28-48db-9ed3-64706f64f4fa
1,"Gempalm Incinerator",lgn,"Legions",94,nonfoil,€0.95,uncommon,2687c311-fd0c-4fe0-bce8-e3f412216796
1,"Nucklavee",eve,"Eventide",110,nonfoil,€0.18,uncommon,50f54b0a-b0e1-44f1-bb91-523cc9e1c298
1,"Caterwauling Boggart",lrw,"Lorwyn",157,nonfoil,€0.09,common,ee8337bf-9fe8-45a0-974c-8911306b19ea
1,"Sleep",m13,"Magic 2013",67,nonfoil,€0.23,uncommon,1e352497-1454-4917-b38c-4cc45424d876
1,"Worthy Cost",tdm,"Tarkir: Dragonstorm",99,nonfoil,€0.09,common,adc18edc-01d8-4a7e-a87b-a854e50aa75e,2025-12-24T12:16:44.650Z
1,"Chained Throatseeker",nph,"New Phyrexia",30,nonfoil,€0.23,common,3a7bb447-c2b0-429e-bf82-02d6a966fe73
3,"Cackling Imp",5dn,"Fifth Dawn",44,nonfoil,€0.04,common,641080d8-1b2e-4990-a114-04bea9a5adce
1,"Wrath of God",8ed,"Eighth Edition",58,nonfoil,€2.04,rare,0619d670-7b53-4185-a25d-2fab5db1aab5,2022-10-06T10:56:58.094Z
1,"Kitsa, Otterball Elite",blb,"Bloomburrow",54,nonfoil,€5.80,mythic,c8ff751a-ec64-41d5-b22c-2a483ad9a9b2,2024-12-25T10:04:24.309Z
3,"Break Asunder",scg,"Scourge",113,nonfoil,€0.03,common,fb989895-a5c7-4151-8620-ab277d826303
1,"Moggcatcher",nem,"Nemesis",96,nonfoil,€5.71,rare,9ba582d7-1dce-4664-8bd9-6b419596788c
1,"Blackblade Reforged",dom,"Dominaria",211,nonfoil,€1.02,rare,862d38d1-e3d0-47e1-a535-ff445b1c55c6,2024-04-25T08:38:17.468Z
1,"Journey of Discovery",mrd,"Mirrodin",123,nonfoil,€0.14,common,a3f4356f-8cfb-43ed-bdf9-6191bb563388
1,"Harrow",zen,"Zendikar",165,nonfoil,€0.22,common,e309c1fc-3a7c-4624-8b48-9b152c2590ae
1,"Shimmer Myr",mbs,"Mirrodin Besieged",129,nonfoil,€0.46,rare,478c1a5b-237b-4ecb-be73-3c6dafd5ae53
1,"Vulshok War Boar",dst,"Darksteel",72,nonfoil,€0.08,uncommon,bb6b232a-834c-4c9a-bf36-821d125dc318
1,"Voidmage Prodigy",ons,"Onslaught",120,nonfoil,€2.26,rare,7441e7f9-a326-4f61-b7b1-e0dbed06046f,2022-05-09T20:14:01.263Z
1,"Bala Ged Thief",zen,"Zendikar",79,nonfoil,€0.15,rare,0b4598ec-cf36-4a51-9f67-b91c146c3c4f
1,"Vedalken Orrery",5dn,"Fifth Dawn",163,nonfoil,€6.56,rare,94b546fa-af65-4afa-bb16-69b33674d3d1,2022-05-09T20:30:04.271Z
1,"Breath of the Sleepless",voc,"Crimson Vow Commander",11,nonfoil,€0.20,rare,8c59af37-5c01-4f65-97f6-2478aa29949a
1,"Befoul",7ed,"Seventh Edition",118,nonfoil,€0.20,uncommon,7c5db137-33b9-4cea-9193-4e637d2966f1
2,"Befoul",chk,"Champions of Kamigawa",102,nonfoil,€0.02,common,2dfff5d3-1433-4a24-83e6-6361a446b974
1,"Elas il-Kor, Sadistic Pilgrim",dmu,"Dominaria United",297,nonfoil,€0.51,uncommon,552fbde6-515d-457e-81c9-d67157eaaf37,2024-04-19T21:18:31.271Z
2,"Faithful Squire // Kaiso, Memory of Loyalty",bok,"Betrayers of Kamigawa",3,nonfoil,€0.10,uncommon,758abd53-6ad2-406e-8615-8e48678405b4
2,"Depart the Realm",khm,"Kaldheim",53,nonfoil,€0.13,common,2ce0403d-76ed-4eb0-abdd-74ed28f96137
1,"Angelic Page",8ed,"Eighth Edition",2,nonfoil,€0.09,common,c70a624f-3d5a-4519-8711-bd163da305c7
2,"Honor Guard",9ed,"Ninth Edition",20,nonfoil,€0.06,common,20f208a8-115a-4734-b56a-9330018cb269
3,"Unchecked Growth",bok,"Betrayers of Kamigawa",148,nonfoil,€0.13,uncommon,d7791182-fe63-47bc-9fdf-ef346d6ad4b5
2,"Dehydration",9ed,"Ninth Edition",73,nonfoil,€0.06,common,67ef2e44-e2e1-42b7-8f9f-0ce430af2359
1,"Singe-Mind Ogre",arb,"Alara Reborn",45,nonfoil,€0.02,common,ab1564d7-43fe-4072-91a6-622713848b7e
1,"Crush Contraband",voc,"Crimson Vow Commander",81,nonfoil,€0.14,uncommon,db041d7f-253f-4643-b635-24d0e79695af
1,"Call the Coppercoats",c20,"Commander 2020",23,nonfoil,€4.24,rare,e11cb353-d864-4b22-bdaf-1d42c25f0918,2023-01-21T15:49:19.389Z
1,"Oathkeeper, Takeno's Daisho",chk,"Champions of Kamigawa",265,nonfoil,€3.05,rare,01b7c8e4-db88-48f3-bfd5-8d990f449b1c,2022-05-09T20:26:11.124Z
1,"Niblis of the Mist",dka,"Dark Ascension",15,nonfoil,€0.05,common,08aea6e3-c8a8-4964-b95d-4c639da55de1
1,"Core Prowler",mbs,"Mirrodin Besieged",103,nonfoil,€0.56,uncommon,05414ba7-0f59-4c73-931c-e599d149d3ba
1,"Mirrodin's Core",dst,"Darksteel",165,nonfoil,€0.02,uncommon,cf0e60c9-1548-4981-ada1-6656804a772e
1,"Necroplasm",rav,"Ravnica: City of Guilds",98,nonfoil,€0.35,rare,372424cf-85b3-4a78-bcf2-0543b0b88c0b
1,"Urza, Prince of Kroog",bro,"The Brothers' War",226,nonfoil,€0.39,rare,5a7329cd-95af-4d71-984f-f5f28982520c,2024-08-22T20:25:40.259Z
1,"Pentavus",mrd,"Mirrodin",226,nonfoil,€0.14,rare,32a11f0a-7547-4fda-a8ed-caf76ce98f10
1,"Lifecrafter's Bestiary",aer,"Aether Revolt",162,nonfoil,€0.36,rare,7439a855-4041-4d14-8edf-6741a734e55d,2024-04-19T21:30:42.330Z
1,"Tidal Surge",sth,"Stronghold",46,nonfoil,€0.05,common,8737440b-0bf0-483f-895b-aa24da2b9cfe
1,"Llanowar Wastes",c19,"Commander 2019",258,nonfoil,€1.11,rare,ec5506fe-695a-4747-b377-4d806215e121
1,"Frostpeak Yeti",khm,"Kaldheim",57,nonfoil,€0.06,common,3f406ce3-dce1-42d3-b76c-8e8c4b2770cb
1,"Ribbons of the Reikai",bok,"Betrayers of Kamigawa",50,nonfoil,€0.12,common,e7a3b0da-026e-4ea9-8035-38c909e5f9a4
1,"Molting Harpy",mmq,"Mercadian Masques",148,foil,€2.85,uncommon,ddfe33fb-71d5-4552-bcd3-f07e4e3847e1
1,"Akki Underling",sok,"Saviors of Kamigawa",93,nonfoil,€0.05,common,106382db-56aa-4061-9d1e-17821937f1de
1,"Seed the Land",sok,"Saviors of Kamigawa",146,nonfoil,€0.91,rare,ec1b0a4e-e52e-4d4e-9b12-24676d8571b1,2022-10-06T10:56:58.101Z
1,"Vine Trellis",8ed,"Eighth Edition",287,nonfoil,€0.31,common,ba462242-82de-4173-98d2-b1b7a1f3d8b4
1,"Wipe Clean",scg,"Scourge",26,nonfoil,€0.07,common,cf7c14c9-cb5a-49f0-be2c-eb3166f02510
1,"Foothill Guide",ons,"Onslaught",29,nonfoil,€0.02,common,409adb7b-6dcb-4e7f-a5dd-c0adf12140a4
1,"Metalwork Colossus",kld,"Kaladesh",222,nonfoil,€0.57,rare,474480b5-c60b-4c7f-9d3e-751bca43d074,2022-04-21T20:41:07.934Z
2,"Terashi's Grasp",bok,"Betrayers of Kamigawa",26,nonfoil,€0.14,common,a63cfebd-8cab-48b4-814a-4d8751dd1b57
1,"Crack the Earth",bok,"Betrayers of Kamigawa",98,nonfoil,€0.19,common,8ab16152-4617-4deb-b995-195e21f8f485
1,"Vedalken Infuser",mbs,"Mirrodin Besieged",37,nonfoil,€0.08,uncommon,1e4f4db7-913c-4dd2-931e-630d90eb98ab
1,"Reroute",rav,"Ravnica: City of Guilds",139,nonfoil,€0.24,uncommon,42794e10-ddcd-4d2d-ab0c-a6b99b6d4662
1,"Acidic Slime",c18,"Commander 2018",127,nonfoil,€0.10,uncommon,abd6f5d1-7421-47f6-9e95-70372a365716
3,"Noble Templar",scg,"Scourge",19,nonfoil,€0.05,common,6a9ede92-e64f-44a5-afb6-c7495077fb0b
1,"Mortify",gpt,"Guildpact",122,nonfoil,€0.28,uncommon,3b2c5187-71c7-4801-8a76-339c67322d35
1,"Siege-Gang Commander",scg,"Scourge",103,nonfoil,€4.99,rare,92e78cec-aaf9-4fe8-887b-b7e356d63315
5,"Sewerdreg",rav,"Ravnica: City of Guilds",104,nonfoil,€0.03,common,b216ad4e-29b4-4e03-8c16-5796277bd05f
1,"Mirror of Galadriel",ltr,"The Lord of the Rings: Tales of Middle-earth",244,nonfoil,€0.05,uncommon,bc95036f-98f2-4ea7-93bb-542ad7064540,2023-08-12T15:01:04.997Z
1,"Bog Tatters",zen,"Zendikar",84,nonfoil,€0.05,common,a0830c00-02fa-4fc8-907c-19d4b7f9cd6e
1,"Bramble Elemental",rav,"Ravnica: City of Guilds",154,nonfoil,€0.07,common,470665e5-fa48-4772-ba71-5d4008d042f3
1,"Disentomb",m13,"Magic 2013",89,nonfoil,€0.26,common,ce7473bb-d092-4d76-b3c3-5036222dbdf7
1,"Dromad Purebred",rav,"Ravnica: City of Guilds",15,nonfoil,€0.03,common,0106caf1-2201-4661-96a5-56af02963fa6
1,"Assassin's Strike",rtr,"Return to Ravnica",57,nonfoil,€0.04,uncommon,f796e320-9898-45d4-9d7a-6d35de53c9ab
1,"Quiet Purity",chk,"Champions of Kamigawa",39,nonfoil,€0.09,common,ecd4d7cd-12a9-49f2-912d-2a6024112d13
1,"Nim Devourer",mrd,"Mirrodin",70,nonfoil,€0.19,rare,a037ef49-8849-41aa-aa6e-3ac6ee34cdad
1,"Swiftfoot Boots",c14,"Commander 2014",275,nonfoil,€1.36,uncommon,4b224614-6374-4c42-8715-daa0b73ca05c,2022-10-06T10:56:58.107Z
2,"Kinsbaile Skirmisher",lrw,"Lorwyn",24,nonfoil,€0.07,common,6145bcd5-a583-4a04-9a13-a64ecdf4425a
1,"Cry of Contrition",gpt,"Guildpact",46,nonfoil,€0.10,common,62016f24-3f40-406b-8e29-30a6545d0fc1
5,"Phantom Wings",bok,"Betrayers of Kamigawa",46,nonfoil,€0.07,common,a96e5a18-5958-426e-892f-5c68f44c1b41
1,"Plow Through Reito",sok,"Saviors of Kamigawa",22,nonfoil,€0.11,common,11e78f75-bf58-4c61-9654-c5d355b5e526
1,"Reality Shift",c19,"Commander 2019",92,nonfoil,€0.47,uncommon,4ecd1ce5-9906-4806-9782-addbf771e531
4,"Shorecrasher Mimic",eve,"Eventide",159,nonfoil,€0.07,common,24babb9e-edc8-484b-9db4-18abbafdf096
1,"Mirrorworks",mbs,"Mirrodin Besieged",114,nonfoil,€1.00,rare,cade6dde-1edf-44b8-a37e-a22f9207db51
2,"Treetop Bracers",9ed,"Ninth Edition",276,nonfoil,€0.18,common,5312742c-0f35-4abc-97ec-fceda2658cec
2,"Death Denied",sok,"Saviors of Kamigawa",63,nonfoil,€0.26,common,8f66ddc5-f5e6-44de-8189-87b6521d1fea
1,"Faith's Fetters",rav,"Ravnica: City of Guilds",16,nonfoil,€0.04,common,5b8ffba3-44a9-41ce-a5a1-37413346db2f
1,"Profane Prayers",ons,"Onslaught",162,nonfoil,€0.07,common,bc8320ef-af97-4cf6-9aaf-17818174d842
1,"Warhorn Blast",khm,"Kaldheim",38,nonfoil,€0.07,common,3fc98aff-edc0-4f78-ae4f-e08735c9e512
1,"Hornet Cobra",leg,"Legends",190,nonfoil,€0.57,common,27180bad-9bbc-462b-8832-626dc403a3fd
2,"Vedalken Engineer",dst,"Darksteel",35,nonfoil,€0.18,common,d06a2d9a-9401-4711-97b6-825652090c4d
1,"Thundercloud Elemental",scg,"Scourge",54,nonfoil,€0.12,uncommon,597aea42-43e0-41ed-bfe7-fc92b6b8e680
1,"Cosmic Larva",5dn,"Fifth Dawn",63,nonfoil,€0.28,rare,deaa0b9b-258e-4daf-8fec-ce64864d6bbf
1,"Goblin Brawler",5dn,"Fifth Dawn",66,nonfoil,€0.05,common,f6586c04-f92d-4c3f-8b03-59e5ef158ed4
1,"Sink into Takenuma",sok,"Saviors of Kamigawa",89,nonfoil,€0.04,common,d519df1b-0c81-4d0d-85c6-2a288c6fa269
1,"Dispel",wwk,"Worldwake",26,nonfoil,€0.48,common,f178d0cc-5dd1-41ab-a2e8-218ece6f2a86
6,"Frostwielder",chk,"Champions of Kamigawa",167,nonfoil,€0.06,common,a54df527-6949-4b74-821b-b051f493f3c5
4,"Vivien's Crocodile",m20,"Core Set 2020",301,nonfoil,€0.15,common,7c51c6bd-2ecc-4d92-a406-fcb31e889b45
1,"Chorus of Might",rtr,"Return to Ravnica",119,nonfoil,€0.05,common,214dc9c1-154d-4c35-845d-dd2928f1e142
1,"Tranquil Garden",chk,"Champions of Kamigawa",284,nonfoil,€0.14,uncommon,112b6577-fbd6-46dd-b77d-37df0abe9845
1,"Bounteous Kirin",sok,"Saviors of Kamigawa",123,nonfoil,€0.39,rare,1d7fe65e-81b1-4e69-913a-25fc99d96d81
1,"Rogue Class",afr,"Adventures in the Forgotten Realms",230,nonfoil,€1.65,rare,0727f65b-cfbe-47d5-87c6-239cf8d93ca6,2022-10-06T10:56:58.128Z
1,"Rakdos Signet",dis,"Dissension",165,nonfoil,€0.67,common,17a3f95c-5a05-46ea-8dc6-b77b59324035,2022-05-09T20:25:32.763Z
1,"Batwing Brume",eve,"Eventide",81,nonfoil,€4.15,uncommon,165960f2-b26a-4204-8234-9c00a98a8b34
1,"Gray Merchant of Asphodel",thb,"Theros Beyond Death",99,nonfoil,€1.02,uncommon,7c1a7dd8-8034-4f59-a351-33666b26ff5a
2,"Whitesun's Passage",som,"Scars of Mirrodin",27,nonfoil,€0.08,common,a74d1bf3-4630-4be0-af5f-590789d27a0c
1,"Archangel",avr,"Avacyn Restored",5,nonfoil,€0.13,uncommon,3741b2a7-7bda-481a-b8f8-9b04c96035b0
1,"Seedtime",jud,"Judgment",130,nonfoil,€5.10,rare,4ffd5c52-f260-400c-b088-8792282509a5
1,"Fire Elemental",m13,"Magic 2013",130,nonfoil,€0.05,common,d39716c6-6c4f-4cd3-9d9c-893f883e6e70
1,"Brood Weaver",mid,"Innistrad: Midnight Hunt",173,nonfoil,€0.21,uncommon,e24e2f49-70f9-445f-af03-2ef43798004a,2024-04-19T21:39:30.148Z
2,"Ember-Fist Zubera",chk,"Champions of Kamigawa",166,nonfoil,€0.03,common,0150e3f0-237e-4669-9401-d2cd08e86387
1,"Elixir of Immortality",m13,"Magic 2013",204,nonfoil,€0.42,uncommon,813d6a95-719d-474d-942a-b4c5156af7ba,2022-05-09T20:19:25.146Z
1,"Lace with Moonglove",lrw,"Lorwyn",225,nonfoil,€0.08,common,32f209d6-c194-4208-864d-f8a44b88997f
1,"Sauron, the Necromancer",ltr,"The Lord of the Rings: Tales of Middle-earth",106,nonfoil,€0.32,rare,377d65d8-21c8-4292-97db-610e0173ba59,2023-08-12T14:56:19.042Z
2,"Sylvan Ranger",m11,"Magic 2011",198,nonfoil,€0.11,common,5f73ea30-c6d2-4224-ae54-f6b89e006cf4
2,"Ethereal Elk",m20,"Core Set 2020",299,nonfoil,€0.23,rare,3f4d0ed2-3fc5-4cb0-b886-e30b21e76872
1,"Yavimaya Sojourner",dmu,"Dominaria United",191,nonfoil,€0.08,common,c7fdb424-4d2c-437e-b2a2-8bc56c028338,2022-10-20T10:49:59.264Z
1,"Tremor",8ed,"Eighth Edition",228,nonfoil,€0.07,common,7d47f27d-5a25-4d2a-b2a2-027b579b881b
1,"Leonin Bola",dst,"Darksteel",127,nonfoil,€0.09,common,a7eab112-20a6-414f-84c9-678580485420
3,"Lantern Kami",chk,"Champions of Kamigawa",32,nonfoil,€0.08,common,99625787-f184-48a5-a678-e30b7024c7bb
1,"Goblin Electromancer",rtr,"Return to Ravnica",163,nonfoil,€0.16,common,79fb620f-4057-4f60-94b9-56ab855be974
1,"Golgari Guildgate",c19,"Commander 2019",247,nonfoil,€0.28,common,9baed2e6-687f-4ab4-b378-4282f3a43c9c
1,"Golgari Guildgate",rtr,"Return to Ravnica",239,nonfoil,€0.02,common,8fe2fd1a-f7d3-48b4-bad8-be5ee45d6121
1,"Return Upon the Tide",khm,"Kaldheim",106,nonfoil,€0.14,uncommon,470601b0-9598-487f-bb14-4bfec7ca6d61
1,"Cloud Key",fut,"Future Sight",160,nonfoil,€2.96,rare,b893ab56-44a6-4b3c-bb3e-6deec298cbce,2022-05-09T20:29:09.744Z
1,"Folio of Fancies",eld,"Throne of Eldraine",46,nonfoil,€0.52,rare,6afc67d1-1018-4a15-ab5f-377fd11dcd3d,2022-05-02T18:38:58.305Z
3,"Takeno, Samurai General",chk,"Champions of Kamigawa",46,nonfoil,€0.29,rare,d038df46-4a30-4125-be0e-8781b16b523e
1,"Mirror Entity",voc,"Crimson Vow Commander",94,nonfoil,€0.39,rare,6733ee04-a282-43ea-830f-1ba806331c7b
1,"Travel Through Caradhras",ltc,"Tales of Middle-earth Commander",44,nonfoil,€0.14,rare,955058b2-9758-4797-8ffc-c5fbee619309,2023-08-12T14:32:15.837Z
1,"Demon's Due",snc,"Streets of New Capenna",75,nonfoil,€0.05,common,2e59fb98-c887-42f1-a620-9e6b40b94cb5,2022-05-02T18:55:11.823Z
2,"Accelerated Mutation",scg,"Scourge",109,nonfoil,€0.03,common,282f808c-0b58-4b98-aeda-f606a10d1a4b
3,"Duskdale Wurm",m11,"Magic 2011",170,nonfoil,€0.04,uncommon,6a9e14ba-2279-4b27-ae49-5276691eeae5
1,"Cruel Celebrant",war,"War of the Spark",188,nonfoil,€0.75,uncommon,87ead6ac-b1c5-4852-8413-7fa43c6cfc57,2023-02-01T09:24:21.693Z
2,"Leaden Myr",mrd,"Mirrodin",191,nonfoil,€0.16,common,555efe5f-848f-44da-92b5-69c8e852f179
1,"Burrenton Shield-Bearers",mor,"Morningtide",4,nonfoil,€0.11,common,1afc1033-0004-43c1-9341-c5ed0b0048f2
1,"Turn the Tide",mbs,"Mirrodin Besieged",35,nonfoil,€0.05,common,bdc91fc7-7927-4c5d-888a-f40cbf658866
1,"Run Ashore",khm,"Kaldheim",74,nonfoil,€0.03,common,7eed5a2d-d7a4-4f64-a96b-04c5d4206c5a
1,"Tezzeret, Master of the Bridge",war,"War of the Spark",275,foil,€11.44,mythic,9ee1eea2-961f-445d-b035-6baed454f289
1,"Path of Anger's Flame",sok,"Saviors of Kamigawa",109,nonfoil,€0.02,common,046fd4b1-d3a4-4859-a0d4-0e8341e6c6c7
2,"Orzhov Basilica",gpt,"Guildpact",161,nonfoil,€0.11,common,f9154d2a-3fc5-4fd6-9885-a810cb6b542a
1,"Wizard Replica",mrd,"Mirrodin",275,nonfoil,€0.09,common,e5ab68b3-864e-4fe3-a5c5-faa33b45da0f
1,"Angel of Salvation",ddf,"Duel Decks: Elspeth vs. Tezzeret",20,nonfoil,€0.17,rare,1dbe2835-62fe-4a9a-aea4-04983377a4b9
1,"Flames of the Blood Hand",bok,"Betrayers of Kamigawa",101,nonfoil,€0.31,uncommon,a79701b4-d220-4c3e-b96c-7a77a22ba899
1,"Kaboom!",ons,"Onslaught",214,nonfoil,€0.36,rare,1e81e5fc-0e18-4dd8-a505-aa7dba8521a8
1,"Field of Souls",voc,"Crimson Vow Commander",86,nonfoil,€0.15,uncommon,020dc072-96e2-4923-b9c9-1791a0732c29
1,"Field of Souls",tmp,"Tempest",18,nonfoil,€0.63,rare,9816a3ef-e2a8-4d97-afbf-d190a62265bf,2023-01-21T15:47:52.306Z
1,"Angel of Flight Alabaster",voc,"Crimson Vow Commander",77,nonfoil,€0.22,rare,3ff8fbcd-5db9-4cde-9f56-243b1f4924f8
1,"Mistwalker",khm,"Kaldheim",68,nonfoil,€0.06,common,92f64b49-327c-473b-a492-f020a322aed7
4,"Far // Away",dgm,"Dragon's Maze",127,nonfoil,€0.19,uncommon,d13cdb71-a499-41db-84e6-95f84650c524
1,"Conqueror's Pledge",zen,"Zendikar",8,nonfoil,€0.24,rare,1af1844a-601a-48c1-bf96-921d2d2e2aa1
3,"Genju of the Fields",bok,"Betrayers of Kamigawa",5,nonfoil,€0.16,uncommon,e0cf9142-be8e-48d8-a1b4-9a7fb71718d0
1,"Kabuto Moth",chk,"Champions of Kamigawa",20,nonfoil,€0.04,common,cf3ccd16-bb1b-40d5-87a6-47a6132e0143
1,"Mending Hands",bok,"Betrayers of Kamigawa",15,nonfoil,€0.05,common,5b6ba253-fb50-4240-8129-6b86895d1ff9
1,"Order of the Stars",gpt,"Guildpact",13,nonfoil,€0.16,uncommon,41981edd-df29-4ded-85d6-0d1a2a3a7a59
1,"Budoka Pupil // Ichiga, Who Topples Oaks",bok,"Betrayers of Kamigawa",122,nonfoil,€0.08,uncommon,73636ca0-2309-4bb3-9300-8bd0c0bb5b31
1,"Savage Silhouette",zen,"Zendikar",181,nonfoil,€0.04,common,8b8547e0-2928-4edc-a15a-a613cb4d1eac
1,"Mana Leak",9ed,"Ninth Edition",86,nonfoil,€0.23,common,60e6486c-644f-4b32-b4e9-3ca29bbdb400
1,"White Knight",lgn,"Legions",27,nonfoil,€0.10,uncommon,cb9cb8ed-7abb-4e71-b42f-5041dd0c0394
3,"Forgotten Cave",ons,"Onslaught",317,nonfoil,€0.15,common,c5202668-a32c-4473-b272-e86264992576
1,"Coastal Hornclaw",pcy,"Prophecy",31,nonfoil,€0.04,common,a5b91ddc-8630-4214-8dce-215f28ccc685
1,"Dogpile",rav,"Ravnica: City of Guilds",120,nonfoil,€0.11,common,26316b00-22db-4546-8366-8a624f10c1ba
1,"Cloudcrest Lake",chk,"Champions of Kamigawa",274,nonfoil,€0.09,uncommon,9bcbd030-762e-4754-ae95-685d59ccdfb9
1,"Sage Owl",8ed,"Eighth Edition",98,nonfoil,€0.03,common,c21f6c39-f879-452f-a643-f503d88206d6
1,"Arcane Teachings",jud,"Judgment",78,nonfoil,€0.10,common,02c56677-c8e2-4500-9ee0-0b102496f454
1,"Shinen of Flight's Wings",sok,"Saviors of Kamigawa",57,nonfoil,€0.08,common,67cdad5d-5979-4bbd-90a4-00173d23707b
1,"Golem's Heart",som,"Scars of Mirrodin",161,nonfoil,€0.23,uncommon,647ecb81-2d23-40f3-8570-0b86e2ed1c5e
3,"Anodet Lurker",5dn,"Fifth Dawn",101,nonfoil,€0.07,common,c97773f5-548a-4107-b29c-56b5428d5ddb
1,"Crypt Creeper",avr,"Avacyn Restored",91,nonfoil,€0.03,common,0382cb94-0836-4e23-99b7-034faa363203
1,"Accelerate",tor,"Torment",90,nonfoil,€0.37,common,6a28dd88-db90-4f02-8aa9-39051d2c4763
2,"Llanowar Elves",m11,"Magic 2011",184,nonfoil,€0.24,common,c4d1835a-913f-4979-953b-ddd933214538
2,"Daggerdrome Imp",rtr,"Return to Ravnica",60,nonfoil,€0.14,common,70639887-bdba-4879-a3f8-c716f97fc325
1,"Hysterical Blindness",isd,"Innistrad",59,nonfoil,€0.05,common,5aeaa757-e3b0-4606-a689-e8a20a686c3a
1,"Loyal Cathar // Unhallowed Cathar",dka,"Dark Ascension",13,nonfoil,€0.09,common,cb09041b-4d09-4cae-9e85-b859edae885b
1,"Boros Swiftblade",rav,"Ravnica: City of Guilds",193,nonfoil,€0.05,uncommon,bf25cd63-3304-4eea-841b-1f058010c627
1,"Fertile Ground",8ed,"Eighth Edition",248,nonfoil,€0.14,common,229a4a86-b9ce-415c-9343-db4211cac7b8
1,"Farhaven Elf",ltc,"Tales of Middle-earth Commander",243,nonfoil,€0.18,common,c187b12a-391b-41fb-9728-053909f69f66,2023-08-12T15:00:54.248Z
3,"Makindi Shieldmate",zen,"Zendikar",26,nonfoil,€0.17,common,e76e9555-966c-4fc3-9ef4-a0154ccb8329
1,"Gustcloak Harrier",ons,"Onslaught",34,nonfoil,€0.05,common,b5ff5c7d-7823-4d1e-8abb-77e2d8126996
2,"Greenseeker",tsp,"Time Spiral",198,nonfoil,€0.09,common,f2dfa231-349a-4dce-bed6-c82a136fe0a1
1,"Skeleton Shard",mrd,"Mirrodin",242,nonfoil,€0.21,uncommon,eeffcd61-ea1f-4ccd-b3d3-79efa9d4a0cf
1,"Mind's Eye",mrd,"Mirrodin",205,nonfoil,€2.99,rare,0899f753-c229-4cdf-a60c-4978a6506def
2,"Icatian Crier",tsp,"Time Spiral",23,nonfoil,€0.05,common,523ab784-c77e-4b78-99fc-b5d7ed985d76
1,"Dovin, Grand Arbiter",voc,"Crimson Vow Commander",153,nonfoil,€0.33,mythic,677c7b08-e80c-49ac-acfd-8feb9cde3c5d
1,"Beacon of Tomorrows",5dn,"Fifth Dawn",24,nonfoil,€1.36,rare,3ab166c9-af3e-4e65-88ed-9766b046c95b
2,"Stalwart Valkyrie",khm,"Kaldheim",31,nonfoil,€0.05,common,89ecb530-e429-4b50-a24c-8437614cf224
1,"Berserkers of Blood Ridge",m11,"Magic 2011",124,nonfoil,€0.04,common,033fce45-20d8-48cc-96d3-7f16c99da83d
1,"Call the Bloodline",soi,"Shadows over Innistrad",103,nonfoil,€0.17,uncommon,3ec85cca-ac2c-4b1b-850b-6a762df72bd0,2024-04-19T21:17:35.849Z
2,"Bladed Bracers",avr,"Avacyn Restored",213,nonfoil,€0.09,common,897a5116-043c-46aa-880e-be8dcb1618bc
2,"Necromancer's Magemark",gpt,"Guildpact",53,nonfoil,€0.11,common,3b045121-7742-41ee-be27-591692f42331
1,"Goblin Chirurgeon",fem,"Fallen Empires",54c,nonfoil,€1.54,common,c9740842-7955-4cf9-8f76-a426858360b1
2,"Honden of Life's Web",chk,"Champions of Kamigawa",213,nonfoil,€0.62,uncommon,3c618af6-b02e-448f-9131-3c50ef0d433b
1,"Maul Splicer",nph,"New Phyrexia",114,nonfoil,€0.16,common,2d2c6a6d-5b59-47d7-b290-df3640d9555f
1,"Imprisoned in the Moon",voc,"Crimson Vow Commander",106,nonfoil,€0.32,rare,4bd8bb9d-697d-4e11-a5f8-58234244f1a9
1,"Burn at the Stake",avr,"Avacyn Restored",130,nonfoil,€1.25,rare,d46e9902-81fb-4a3c-9f2f-d3faf031631d,2024-04-25T08:36:26.549Z
3,"Daru Spiritualist",scg,"Scourge",5,nonfoil,€0.21,common,18f26b88-cffc-47ed-a70a-7d704a32c8bb
1,"Festering Goblin",ons,"Onslaught",148,nonfoil,€0.18,common,e7209cc8-b519-4f27-87d8-b12e239a121f
1,"Festering Goblin",9ed,"Ninth Edition",130,nonfoil,€0.08,common,00444e40-7436-48c3-9cbb-e6d8b96c1a3a
4,"Mystic Restraints",chk,"Champions of Kamigawa",76,nonfoil,€0.06,common,96cc4428-3f86-4359-927d-4009ada52c5d
1,"Mortis Dogs",nph,"New Phyrexia",66,nonfoil,€0.05,common,3cae1f40-0e43-41d8-bc5c-aa9873f7d7d5
1,"Remorseful Cleric",m19,"Core Set 2019",33,nonfoil,€0.31,rare,9620716d-9be8-4ebd-80d2-679373f4f897
1,"Remorseful Cleric",voc,"Crimson Vow Commander",97,nonfoil,€0.22,rare,defa1a8f-8a4d-45fc-90fb-8378b844dfdb
1,"Gore-House Chainwalker",rtr,"Return to Ravnica",96,nonfoil,€0.08,common,56ba132f-95fc-4b99-a1dc-ebe6f622bb41
1,"Dire Downdraft",blb,"Bloomburrow",46,nonfoil,€0.08,common,f1931f22-974c-43ad-911e-684bf3f9995d,2024-12-25T09:52:18.869Z
1,"Greater Basilisk",m11,"Magic 2011",180,nonfoil,€0.05,common,482f169d-8acd-4ee3-a54c-6df6cbeb7eca
1,"Growth Spiral",ltc,"Tales of Middle-earth Commander",267,nonfoil,€0.38,common,f7b59b66-677d-4fd8-b7d7-5135d6622eb9,2023-08-12T15:02:35.277Z
1,"Growth Spiral",rna,"Ravnica Allegiance",178,nonfoil,€0.23,common,7c77a6b1-ef06-4da5-8e86-a5204216cb77
1,"Divine Verdict",m10,"Magic 2010",8,nonfoil,€0.09,common,48444e14-c73b-47d1-9c55-0ff4dc3c6034
1,"Tetsuko Umezawa, Fugitive",dom,"Dominaria",69,nonfoil,€0.19,uncommon,16185c50-f7b8-4cea-a129-dfad8e9df781,2022-09-26T17:19:46.447Z
2,"Village Rites",khm,"Kaldheim",117,nonfoil,€0.28,common,0fab9ee8-776a-48e5-b309-bcd381e67bf7
1,"Spawning Pit",dst,"Darksteel",141,nonfoil,€1.11,uncommon,36a3345d-1190-45f4-8191-897b4dcec376
1,"Starscape Cleric",blb,"Bloomburrow",116,nonfoil,€1.67,uncommon,53a938a7-0154-4350-87cb-00da24ec3824,2024-12-25T10:02:05.062Z
1,"Volcanic Hammer",8ed,"Eighth Edition",231,nonfoil,€0.04,common,59c47e6a-71d8-4eba-ad05-0e6745f81600
2,"Groundling Pouncer",eve,"Eventide",154,nonfoil,€0.19,uncommon,57e7056e-42b9-436a-8302-fcbfa0abd84f
3,"Avacyn's Pilgrim",isd,"Innistrad",170,nonfoil,€0.56,common,7eb39e97-53c2-4df0-9fb3-a3d6a24ec41f
1,"Sifter of Skulls",ogw,"Oath of the Gatewatch",77,nonfoil,€0.47,rare,be57a5aa-44f1-483f-9274-aa68f5a2bf1f,2023-02-01T09:25:40.623Z
1,"Vanquish",5dn,"Fifth Dawn",20,nonfoil,€0.07,uncommon,27bae717-56c0-4028-b1e7-a445d6a57176
1,"Viridian Longbow",mrd,"Mirrodin",270,nonfoil,€0.55,common,be892d73-d1f4-4c36-b674-01ae21ff1484
1,"Blazing Salvo",ody,"Odyssey",178,nonfoil,€0.15,common,f7d192ef-a174-4df5-b67f-22918c32cf71
1,"Natural End",avr,"Avacyn Restored",185,nonfoil,€0.07,common,95d25235-de1c-4b67-9712-24f0564bd2bf
1,"Aven Flock",8ed,"Eighth Edition",6,nonfoil,€0.04,common,7fa12005-465d-40b2-804b-a04cc2686ebd
1,"Spectral Shepherd",voc,"Crimson Vow Commander",98,nonfoil,€0.04,uncommon,6eb29718-0bdf-4a8e-9d5c-9e3f486762cc
1,"Mulldrifter",khc,"Kaldheim Commander",42,nonfoil,€0.30,uncommon,345fd005-5052-4500-a260-3649500e21f4
2,"Elite Vanguard",ddf,"Duel Decks: Elspeth vs. Tezzeret",2,nonfoil,€0.09,uncommon,c69f267b-5e79-491d-a159-5c4fda47194b
2,"Matsu-Tribe Sniper",bok,"Betrayers of Kamigawa",136,nonfoil,€0.08,common,143af295-040d-400e-ae23-59abd2f88e11
1,"Blinkmoth Well",mrd,"Mirrodin",279,nonfoil,€0.16,uncommon,e4c79155-b6d8-46df-891f-487b24c4e0d5,2024-04-23T17:13:16.445Z
1,"Vernal Equinox",mmq,"Mercadian Masques",283,nonfoil,€1.02,rare,3bed69d2-f5fb-4173-b939-5abdb48b82b4
1,"Wake Thrasher",eve,"Eventide",31,nonfoil,€0.54,rare,93116209-636a-4b86-a8ed-d4a03e1d7212
1,"Deepwood Ghoul",8ed,"Eighth Edition",127,nonfoil,€0.07,common,cd4c5c2f-0c1e-44e8-a7f8-2dc2954eacd8
2,"Giant Warthog",jud,"Judgment",118,nonfoil,€0.04,common,c402ef0e-51e7-4da6-a434-b99c5d435698
1,"Nissa, Voice of Zendikar",ogw,"Oath of the Gatewatch",138,nonfoil,€1.71,mythic,a600b97b-1851-4b1b-a2af-f80e0307c02c,2022-10-06T10:56:58.109Z
1,"Mystic Confluence",ltc,"Tales of Middle-earth Commander",193,nonfoil,€0.60,rare,9ba59aaf-d2f8-4f26-a58b-5245d686714d,2023-08-12T14:36:32.360Z
1,"Death Grasp",apc,"Apocalypse",95,nonfoil,€1.33,rare,0e893dd4-8c37-496e-bc39-cd83d42b4cc4
1,"Golgari Keyrune",rtr,"Return to Ravnica",229,nonfoil,€0.12,uncommon,913b803f-ba82-4660-86be-49677d1e32c9
1,"Vandalblast",rtr,"Return to Ravnica",111,nonfoil,€1.59,uncommon,5925c559-3e3c-481b-ba95-20a405cbffce,2024-04-25T08:36:45.526Z
1,"Treasure",tltr,"Tales of Middle-earth Tokens",12,nonfoil,€0.00,common,46a2c363-c879-4c36-b08a-dd57e3da19ae,2023-08-12T14:55:17.809Z
2,"Dawn's Reflection",5dn,"Fifth Dawn",85,nonfoil,€0.03,common,131a124f-f11e-4ea1-a7b2-b94eea988d4e
1,"Spitting Earth",7ed,"Seventh Edition",220,nonfoil,€0.11,common,0db01746-2734-4686-b443-52de8e379bbe
1,"Leyline of Anticipation",m20,"Core Set 2020",64,nonfoil,€3.93,rare,29b70152-1d7b-45c4-8c85-011d2338e0a8,2022-05-09T20:18:29.965Z
1,"Kithkin Spellduster",eve,"Eventide",8,nonfoil,€0.22,common,71547cb8-b275-4ff2-a7fa-327cb493ce04
1,"Rod of Ruin",8ed,"Eighth Edition",312,nonfoil,€0.05,uncommon,1d652801-7f22-41b5-b19c-90efe5d8c0a8
1,"Krenko, Mob Boss",jmp,"Jumpstart",339,nonfoil,€0.92,rare,cd9fec9d-23c8-4d35-97c1-9499527198fb
1,"Lyev Skyknight",rtr,"Return to Ravnica",179,nonfoil,€0.08,uncommon,11cbeb3b-1579-4318-a024-4a2c06896eaf
1,"Screeching Griffin",rav,"Ravnica: City of Guilds",29,nonfoil,€0.02,common,5e2fa710-4615-42de-8716-41b009b56d32
1,"Deepglow Skate",2xm,"Double Masters",48,nonfoil,€0.69,rare,4a8b26dc-de39-4510-9fcf-6cb43372f543,2024-04-19T21:34:10.976Z
1,"Sarulf, Realm Eater",khm,"Kaldheim",330,nonfoil,€0.47,rare,45b31046-d84d-4afa-a207-bb6cccac4339
1,"Captain's Call",m13,"Magic 2013",9,nonfoil,€0.06,common,79258432-ea35-4f2a-9e4a-4abb53f335c6
1,"Vex",dst,"Darksteel",36,nonfoil,€0.07,common,e28a9f15-5469-4dc2-8a73-646f854fec7e
1,"Vat of Rebirth",one,"Phyrexia: All Will Be One",113,nonfoil,€0.23,uncommon,20a961ea-0639-4f5d-8cf4-f909c59a4ae1,2024-04-23T17:11:05.053Z
1,"Blazing Effigy",leg,"Legends",134,nonfoil,€0.72,common,921011ff-1696-4575-9198-abe993a0ee7a
1,"Izzet Boilerworks",gpt,"Guildpact",159,nonfoil,€0.18,common,666f455e-3a3d-475d-b67a-a1fdd74820eb
1,"Sculpting Steel",2xm,"Double Masters",286,nonfoil,€0.89,rare,d4f54dc9-3b27-4e90-a423-3aeeb4cedb06
1,"Sunlit Marsh",dmu,"Dominaria United",257,nonfoil,€0.19,common,f0588fbf-3c05-452a-b3f7-67604c1f921d,2022-10-08T09:57:25.903Z
1,"Secret Plans",c19,"Commander 2019",201,nonfoil,€0.15,uncommon,b223d673-79da-4e2e-84a4-db917fbbd7dd
3,"Woodwraith Strangler",rav,"Ravnica: City of Guilds",241,nonfoil,€0.02,common,be72ff91-f810-46c3-884f-6e65827824bc
1,"Greater Good",9ed,"Ninth Edition",245,nonfoil,€4.21,rare,153d7669-9063-4fc2-b53b-480b0e741f3f,2022-05-09T20:10:58.775Z
1,"Glint-Horn Buccaneer",m20,"Core Set 2020",141,nonfoil,€3.87,rare,df2df9cb-14f5-470f-b438-20f4ae8d0d59
1,"Rhythm of the Wild",rna,"Ravnica Allegiance",201,nonfoil,€2.93,uncommon,84062ce2-fea2-4e06-b83b-7cc597fb2a1b,2022-10-06T10:56:58.115Z
1,"Jund Sojourners",arb,"Alara Reborn",116,nonfoil,€0.07,common,893c08b2-1391-4aaf-b79c-d1125b232f73
1,"Sudden Substitution",c19,"Commander 2019",11,nonfoil,€2.35,rare,9f7983bf-2a3b-4428-8c01-35285f589da8
2,"Armament Master",zen,"Zendikar",1,foil,€0.29,rare,975f7752-e981-4046-ae9b-90b20db6b23a
1,"Dusk Mangler",snc,"Streets of New Capenna",77,nonfoil,€0.12,uncommon,b86825b2-5b03-4311-b7d9-f8131b17249d,2022-05-02T18:54:09.290Z
1,"Pawn of Ulamog",roe,"Rise of the Eldrazi",122,nonfoil,€2.47,uncommon,85f4d77d-e0de-48fe-899b-5718cee779e2,2023-01-19T19:16:36.667Z
1,"Celestial Kirin",sok,"Saviors of Kamigawa",3,nonfoil,€0.59,rare,003e99a0-2caa-407b-be40-92ec17836eb3
2,"Chromatic Sphere",inv,"Invasion",299,nonfoil,€0.83,uncommon,920cd17f-9274-443e-906f-c9904f0658d5
2,"Chromatic Sphere",mrd,"Mirrodin",151,nonfoil,€0.40,common,f31a6dfd-93d2-49c8-a357-9a707b9c42bd
1,"Dwarven Reinforcements",khm,"Kaldheim",134,nonfoil,€0.05,common,40bcc7cb-65dd-4bc6-8606-a162fa6c65f7
1,"Boros Fury-Shield",rav,"Ravnica: City of Guilds",5,nonfoil,€0.12,common,c46b2f5c-3c7a-4421-9d6f-81197e93d8d0
1,"Golgari Thug",rav,"Ravnica: City of Guilds",87,nonfoil,€0.54,uncommon,87c39e21-3e2f-4cbf-9f99-69e977924a73
2,"Peer Through Depths",chk,"Champions of Kamigawa",78,nonfoil,€0.18,common,9be02570-b840-46cc-af54-5279463fdcab
1,"Yavimaya Enchantress",8ed,"Eighth Edition",290,nonfoil,€0.06,uncommon,88ed4258-eeb8-4c50-9119-8c54331bd219
1,"Immolating Souleater",nph,"New Phyrexia",139,nonfoil,€0.09,common,abbaf916-067d-4834-a55c-b400fe0d8c1f
1,"Azusa, Lost but Seeking",chk,"Champions of Kamigawa",201,nonfoil,€8.48,rare,9ed862a2-d3e2-4543-81a6-453a96399d14,2024-04-19T21:31:55.302Z
3,"Blessed Breath",chk,"Champions of Kamigawa",1,nonfoil,€0.14,common,9e2d8650-b8c3-4e89-9aa2-424a98715c38
1,"Simic Signet",cma,"Commander Anthology",229,nonfoil,€0.23,common,357cbbf6-a59a-4bbd-bcbd-0a61f9d5fdb2
3,"Monstrify",eve,"Eventide",70,nonfoil,€0.09,common,585b52bc-aff5-4406-b55b-1b7decfd80f9
1,"The Trickster-God's Heist",khm,"Kaldheim",232,nonfoil,€0.18,uncommon,4aa19a68-0d71-4123-a64d-8cb76f93cd74
1,"Zombie Cutthroat",scg,"Scourge",81,nonfoil,€0.09,common,fe491cba-6ec7-4c44-ad1e-832d936986a0
1,"Viridian Betrayers",nph,"New Phyrexia",124,nonfoil,€0.17,common,cc6ea52f-4b24-45ff-99e1-4d0e1bd42875
3,"Gnarlback Rhino",m20,"Core Set 2020",300,nonfoil,€0.13,uncommon,68a69558-aca0-413d-9762-2fa115b44abd
1,"Wanderer's Twig",lrw,"Lorwyn",265,nonfoil,€0.18,common,8ea7b2c0-c641-478f-b8d9-17aa17fa1cbe
1,"Plague Myr",mbs,"Mirrodin Besieged",125,nonfoil,€1.06,uncommon,8f932690-9a38-4a3f-8805-a192208152a3
2,"Ronin Cliffrider",bok,"Betrayers of Kamigawa",116,nonfoil,€0.15,uncommon,f9f12b75-af29-49ea-a23d-915052db9fef
2,"Trinket Mage",5dn,"Fifth Dawn",39,nonfoil,€0.16,common,4c5a41ab-1840-4abb-a8bb-f0b1e7d1b450
3,"Reward the Faithful",scg,"Scourge",22,nonfoil,€0.08,uncommon,df6e8844-3736-4fb1-bedb-6a6bfa6ccdc8
1,"Nature's Lore",p02,"Portal Second Age",135,nonfoil,€2.70,common,f43fb749-5672-4a5c-ac89-e443195b95bc,2022-05-09T20:26:51.861Z
1,"Skycloud Expanse",voc,"Crimson Vow Commander",182,nonfoil,€0.34,rare,56b008f6-ed63-4abd-9764-3332cb9f672d
1,"Putrefy",c19,"Commander 2019",197,nonfoil,€0.16,uncommon,4ff773ac-ba7a-45da-a912-07222f7bf781
1,"Cagemail",jud,"Judgment",7,nonfoil,€0.03,common,72ab91ab-2bcf-4617-bec3-2bf040d4997c
1,"Pinecrest Ridge",chk,"Champions of Kamigawa",281,nonfoil,€0.12,uncommon,7900552f-6147-49ec-8c02-f253e4896c4d
2,"Valiant Guard",con,"Conflux",19,nonfoil,€0.06,common,83ec1486-900b-4763-9b5b-390cb00aff02
3,"Frozen Solid",scg,"Scourge",36,nonfoil,€0.08,common,9b89b98d-0245-4b64-b835-d101ce2bd3fa
1,"Necrogen Mists",mrd,"Mirrodin",69,nonfoil,€3.57,rare,18291514-9ffb-4032-9c77-cec0200bf1b6
1,"Fold into Aether",5dn,"Fifth Dawn",31,nonfoil,€0.09,uncommon,615157d6-0160-417b-b06c-0e253b306c37
3,"Hissing Miasma",gpt,"Guildpact",51,nonfoil,€1.03,uncommon,f394fd39-842f-4c98-b857-bdad3fd09758
1,"Fleshbag Marauder",cmr,"Commander Legends",128,nonfoil,€0.16,common,4002b3a4-e00e-44ed-8989-d553e5d7d6c8,2024-04-19T21:18:13.654Z
1,"Toxic Stench",jud,"Judgment",74,nonfoil,€0.06,common,8c4d1f59-0dba-4b83-8386-ae564fb4b771
2,"Harsh Deceiver",chk,"Champions of Kamigawa",11,nonfoil,€0.11,common,01e19753-b94b-458f-a51b-c8ec8fbec6c8
2,"Abuna's Chant",5dn,"Fifth Dawn",1,nonfoil,€0.09,common,b9e0bf63-0399-40d6-9162-4562d7bcdd0e
1,"Ixidor, Reality Sculptor",ons,"Onslaught",89,nonfoil,€1.49,rare,314d5e89-55f7-42b4-af19-d4d0f499a265,2024-04-19T21:34:23.009Z
1,"Koll, the Forgemaster",khm,"Kaldheim",220,nonfoil,€0.13,uncommon,22f68b53-0cf7-434d-9da5-1d18c0828a46
2,"Syphon Life",eve,"Eventide",46,nonfoil,€0.19,uncommon,225cd8bf-fd0e-4cab-903b-10c6d0dd4741
1,"Midnight Clock",eld,"Throne of Eldraine",54,nonfoil,€0.33,rare,0f7f1148-7b1b-4969-a2f8-428de1e2e8ff
1,"Midnight Clock",voc,"Crimson Vow Commander",108,nonfoil,€0.16,rare,106fc548-a50c-4c0a-820d-b4fc0d4a0495
1,"Nim Replica",mrd,"Mirrodin",220,nonfoil,€0.05,common,d11a56e7-30a4-44da-a58b-336f4c0c4882
2,"Jilt",apc,"Apocalypse",27,nonfoil,€0.17,common,a010d2b1-960d-4032-a47a-61fe0998bee3
1,"Gwyllion Hedge-Mage",eve,"Eventide",89,nonfoil,€0.12,uncommon,914e6fda-808f-43fb-8024-8b8a8781a7ac
1,"Repeal",gpt,"Guildpact",32,nonfoil,€0.19,common,9e7dd929-4bba-46a6-86c9-b8ed853eb721
1,"Kirtar's Wrath",voc,"Crimson Vow Commander",91,nonfoil,€0.24,rare,6f9a11d2-e422-430d-af2a-525fc4a2e2cc
3,"Selesnya Signet",rav,"Ravnica: City of Guilds",270,nonfoil,€0.28,common,8296d86a-2c79-43c8-8a1c-1d4bb600bc6b
2,"Frenzied Goblin",rav,"Ravnica: City of Guilds",125,nonfoil,€0.20,uncommon,d307d8c7-b9b5-4f8f-933d-f1c64cbbf92f
1,"Skittish Kavu",inv,"Invasion",168,nonfoil,€0.10,uncommon,be806378-50a7-4416-9d99-1ea2c1f2b7cb
1,"Yuriko, the Tiger's Shadow",c18,"Commander 2018",52,nonfoil,€1.70,rare,3bd81ae6-e628-447a-a36b-597e63ede295
1,"Darksteel Mutation",voc,"Crimson Vow Commander",84,nonfoil,€1.69,uncommon,afa4c889-0577-4173-9f85-42a7bf675aaf
1,"Faithless Looting",uma,"Ultimate Masters",128,nonfoil,€0.42,common,4e0865d7-3325-489f-bbe6-b7d2a43c23af
1,"Hundred-Talon Kami",chk,"Champions of Kamigawa",16,nonfoil,€0.11,common,a7b2892a-5c16-4624-9a47-6a47f10e2466
1,"Bearer of Glory",tdm,"Tarkir: Dragonstorm",4,nonfoil,€0.02,common,d6d91e42-43db-428d-a4dd-ef9d40306314,2025-12-24T12:16:09.542Z
1,"Niv-Mizzet, Parun",grn,"Guilds of Ravnica",192,nonfoil,€1.92,rare,6f3d2dc5-7b9d-4af6-9f3b-4de90fbf63c9,2024-04-19T21:14:59.464Z
1,"Thopter Foundry",arb,"Alara Reborn",133,nonfoil,€0.32,uncommon,42b8d797-b01d-49cf-9818-d84bba17029d,2022-05-09T20:26:37.335Z
1,"Phyrexian Metamorph",nph,"New Phyrexia",42,nonfoil,€3.83,rare,d2e27911-87cb-49a0-a34f-6afe4bddd592
3,"Duergar Assailant",eve,"Eventide",136,nonfoil,€0.16,common,a6555cbb-97fc-4258-9b11-096c3eaec833
1,"Bladewing's Thrall",scg,"Scourge",55,nonfoil,€0.21,uncommon,f07e0d28-6383-4846-89d3-72910a7bbdcd
1,"Flight of Fancy",rav,"Ravnica: City of Guilds",49,nonfoil,€0.06,common,7c8ad201-ce70-45bf-9ac3-51f5ccfa8df9
1,"Hex",c19,"Commander 2019",120,nonfoil,€0.15,rare,ea5685ef-684b-4426-bab7-710a51f994f8
1,"Hex",rav,"Ravnica: City of Guilds",89,nonfoil,€0.19,rare,f6af730f-a86d-4b0f-a120-fb56f065351b
4,"Insect",tltc,"Tales of Middle-earth Commander Tokens",12,nonfoil,€0.00,common,83d61e7f-9eef-48d4-9261-9ff18dfd2a65,2023-08-12T14:55:28.009Z
1,"Mycosynth Wellspring",nph,"New Phyrexia",145,nonfoil,€0.15,common,097f7ab8-01fa-4699-943a-32075aecebc2
1,"Tanglebloom",9ed,"Ninth Edition",311,nonfoil,€0.08,uncommon,eb8ff237-dac6-4c79-9d8c-b047d60083e8
1,"Tanglebloom",mrd,"Mirrodin",258,nonfoil,€0.04,common,361a524c-17aa-43a0-8aea-1d26a9a1044c
1,"Survey the Wreckage",rtr,"Return to Ravnica",107,nonfoil,€0.10,common,a6e750f9-ad86-4d60-98a3-78d11cd52cd1
2,"Goblin Arsonist",m13,"Magic 2013",134,nonfoil,€0.10,common,4d131369-db00-4a11-bd47-4401188b0f35
1,"Urgent Exorcism",isd,"Innistrad",40,nonfoil,€0.07,common,516a437c-a2ee-43c6-876c-1a63a455c97c
2,"Nagao, Bound by Honor",chk,"Champions of Kamigawa",36,nonfoil,€0.21,uncommon,a45258f4-c36d-46cc-80e8-cc458351e003
2,"Dark Banishing",8ed,"Eighth Edition",123,nonfoil,€0.07,common,0c42a59e-f916-48a7-8721-091ee47a6ea1
1,"Dark Banishing",9ed,"Ninth Edition",122,nonfoil,€0.03,common,21b6d545-2bef-4230-99ac-ee9bc3e9a53d
1,"Grim Discovery",zen,"Zendikar",91,nonfoil,€0.07,common,4eeec3f1-1f12-4237-95ec-54bbc9a901f9
1,"Ainok Survivalist",c19,"Commander 2019",156,nonfoil,€0.20,common,db1a9d18-93ae-4ff9-99dd-569cf2e9f62a
1,"Bonders' Enclave",iko,"Ikoria: Lair of Behemoths",245,nonfoil,€0.54,rare,4fe9388d-b1ee-4f35-9fbd-5f504528b398,2024-04-23T17:14:46.876Z
1,"Disruptive Pitmage",ons,"Onslaught",81,nonfoil,€0.15,common,5b0d9c2f-356c-4f27-8560-8ffceadac31c,2022-05-09T20:28:08.505Z
2,"Arrest",som,"Scars of Mirrodin",2,nonfoil,€0.03,common,f52d6cf9-1d92-4d3b-8631-0db19a073b44
1,"Niblis of the Breath",dka,"Dark Ascension",44,nonfoil,€0.21,uncommon,0686843d-6d1e-4488-8c17-7c986a154195
1,"Baird, Argivian Recruiter",dmu,"Dominaria United",294,foil,€0.15,uncommon,6b7acac3-cb41-46bb-ae5e-98dc60620e53,2022-10-20T10:52:33.278Z
1,"Den Protector",c19,"Commander 2019",161,nonfoil,€0.21,rare,f6c1c367-35a9-4932-86a6-d63d3b9b326a
1,"Teroh's Faithful",tor,"Torment",18,nonfoil,€0.06,common,bff8cf45-c84f-49d7-ad3d-b5e046286cb3
4,"Necromantic Thirst",rav,"Ravnica: City of Guilds",97,nonfoil,€0.04,common,0a46880c-a9f4-452d-8b91-51d8aa97cbd2
1,"Plaguecrafter",c19,"Commander 2019",126,nonfoil,€0.25,uncommon,6d238383-e67f-4a34-b431-f079e55b2708
1,"Drogskol Captain",voc,"Crimson Vow Commander",154,nonfoil,€0.44,uncommon,c88e7e22-6300-4871-9af8-923eedfe4b32
3,"Wing Shards",scg,"Scourge",25,nonfoil,€0.23,uncommon,65efa443-666a-45c1-8784-e98c510854b5
1,"Myr Sire",mbs,"Mirrodin Besieged",116,nonfoil,€0.20,common,507979fd-5459-4933-8707-adc303750ce9
1,"Chemister's Trick",rtr,"Return to Ravnica",149,nonfoil,€0.03,common,dbfc2748-351f-4b5d-8a7e-bc51851578bb
1,"Slaughter Cry",zen,"Zendikar",149,nonfoil,€0.02,common,c93b0eda-693e-4a17-be1d-1df162702146
1,"Grizzled Leotau",arb,"Alara Reborn",69,nonfoil,€0.26,common,2b388381-9e13-4ce7-b5b3-56a74cc23d93
1,"Force of Nature",9ed,"Ninth Edition",242,nonfoil,€0.23,rare,78f3103a-24e9-4462-bf52-8fa5e6214d6d
1,"Dimir Keyrune",gtc,"Gatecrash",228,nonfoil,€0.14,uncommon,4d91bb34-5d8d-48c9-ad19-d28884e083bc,2022-05-09T20:28:20.756Z
1,"Fleeting Distraction",avr,"Avacyn Restored",53,nonfoil,€0.02,common,1ba49d16-e3e4-470a-8ca2-a93a5b358f6e
1,"Dark Prophecy",m14,"Magic 2014",93,nonfoil,€6.64,rare,ecf82c3b-7a35-43dd-8bf3-ebc68dc1b8fc,2024-04-19T21:21:09.334Z
1,"Veteran's Reflexes",wwk,"Worldwake",23,nonfoil,€0.10,common,783f220b-f860-4ebb-a424-22598bdd6fae
1,"Rebuke",isd,"Innistrad",29,nonfoil,€0.04,common,267185ac-a176-423e-a7f8-ee966d1d9a1e
1,"Return to Dust",mic,"Midnight Hunt Commander",92,nonfoil,€0.14,uncommon,bf425a1b-e2fe-4e1b-8fc3-20203ca18959
1,"Winnower Patrol",mor,"Morningtide",139,nonfoil,€0.08,common,a47bed84-5a4a-4f16-af6c-789c542ce3a7
2,"Drift of Phantasms",rav,"Ravnica: City of Guilds",46,nonfoil,€0.26,common,c1096ce5-f776-4028-b231-e6eaee35014b
1,"Dimir Infiltrator",rav,"Ravnica: City of Guilds",203,nonfoil,€0.30,common,3db9204c-dde8-4241-aac2-1f090566f604
1,"Disdainful Stroke",khm,"Kaldheim",54,nonfoil,€0.06,common,7691ac89-f8ba-493e-aa11-5674a783dffb
1,"Dryad Sophisticate",gpt,"Guildpact",83,nonfoil,€0.19,uncommon,0b5bf5ce-f7f8-47cb-abb8-f14ce5f1af67
1,"Sensor Splicer",nph,"New Phyrexia",22,nonfoil,€0.11,common,79076264-d71c-4b30-aac9-702a4d229933
1,"Blacksmith's Talent",blb,"Bloomburrow",125,nonfoil,€0.15,uncommon,4bb318fa-481d-40a7-978e-f01b49101ae0,2024-12-25T09:58:56.385Z
1,"Ghostly Wings",tor,"Torment",38,nonfoil,€0.06,common,58fb2705-82e7-49d9-b8cc-f98f652dd6c1
3,"Merchant of Secrets",8ed,"Eighth Edition",90,nonfoil,€0.03,common,89e40516-99ec-45fb-be51-c8503fa4811e
1,"Patagia Golem",8ed,"Eighth Edition",308,nonfoil,€0.05,uncommon,c66c9c30-35c4-4813-a766-a54a418baf8b
1,"Patagia Golem",7ed,"Seventh Edition",310,nonfoil,€0.12,uncommon,90583dcc-6e0e-45e6-9209-8ad3a6c94555
1,"Master of Etherium",ddf,"Duel Decks: Elspeth vs. Tezzeret",48,nonfoil,€0.29,rare,f21ff442-ad96-47ee-b65b-26557ea0ecbe
1,"Whipcorder",ons,"Onslaught",60,nonfoil,€0.59,uncommon,3bf6987e-a6e4-4a88-af0b-cf3b2d2b80c7
2,"Bushi Tenderfoot // Kenzo the Hardhearted",chk,"Champions of Kamigawa",2,nonfoil,€0.19,uncommon,864ad989-19a6-4930-8efc-bbc077a18c32
1,"Jungle Hollow",c19,"Commander 2019",254,nonfoil,€0.10,common,7fc11a2d-7592-46ca-9e9c-fa14c21dc38c
1,"Jungle Hollow",tdm,"Tarkir: Dragonstorm",258,nonfoil,€0.05,common,ea13440b-3f7b-4182-9541-27c1fa3121e5,2025-12-24T12:21:29.740Z
1,"Arcbound Worker",dst,"Darksteel",104,nonfoil,€0.14,common,75561093-8892-4b51-813a-c933a06d8cbd
1,"Fencer's Magemark",gpt,"Guildpact",65,nonfoil,€0.15,common,318a33fb-8b36-4dad-9eef-e0e601723f78
1,"Goro-Goro, Disciple of Ryusei",neo,"Kamigawa: Neon Dynasty",145,nonfoil,€0.88,rare,1ca736c7-35a9-48c7-b5a9-69b2a6e33ad0,2024-04-23T17:09:57.378Z
2,"Unburden",scg,"Scourge",77,nonfoil,€0.16,common,bd5fc0e0-4ee5-40eb-a9f0-9b1fff2adefc
1,"Opal Palace",c13,"Commander 2013",310,nonfoil,€0.22,common,e8b912d9-5682-4462-954a-b4c2eb1aebbb,2022-05-09T20:21:36.200Z
1,"Long River's Pull",blb,"Bloomburrow",58,nonfoil,€0.32,uncommon,1c81d0fa-81a1-4f9b-a5fd-5a648fd01dea,2024-09-21T15:12:58.011Z
1,"Funeral Longboat",khm,"Kaldheim",238,nonfoil,€0.09,common,45c48042-178f-432e-9eee-10bfa1e0795f
1,"Cabal Trainee",jud,"Judgment",63,nonfoil,€0.04,common,d345d702-b205-4391-985a-6201e707f0ba
4,"Sokenzan Bruiser",chk,"Champions of Kamigawa",188,nonfoil,€0.09,common,2d147088-2191-49e8-9c0b-419d4048604a
1,"Sulam Djinn",inv,"Invasion",212,nonfoil,€0.13,uncommon,7aeab16f-e104-47e7-81c7-b6e0123120d7
1,"Soaring Seacliff",zen,"Zendikar",225,nonfoil,€0.06,common,6bf0de91-765a-49e3-bd8a-94f266b3bdd8
2,"Ethereal Haze",chk,"Champions of Kamigawa",9,nonfoil,€0.32,common,7f1996af-5f15-447f-9b1d-98a7e97df53a
3,"Moonlit Strider",bok,"Betrayers of Kamigawa",16,nonfoil,€0.06,common,d9d39ff1-402c-4218-ad42-276a22c087a7
1,"Scrounge",dst,"Darksteel",53,nonfoil,€0.04,uncommon,1a30f99a-b295-45a2-bff7-479cbe7541a5
1,"Winding Constrictor",aer,"Aether Revolt",140,nonfoil,€0.23,uncommon,107c8aa8-c8f8-4cbf-821b-bd2cb33354f0,2022-05-09T20:04:07.770Z
1,"Inga Rune-Eyes",khm,"Kaldheim",64,nonfoil,€0.05,uncommon,62a6f095-5beb-42a8-af8f-d40eef27150e
1,"Fling",m11,"Magic 2011",139,nonfoil,€0.14,common,1c1e41a8-018b-49b3-ad2d-38ec038d738c
1,"Fling",dka,"Dark Ascension",90,nonfoil,€0.21,common,cf1ab466-44bb-45d5-a94f-21b8924f0d89
1,"Reach Through Mists",chk,"Champions of Kamigawa",81,nonfoil,€0.11,common,9d63a2cd-dd67-4692-9baf-520ebf6ab331
1,"Sentinels of Glen Elendra",lrw,"Lorwyn",84,foil,€0.29,common,f48daf7e-2f8e-4179-a145-a6b36dd11d44
2,"Scroll of Origins",sok,"Saviors of Kamigawa",159,nonfoil,€0.19,rare,36b39d20-47b5-468b-aaf8-f6b7c7048b33
1,"Snarespinner",dmu,"Dominaria United",179,nonfoil,€0.06,common,0b51c3b5-db70-4976-986d-ed3fc8584d1a,2022-10-20T10:49:43.246Z
1,"Choked Estuary",soi,"Shadows over Innistrad",270,nonfoil,€0.40,rare,995d44ca-626d-4c95-97af-ee53fa8baaf0,2022-10-06T10:56:58.109Z
1,"Saw It Coming",khm,"Kaldheim",76,nonfoil,€0.30,uncommon,877a1bb9-5eae-453a-bec0-a9de20ea6815
1,"Izzet Chronarch",gpt,"Guildpact",119,nonfoil,€0.12,common,6c82dc47-38db-4ee1-9031-f8ea68d05389
2,"Conclave's Blessing",rav,"Ravnica: City of Guilds",11,nonfoil,€0.13,common,86235d9f-ba69-417d-9203-812ab428b374
1,"Flames of the Firebrand",m13,"Magic 2013",132,nonfoil,€0.11,uncommon,aca215b1-7b98-49ce-afae-eeb61058125a
1,"Myr Quadropod",5dn,"Fifth Dawn",138,nonfoil,€0.06,common,5576fe4d-cf12-460b-af15-996baeca5065
1,"Bog Serpent",plc,"Planar Chaos",84,nonfoil,€0.02,common,2958de76-a5ec-4e14-a025-4fe0e84c8b4b
1,"Centaur Courser",m13,"Magic 2013",164,nonfoil,€0.08,common,44a5f7db-ea4e-4af5-9d4a-0335db6ea0e9
1,"Pendant of Prosperity",c19,"Commander 2019",56,nonfoil,€0.38,rare,531f70f5-b667-436f-9a45-41dd08439191
1,"Spectral Gateguards",avr,"Avacyn Restored",37,nonfoil,€0.02,common,f774e0eb-5c05-4a9e-8ab7-9ee4c7741591
1,"Wind-Scarred Crag",m20,"Core Set 2020",260,nonfoil,€0.11,common,91c0b1ba-fd3d-4f1c-9e8e-22280eeeff7d
1,"Infernal Kirin",sok,"Saviors of Kamigawa",72,nonfoil,€0.75,rare,c79e7a4c-e0e7-42ac-b125-1db2f3d9325c
1,"Auriok Bladewarden",mrd,"Mirrodin",3,nonfoil,€0.08,uncommon,51605471-1198-4296-a9b5-3bee14ac2091
1,"Barren Moor",ons,"Onslaught",312,nonfoil,€0.25,common,45be3811-a223-4c45-9b24-0317f2d53c60
1,"Knockout Maneuver",tdm,"Tarkir: Dragonstorm",147,nonfoil,€0.07,uncommon,9d218831-2a41-46a3-8e9d-93462cae5cab,2025-12-24T12:18:55.316Z
1,"Marchesa, the Black Rose",cns,"Conspiracy",49,nonfoil,€0.96,mythic,e568fd9d-5800-4eeb-87c6-7c33dc14f81d,2024-04-19T21:15:25.451Z
1,"Zombie Goliath",m13,"Magic 2013",119,nonfoil,€0.04,common,8638edec-ddcd-4f50-9c2f-2e1668e3d175
2,"War Report",nph,"New Phyrexia",26,nonfoil,€0.19,common,6d837262-cd5d-4fc9-96dd-39ed04166883
1,"Scrapyard Recombiner",mh1,"Modern Horizons",227,nonfoil,€0.59,rare,8945f5e0-c143-47ca-910e-32ad9ac34487
4,"Changeling Outcast",mh1,"Modern Horizons",82,nonfoil,€0.72,common,08151d00-513a-4957-aa16-01c0f0245112
1,"Caves of Koilos",9ed,"Ninth Edition",320,nonfoil,€1.15,rare,e693fbc6-78b0-4203-83f4-5352a997371e
1,"Hobgoblin Bandit Lord",afr,"Adventures in the Forgotten Realms",147,nonfoil,€3.89,rare,09e9dc36-f2d8-4384-98cb-e44c00b02433,2022-10-06T10:56:58.127Z
1,"Boomerang",8ed,"Eighth Edition",63,nonfoil,€0.10,common,2275b0a5-7777-49cb-9056-aef0a82424db
1,"Echoing Courage",dst,"Darksteel",74,nonfoil,€0.07,common,6f37bf33-f340-44eb-a092-1cb9385c8981
2,"Vigilance",chk,"Champions of Kamigawa",49,nonfoil,€0.08,common,d24dc353-abc9-430a-a7f5-5da3b38cd411
1,"Steamcore Weird",gpt,"Guildpact",35,nonfoil,€0.05,common,f8b3992f-f874-448f-8aa4-ade71d6b3168
1,"Hematite Talisman",ice,"Ice Age",320,nonfoil,€0.15,uncommon,83585337-56a9-44d2-9ed1-8a959bcfb010
1,"Thought Courier",9ed,"Ninth Edition",104,nonfoil,€0.23,uncommon,1c9d2542-501d-4dfe-8642-962d0299ca45
1,"Loxodon Mystic",dst,"Darksteel",7,nonfoil,€0.05,common,5976c352-ac49-4e0d-a4c0-ec9b6b78db9c
1,"Broken Wings",khm,"Kaldheim",164,nonfoil,€0.05,common,6201f78e-ff45-4c59-ac85-c8447c14a496
4,"Snakeform",eve,"Eventide",161,nonfoil,€0.15,common,7d96d4f2-7f19-4687-927a-5b840254a4f9
1,"Ramunap Excavator",hou,"Hour of Devastation",129,nonfoil,€3.54,rare,90a54d18-8403-441d-a115-ee462fabdabb,2022-05-09T20:22:36.650Z
1,"Sculptor of Winter",khm,"Kaldheim",193,nonfoil,€0.08,common,9dab2ca2-0039-4eac-a7dc-68756362737d
1,"Conversion Chamber",nph,"New Phyrexia",133,nonfoil,€0.16,uncommon,14d5a8f3-05b6-4bb7-bbe1-e753e22cbb50
1,"Rakdos Guildgate",rtr,"Return to Ravnica",244,nonfoil,€0.12,common,207048f5-268b-4cdb-b4e7-c8282cac1b28
1,"Simic Growth Chamber",c19,"Commander 2019",274,nonfoil,€0.22,uncommon,43ebad71-4740-4da4-a6aa-7f6fa1a2858a
1,"Might of the Masses",m20,"Core Set 2020",182,nonfoil,€0.07,uncommon,f7776d0a-e068-4cac-8848-060a2ce15b95
4,"Uproot",bok,"Betrayers of Kamigawa",149,nonfoil,€0.05,common,88357572-0edd-4115-93c3-49f6f5a191b4
1,"Mindmoil",rav,"Ravnica: City of Guilds",135,nonfoil,€0.56,rare,0ccc79f7-2f35-4daf-a0c2-775f5fa6c249
1,"Shimmerdrift Vale",khm,"Kaldheim",267,nonfoil,€0.06,common,f09d98db-0176-41a7-b99b-ead29876cdab
1,"Tyrite Sanctum",khm,"Kaldheim",272,nonfoil,€1.62,rare,309ff3bf-acd3-4bea-b518-6e25f6cfce61
2,"Favor of the Overbeing",eve,"Eventide",151,nonfoil,€0.36,common,9bf061f8-3aec-429a-bde7-7c110f872416
2,"Goblin Psychopath",scg,"Scourge",95,nonfoil,€0.10,uncommon,52287036-00f1-4b6d-8cd8-b8cbc70c5135
1,"Wojek Siren",rav,"Ravnica: City of Guilds",37,nonfoil,€0.10,common,a55c0d7d-2325-4d7e-b449-c8fdcf988ec0
1,"Trophy Hunter",rav,"Ravnica: City of Guilds",187,nonfoil,€0.10,uncommon,f18d1047-9010-437c-94ab-7a8ad3a0250f
1,"Wandering Ones",chk,"Champions of Kamigawa",100,nonfoil,€0.03,common,8f973d6b-4a34-4b0e-b092-ead05bf2e535
2,"Deathgazer",8ed,"Eighth Edition",126,nonfoil,€0.08,uncommon,27a4e022-a5d9-4798-8f04-39c6ce627761
1,"Temple of Enlightenment",voc,"Crimson Vow Commander",185,nonfoil,€0.29,rare,f68f08ae-f560-4310-89f9-d38986903bd6
1,"Inner-Flame Acolyte",lrw,"Lorwyn",181,nonfoil,€0.12,common,f99a113a-013a-411b-9f16-975cebd5ea5f
1,"Trained Caracal",rtr,"Return to Ravnica",27,nonfoil,€0.14,common,797e45d1-d17d-40c0-bfdf-ec533784e676
1,"Dimir Machinations",rav,"Ravnica: City of Guilds",84,nonfoil,€0.55,uncommon,14bfd72a-78c1-4167-89bf-ea1fccccd5b1
1,"Bog Initiate",inv,"Invasion",95,nonfoil,€0.20,common,8962dc3b-24ca-4c3c-ba1d-933c29cf7b73
1,"Undead Executioner",avr,"Avacyn Restored",123,nonfoil,€0.04,common,8d330058-16af-4486-aa89-b6be759e35d4
1,"Garna, Bloodfist of Keld",dmu,"Dominaria United",299,nonfoil,€0.10,uncommon,18b8721c-371b-454c-8ccd-5e57779fc4d0,2022-10-08T09:59:04.237Z
1,"Garna, Bloodfist of Keld",dmu,"Dominaria United",200,nonfoil,€0.18,uncommon,294c5f08-08e7-458f-8838-ff321dc5d9f2,2022-10-08T09:58:37.120Z
1,"Deranged Assistant",isd,"Innistrad",52,nonfoil,€0.14,common,a4c03171-5ff0-4f79-bb03-16decf7d34ce
1,"Ghastly Conscription",c19,"Commander 2019",115,nonfoil,€0.27,mythic,8495d903-ef30-4aaa-9fe6-239dc0e34977
1,"Razor Golem",dst,"Darksteel",137,nonfoil,€0.10,common,64a86ec3-378f-4fca-b5f7-6dc02d47f7b9
1,"Nantuko Tracer",jud,"Judgment",125,nonfoil,€0.05,common,16b93c93-5944-4289-bc5a-30b6e73b0dfd
1,"Moss Monster",8ed,"Eighth Edition",267,nonfoil,€0.03,common,15511fda-92ae-4d27-8a83-37e821ec3adf
1,"Krosan Wayfarer",jud,"Judgment",123,nonfoil,€0.29,common,5356e684-c2fc-465e-a16c-7300824d2a8d
1,"Baleful Stare",9ed,"Ninth Edition",64,nonfoil,€0.08,uncommon,118b1df0-1838-40df-af62-08a73c3d8033
1,"Filth",jud,"Judgment",66,nonfoil,€3.48,uncommon,37de06dc-c0c1-4edb-9732-2d16dbabfb31
1,"Eerie Ultimatum",iko,"Ikoria: Lair of Behemoths",332,nonfoil,€5.43,rare,fdbe5a6f-82a2-4c6b-a69d-3a07917e15c9
1,"Midnight Covenant",chk,"Champions of Kamigawa",125,nonfoil,€0.05,common,5d797e91-3fc7-4f62-8cd8-dbd5f445e69c
1,"Perpetual Timepiece",kld,"Kaladesh",227,nonfoil,€0.40,uncommon,bbc87a27-93d9-4ce0-a022-0309242c1e89,2022-05-09T20:20:56.839Z
1,"Rise and Shine",mh2,"Modern Horizons 2",58,nonfoil,€0.19,rare,2e658cb2-11c5-4b59-a91c-f26ac28e82af,2022-10-06T10:56:58.125Z
1,"Moonlight Bargain",rav,"Ravnica: City of Guilds",95,nonfoil,€0.21,rare,7957c37f-96da-4b7e-9581-afdf73a85edd
1,"Wooden Sphere",4ed,"Fourth Edition",359,nonfoil,€0.12,uncommon,6a51abf0-8661-4776-929d-35b7bd345e21
2,"Auratouched Mage",rav,"Ravnica: City of Guilds",1,nonfoil,€0.15,uncommon,942d6414-11e1-4822-9c5d-e4f96846a85f
1,"Midnight Duelist",avr,"Avacyn Restored",27,nonfoil,€0.02,common,2371bd0c-ca38-4a62-b525-bef4d1ca0646
1,"Fellwar Stone",onc,"Phyrexia: All Will Be One Commander",130,nonfoil,€1.16,uncommon,b1914459-b29f-45c3-8def-39d1790a31c3,2024-04-23T17:15:53.122Z
1,"Telepathy",7ed,"Seventh Edition",102,nonfoil,€0.59,uncommon,00b65a4b-d0d9-4439-96f9-0e0dd532c824
1,"Nadier's Nightblade",cmr,"Commander Legends",136,nonfoil,€0.35,uncommon,11fbba08-0d93-4750-9dd6-d6a2779c6cf3,2022-10-06T10:56:58.123Z
1,"Galadhrim Ambush",ltc,"Tales of Middle-earth Commander",38,nonfoil,€6.88,rare,e69e06f0-6142-4f80-9208-362b3e74d51d,2023-08-12T14:31:12.970Z
1,"Path of Ancestry",cmr,"Commander Legends",353,nonfoil,€0.18,common,1852c1e1-fbea-4b14-9927-4b1849f9b8a3
1,"Path of Ancestry",voc,"Crimson Vow Commander",177,nonfoil,€0.18,common,92031493-b21f-4029-a01b-0a5c1ddb4776
1,"Plummet",m11,"Magic 2011",190,nonfoil,€0.03,common,5923f9d4-c2ec-466f-9e5b-17d24bda7f37
2,"Vedalken Dismisser",rav,"Ravnica: City of Guilds",73,nonfoil,€0.05,common,0656f4eb-40c5-4a21-b994-4ab07bc63981
1,"Axgard Cavalry",khm,"Kaldheim",121,nonfoil,€0.06,common,2411c341-a470-4484-9248-7c1d3ca12978
1,"Rakdos Ringleader",rtr,"Return to Ravnica",186,nonfoil,€0.09,uncommon,6b54fbe8-324a-4066-bed1-dda1dca319fc
1,"Reverence",sok,"Saviors of Kamigawa",26,nonfoil,€1.97,rare,4d5e65e1-be52-4023-81cc-ee4948444195,2022-10-06T10:56:58.100Z
2,"Great Furnace",mrd,"Mirrodin",282,nonfoil,€1.96,common,2877281d-c85d-4f32-b40d-828b93c4ee8e
1,"Elder Pine of Jukai",sok,"Saviors of Kamigawa",128,nonfoil,€0.10,common,51c3e47b-a788-46b7-bf15-1216692e637a
1,"Mirror Gallery",bok,"Betrayers of Kamigawa",154,nonfoil,€4.43,rare,00beba34-54cc-4a30-8424-71a1215647a6
1,"Benevolent Offering",voc,"Crimson Vow Commander",78,nonfoil,€0.82,rare,d080c35d-f2c6-4f4e-8f7c-305b319d4cde
1,"Defy Gravity",jud,"Judgment",38,nonfoil,€0.27,common,461413fe-0392-41c1-b50f-05e87ea1c338
1,"Sonic Shrieker",tdm,"Tarkir: Dragonstorm",226,foil,€0.05,uncommon,7c231437-8bec-42e0-9175-af74c752b119,2025-12-24T12:19:14.645Z
4,"Wistful Selkie",eve,"Eventide",165,nonfoil,€0.18,uncommon,1d3e6feb-3d78-4463-9315-5ba27ab33733
1,"Pearl Shard",mrd,"Mirrodin",225,nonfoil,€0.05,uncommon,abde295d-af41-4b9c-af48-3067befe9383
4,"Aven Liberator",scg,"Scourge",4,nonfoil,€0.06,common,b2804006-2a60-400c-be0b-8aa042469372
3,"Golgari Signet",rav,"Ravnica: City of Guilds",262,nonfoil,€0.26,common,be03b002-1a3e-4b21-bc23-7f5a9cedb74f
1,"Bladetusk Boar",m13,"Magic 2013",121,nonfoil,€0.02,common,d28442f9-06cf-4273-80a3-2b054f5881a4
1,"Zo-Zu the Punisher",chk,"Champions of Kamigawa",200,nonfoil,€7.19,rare,fa4666b6-76f2-4c25-989e-d6a0e50be94d
1,"Greater Mossdog",rav,"Ravnica: City of Guilds",169,nonfoil,€0.09,common,e1f75b44-01a3-47f6-96c9-9ce327111e64
1,"Radiant Grove",dmu,"Dominaria United",253,foil,€0.36,common,e0f9dca6-e5ae-4714-8a59-2ef1d8f1e82d,2022-10-08T09:59:54.370Z
1,"Tori D'Avenant, Fury Rider",dmu,"Dominaria United",223,nonfoil,€0.13,uncommon,9c873c5b-61f6-49b9-8993-2d5e9823de62,2022-10-20T10:51:21.046Z
2,"Teneb, the Harvester",plc,"Planar Chaos",163,nonfoil,€0.33,rare,f3c1b26c-97f0-4e7e-8744-8497a83a11ab
1,"Kird Ape",9ed,"Ninth Edition",199,nonfoil,€0.21,uncommon,27423c7b-d1fd-471b-9648-8ea5ed9ebaf2
1,"Suffocating Blast",apc,"Apocalypse",124,nonfoil,€0.31,rare,c2a70297-2a7b-4a0c-ace5-cd61bfe6dafd
1,"Naturalize",8ed,"Eighth Edition",270,nonfoil,€0.12,common,7e1e905d-a911-40a7-a793-8535e840230e
1,"Rubbleback Rhino",rtr,"Return to Ravnica",132,nonfoil,€0.05,common,51daaf9b-d8a8-49a6-94e1-0c8be2c6188b
1,"Holy Strength",9ed,"Ninth Edition",19,nonfoil,€0.06,common,7848f996-ea89-43fd-b0b3-4437f397531a
1,"Goblin Chieftain",ddt,"Duel Decks: Merfolk vs. Goblins",41,nonfoil,€4.08,rare,2947ed5b-a57d-452e-a711-a4a9d1f89af7,2022-05-09T20:19:46.460Z
1,"Phantom Tiger",jud,"Judgment",129,nonfoil,€0.06,common,32839296-e583-4f71-aa44-dbe16408665e
1,"Oppressive Will",sok,"Saviors of Kamigawa",50,nonfoil,€0.06,common,abcb5e75-c7a1-41de-a952-05aefb115270
1,"Goblin War Wagon",mrd,"Mirrodin",179,nonfoil,€0.04,common,229e8124-54ed-4c29-8c44-4962bd60f145
1,"Armory Guard",rtr,"Return to Ravnica",2,nonfoil,€0.03,common,c03498c1-b7f7-41fb-8e2a-1c087d4e9990
1,"Bottle Gnomes",mrd,"Mirrodin",148,nonfoil,€0.10,uncommon,018dcb37-221a-4552-9e72-2b9492883eae
1,"Protean Hydra",m11,"Magic 2011",194,nonfoil,€2.68,rare,f63d54c1-1b20-48c4-871d-0bb15e608996
1,"Oran-Rief Survivalist",zen,"Zendikar",174,nonfoil,€0.19,common,0d598220-bddd-48a4-8c80-eb149c6292a3
1,"Radha, Heart of Keld",m21,"Core Set 2021",224,nonfoil,€0.55,rare,2bbd37b1-49cb-4295-9a1f-fb85368a8f12,2022-10-06T10:56:58.121Z
2,"Razorfin Hunter",apc,"Apocalypse",119,nonfoil,€0.21,common,99829552-917a-4373-9772-4255dff542d6
1,"Anafenza, Kin-Tree Spirit",dtk,"Dragons of Tarkir",2,nonfoil,€0.20,rare,55611f05-10cf-42d0-b93e-7f0c0c852a06
1,"Blessed Orator",9ed,"Ninth Edition",6,nonfoil,€0.10,uncommon,6c044857-2124-44f4-aafb-495511f26b3b
1,"Index",m13,"Magic 2013",55,nonfoil,€0.11,common,785fd0b8-7e98-44f5-8012-b9dadb31f9b0
2,"Index",8ed,"Eighth Edition",84,nonfoil,€0.13,common,d64e0a7c-54a9-45b9-be46-ddf6755f1142
2,"Agent of Masks",gpt,"Guildpact",100,nonfoil,€0.21,uncommon,7e9b0ab4-5c6b-494d-926d-daa38a3ac640
1,"Cobalt Golem",mrd,"Mirrodin",157,nonfoil,€0.05,common,ec5e72f6-f573-4e37-9daa-abe6561ab086
1,"Drogskol Reinforcements",voc,"Crimson Vow Commander",5,nonfoil,€0.40,rare,c86bdb28-9b0c-426d-b603-cc10cd301cc6
1,"Grave Defiler",apc,"Apocalypse",40,nonfoil,€0.16,uncommon,f8f76edc-6067-43bd-9582-1d59caf91597
1,"Rally the Righteous",rav,"Ravnica: City of Guilds",222,nonfoil,€0.08,common,9da51b6c-2e27-4b41-8fb0-bd9f6ad47b19
1,"Raven's Crime",eve,"Eventide",41,nonfoil,€0.47,common,7ced5797-5de0-43ca-9dc9-e48912333a70
1,"Presence of the Wise",sok,"Saviors of Kamigawa",23,nonfoil,€0.13,uncommon,f6aedb5a-48f5-47db-9469-14075e2b9269
1,"Priests of Norn",mbs,"Mirrodin Besieged",16,nonfoil,€0.16,common,a978c49d-483a-42fe-971c-858288d07e40
1,"Lightning Bolt",2x2,"Double Masters 2022",117,nonfoil,€1.73,uncommon,f29ba16f-c8fb-42fe-aabf-87089cb214a7,2024-04-19T21:24:43.160Z
3,"Selkie Hedge-Mage",eve,"Eventide",158,nonfoil,€0.25,uncommon,5f66b0b4-44fc-444d-9181-0b717c9642fa
2,"Temple of Deceit",ths,"Theros",225,nonfoil,€0.29,rare,686559d7-8ac1-496b-a5a6-1467bf8fc7c5,2024-04-19T21:33:19.467Z
1,"Hedron Archive",c19,"Commander 2019",214,nonfoil,€0.16,uncommon,8c7d1fa1-e393-4eae-8c8e-449d5d253bbc
1,"Divebomber Griffin",rav,"Ravnica: City of Guilds",14,nonfoil,€0.05,uncommon,8aa5a010-6253-4dfb-952e-df05ff08eb9e
1,"Bonehoard",mbs,"Mirrodin Besieged",100,nonfoil,€0.21,rare,e14613bc-0083-48d6-ac10-b2839657e84b
2,"Reckless Brute",m13,"Magic 2013",144,nonfoil,€0.07,common,5fd32a9e-1d39-4792-9657-69d17e5e0134
1,"Treetop Sentries",blb,"Bloomburrow",201,nonfoil,€0.09,common,e16d4d6e-1fe5-4ff6-9877-8c849a24f5e0,2024-12-25T09:53:36.639Z
1,"Samite Healer",8ed,"Eighth Edition",41,nonfoil,€0.02,common,6a93d628-0934-4ddb-bac1-b0ceafdb0ba4
3,"Archaeomancer",m13,"Magic 2013",41,nonfoil,€0.45,common,73c6d1be-55ad-4ee4-b044-88438e9b78cc
1,"Arcbound Reclaimer",dst,"Darksteel",101,nonfoil,€1.33,rare,3e4c5228-1dff-4df0-9d14-f8103364c701
1,"Razor Barrier",ddf,"Duel Decks: Elspeth vs. Tezzeret",26,nonfoil,€0.07,common,0455bae2-030b-4176-9953-11be82021145
1,"Fangren Hunter",mrd,"Mirrodin",119,nonfoil,€0.05,common,2dbc8eef-f032-490a-b487-da1af71b7ff2
1,"Arcbound Stinger",dst,"Darksteel",103,nonfoil,€0.07,common,c397ea22-93cd-498a-a493-9af841d09bf5
1,"Soul Warden",m10,"Magic 2010",34,nonfoil,€1.68,common,6bbdd169-958f-42df-812d-f75fbed9576f
4,"Devoted Retainer",chk,"Champions of Kamigawa",7,nonfoil,€0.09,common,fc41d6d6-d7e5-4874-b6e2-fa4c72454f15
1,"Ashnod's Altar",chr,"Chronicles",92,nonfoil,€7.88,common,d5e1a75e-1369-4f28-bb7d-e7ea2e6087e9,2022-05-02T18:35:58.561Z
3,"Hundred-Talon Strike",bok,"Betrayers of Kamigawa",8,nonfoil,€0.05,common,3ed548e0-9196-4bfc-9cfd-149abb945574
2,"Blind Hunter",gpt,"Guildpact",102,nonfoil,€0.09,common,be1c8995-be36-43f6-9bd7-7b8712894331
1,"Spectral Arcanist",voc,"Crimson Vow Commander",15,nonfoil,€0.31,rare,f65bb20b-e207-49da-9d15-a8718b53783e
1,"Storm of Souls",voc,"Crimson Vow Commander",9,nonfoil,€0.29,rare,30cb1c3f-19d4-47d3-960e-f2de828e6feb
3,"Viashino Fangtail",rav,"Ravnica: City of Guilds",148,nonfoil,€0.08,common,2616dac9-bbcf-453a-9205-8e433a1c62aa
1,"Thopter Spy Network",ori,"Magic Origins",79,nonfoil,€0.38,rare,5516d86e-539a-4ba8-8d25-1a3b27b1267a
1,"Char",rav,"Ravnica: City of Guilds",117,nonfoil,€0.26,rare,ff3a24af-e995-4d05-ac2c-e9676048675d
2,"Dread Statuary",wwk,"Worldwake",135,nonfoil,€0.07,uncommon,6814d15f-e7a5-4a73-9adc-88a1a4dec6cc
2,"Thoughtpicker Witch",rav,"Ravnica: City of Guilds",109,nonfoil,€0.10,common,b6f8df33-a955-403c-aafc-85e5589c5041
1,"Aven Fisher",9ed,"Ninth Edition",61,nonfoil,€0.05,common,62d3d4fe-0f94-4989-892d-210ae0be67d8
1,"Aven Fisher",8ed,"Eighth Edition",61,nonfoil,€0.05,common,adfc5265-7e38-4f2e-85ae-08f34eaffb89
1,"Toshiro Umezawa",bok,"Betrayers of Kamigawa",89,nonfoil,€2.27,rare,0e767e07-febd-4025-bf03-d4d816bc1d3d
4,"Skulltap",scg,"Scourge",73,nonfoil,€0.15,common,48a90779-008e-401f-9877-be0a935d2ccd
1,"Summoner's Bane",zen,"Zendikar",71,nonfoil,€0.05,uncommon,ed82afba-df51-4bd9-853c-d3ef323095a6
1,"Budoka Gardener // Dokai, Weaver of Life",chk,"Champions of Kamigawa",202,nonfoil,€0.73,rare,49999b95-5e62-414c-b975-4191b9c1ab39
1,"Unmarked Grave",mh2,"Modern Horizons 2",106,nonfoil,€2.03,rare,492b368b-de32-45c1-8459-238aae54f9fc,2022-10-06T10:56:58.125Z
1,"Icefeather Aven",c19,"Commander 2019",194,nonfoil,€0.18,uncommon,dc8b7dc7-b7a2-40fe-823c-642d8867973c
1,"Cyclopean Snare",rav,"Ravnica: City of Guilds",259,nonfoil,€0.08,uncommon,22ba776a-c959-4d15-aa36-9fba1fcb512d
1,"Patrician Geist",mid,"Innistrad: Midnight Hunt",69,nonfoil,€0.22,rare,de2b0c63-c929-42ec-aada-dddb2a26550c,2022-10-20T10:54:48.278Z
1,"Insatiable Souleater",nph,"New Phyrexia",140,nonfoil,€0.06,common,171d5213-5bb4-4f5b-9ddd-e2a7ac092ec6
1,"Grazilaxx, Illithid Scholar",afr,"Adventures in the Forgotten Realms",60,nonfoil,€1.54,rare,98cca453-4611-4f3d-85d8-d74d260c7598,2022-09-26T17:23:29.694Z
2,"Otherworldly Journey",chk,"Champions of Kamigawa",37,nonfoil,€0.18,uncommon,a293db52-49f2-4a9c-8ee0-054d994b7299
1,"Exiled Boggart",lrw,"Lorwyn",109,nonfoil,€0.04,common,5fe41509-02db-415c-964e-971ea1d5485c
1,"Holy Day",9ed,"Ninth Edition",18,nonfoil,€0.18,common,5adefbeb-c9fc-48b7-9030-cd0d367dd19e
2,"Student of Elements // Tobita, Master of Winds",chk,"Champions of Kamigawa",93,nonfoil,€0.08,uncommon,9de1eebf-5725-438c-bcf0-f3a4d8a89fb0
1,"Razortide Bridge",pip,"Fallout",281,nonfoil,€0.30,common,697d872f-111f-4810-baf2-d4c6f2f48dd5,2024-04-23T17:17:42.555Z
1,"Thermal Navigator",5dn,"Fifth Dawn",162,nonfoil,€0.07,common,eb86854f-c933-4b6c-bd0a-67c3615e908f
1,"Backslide",ons,"Onslaught",70,nonfoil,€0.07,common,47c40269-80a5-454f-83dd-dae1c11500c0,2022-05-09T20:03:35.878Z
1,"Arcbound Crusher",dst,"Darksteel",95,nonfoil,€0.68,uncommon,748448bb-a1b2-4e84-b09a-5ecc4322f3c6
1,"Juniper Order Rootweaver",dmu,"Dominaria United",22,nonfoil,€0.03,common,c56cf82f-8bbb-49ae-ad93-291cbec9126e,2022-10-20T10:50:31.632Z
2,"Ronin Warclub",bok,"Betrayers of Kamigawa",158,nonfoil,€0.21,uncommon,46ad31cd-38dc-4fd3-b9e4-8988f4898719
1,"Haunted Library",voc,"Crimson Vow Commander",6,nonfoil,€0.55,rare,b0193151-0f5f-457b-a6b2-08f66b53c9b2
2,"Pillory of the Sleepless",gpt,"Guildpact",125,nonfoil,€0.04,common,36964bbd-f068-4a69-8d6b-7e4e97938b98
1,"Rakavolver",apc,"Apocalypse",68,nonfoil,€0.34,rare,43787e24-0b7d-4005-8db4-68544476bd34
1,"Anurid Barkripper",jud,"Judgment",104,nonfoil,€0.04,common,33255dfd-f8a9-4a15-aac5-c53dc0257859
1,"Rotting Legion",m11,"Magic 2011",115,nonfoil,€0.04,common,bfe5e62c-83ce-4c2b-a745-acd7670e115d
1,"Erratic Explosion",ons,"Onslaught",201,nonfoil,€0.07,common,9f608a7e-5555-4554-a6e7-fe00e0bbe753
3,"Orzhov Euthanist",gpt,"Guildpact",54,nonfoil,€0.05,common,104adc35-69fb-4b63-9b03-a71097e15652
2,"Leap of Flame",gpt,"Guildpact",121,nonfoil,€0.11,common,c011b432-ec39-44c8-bf2a-1c3fec32a576
1,"Soul Tithe",rtr,"Return to Ravnica",23,nonfoil,€0.11,uncommon,77e546ce-f498-4136-9015-bb262c301716
1,"Flux Channeler",war,"War of the Spark",52,nonfoil,€1.71,uncommon,c6202e82-e159-482f-9224-292cb533171c
1,"Shinka, the Bloodsoaked Keep",chk,"Champions of Kamigawa",282,nonfoil,€9.12,rare,d2d5f30e-cc3a-46c1-82a9-2cd73705b2f5
1,"Tempt with Discovery",c19,"Commander 2019",183,nonfoil,€1.79,rare,79248b68-4fab-46da-ab15-5c71c1f68d4b
1,"Essence Anchor",tdm,"Tarkir: Dragonstorm",44,nonfoil,€0.05,uncommon,e91c4509-918e-44ba-aa13-1991199fee9f,2025-12-24T12:19:47.328Z
3,"Bold Defense",zen,"Zendikar",3,nonfoil,€0.04,common,5f657723-dd5d-4786-9d9b-ac7ed279615a
1,"Stratus Dancer",c19,"Commander 2019",96,nonfoil,€0.20,rare,82fb8b0c-b86e-4915-b72d-9a6b5c1368c7
3,"Ageless Sentinels",scg,"Scourge",1,nonfoil,€0.29,rare,ccaa4a19-8eba-4c43-8a9a-636e234df751
1,"Sai, Master Thopterist",pm19,"Core Set 2019 Promos",69p,nonfoil,€2.62,rare,35dfaec6-a1b0-43a4-a5cf-ff1f6ee7b3b1
2,"Bloodfire Dwarf",apc,"Apocalypse",56,nonfoil,€0.45,common,86b5c38e-7d74-4862-8187-f5db4a3d1e0f
1,"Ponder",lrw,"Lorwyn",79,nonfoil,€2.24,common,ba6b6fc5-5077-4812-b8e9-906783dbaf67
1,"Verity Circle",voc,"Crimson Vow Commander",116,nonfoil,€0.38,rare,58b0d8be-f2e7-4bc9-a700-ed4c06785ecf
1,"Scepter of Empires",m12,"Magic 2012",216,nonfoil,€0.12,uncommon,54f1aaef-94cc-45ab-99c9-8ffdcf331a7b,2024-04-19T21:36:50.830Z
1,"Strategic Planning",khm,"Kaldheim",77,nonfoil,€0.06,common,29306305-cb71-4fef-bf86-f5deb4e7e561
1,"Jedit Ojanen of Efrava",plc,"Planar Chaos",131,nonfoil,€0.40,rare,1685676c-19be-4220-993f-494c53f60499
1,"Aetherflux Reservoir",kld,"Kaladesh",192,nonfoil,€13.18,rare,96b6b2e1-c3e6-464c-8a13-b15deb34e862,2022-10-06T10:56:58.111Z
1,"Jhoira's Familiar",dom,"Dominaria",220,nonfoil,€0.82,uncommon,3718761f-feb1-46c4-aaa3-7e07a3fa72fa,2022-05-02T18:38:06.292Z
2,"Whiplash Trap",zen,"Zendikar",77,nonfoil,€0.10,common,0a80e6ae-13e0-46f7-baef-5fa7dfcedcec
1,"Wall of Shadows",leg,"Legends",128,nonfoil,€0.80,common,eb351900-cffd-4d23-b82f-5fb12a4874d9
1,"Pine Walker",ktk,"Khans of Tarkir",143,nonfoil,€0.07,uncommon,93a49d9c-8fe7-494b-9a26-cf4bde71e420,2022-05-09T20:20:28.699Z
1,"Hedron Scrabbler",zen,"Zendikar",204,foil,€0.23,common,6422e062-0ce1-4239-8c2d-06449627a55a
1,"Shivan Oasis",8ed,"Eighth Edition",326,nonfoil,€0.21,uncommon,e008d427-b029-409e-b93a-efa86c8777c3
3,"Bloodcrazed Neonate",isd,"Innistrad",131,nonfoil,€0.18,common,68d2452e-309d-44ae-9360-9d6e22a15e2b
1,"Plaxcaster Frogling",c21,"Commander 2021",226,nonfoil,€0.39,uncommon,13a5413a-a082-4f9d-93f5-123e689b3b72
1,"Sylvan Offering",ltc,"Tales of Middle-earth Commander",261,nonfoil,€0.27,rare,96320770-e879-4c29-ab93-03b6ff191464,2023-08-12T14:43:05.665Z
1,"Viashino Racketeer",rtr,"Return to Ravnica",112,nonfoil,€0.06,common,bf4c2d22-9c36-42cc-854d-f96410bb5cf1
1,"Sunpetal Grove",m12,"Magic 2012",229,nonfoil,€1.62,rare,0c0e02be-e41f-49b4-8393-c4cd2992e380
1,"Steel Overseer",m20,"Core Set 2020",239,nonfoil,€0.38,rare,6ed61426-e652-4b48-b936-8be9b6b57731,2022-05-02T18:37:10.537Z
1,"Shamanic Revelation",mic,"Midnight Hunt Commander",143,nonfoil,€0.80,rare,6562dfd9-dfa3-4aa0-b851-c2678c62bced
1,"Kira, Great Glass-Spinner",bok,"Betrayers of Kamigawa",40,nonfoil,€4.49,rare,fc73a66f-4745-40c2-9c90-96396f6e7bce
1,"Chaos Warp",pip,"Fallout",189,nonfoil,€0.54,rare,9a4d0e40-d771-458e-b705-1d2bef8c200e,2024-04-23T17:08:12.502Z
1,"Mirrodin Besieged",mh1,"Modern Horizons",57,nonfoil,€3.63,rare,d8423d8d-744a-4bbe-a853-8ad756451bdb
1,"Shrine of Piercing Vision",nph,"New Phyrexia",156,nonfoil,€0.12,uncommon,9b150924-f83c-410e-aaab-ff2d06c9d356
1,"Defy Death",avr,"Avacyn Restored",16,nonfoil,€0.26,uncommon,028028d7-80ff-4d63-8b84-795f257a3456
1,"Patron of the Moon",bok,"Betrayers of Kamigawa",45,nonfoil,€0.75,rare,5e5fcd6f-1653-44bf-a796-4c9ff9adf390
1,"Vector Asp",som,"Scars of Mirrodin",219,nonfoil,€0.22,common,7ffe86e1-ad47-4ccb-aa55-119dc681d370
1,"Elvish Skysweeper",rav,"Ravnica: City of Guilds",162,nonfoil,€0.04,common,e80b91e8-c498-4178-8310-3cd3b039a3dc
6,"Akki Rockspeaker",chk,"Champions of Kamigawa",154,nonfoil,€0.11,common,9c8b6685-2c74-4026-aef0-73ca7bc43306
2,"Incite Hysteria",rav,"Ravnica: City of Guilds",132,nonfoil,€0.09,common,a31f5060-df9e-4665-bf60-a8e33da55c84
1,"Elvish Berserker",9ed,"Ninth Edition",237,nonfoil,€0.10,common,0ee84f5c-130b-4f44-a045-3e5728ce0950
2,"Pteron Ghost",dst,"Darksteel",10,nonfoil,€0.05,common,1aff26fc-e6d3-4135-96b9-0da7cb8b6dae
1,"Blasting Station",5dn,"Fifth Dawn",107,nonfoil,€3.96,uncommon,71e2f832-6601-4232-b250-fd1c88538fbd
3,"Catalog",8ed,"Eighth Edition",65,nonfoil,€0.05,common,0b50620d-430e-4c38-a95d-3d69a4c29ff9
1,"Fungal Behemoth",plc,"Planar Chaos",128,nonfoil,€0.42,rare,53c1910b-9475-4551-b9a0-4b24511a6f98
2,"Heliophial",5dn,"Fifth Dawn",130,nonfoil,€0.05,common,4d65fa8e-6944-4fe8-b7b4-c77dfbddf605
1,"Tangle Asp",5dn,"Fifth Dawn",94,nonfoil,€0.05,common,5e13ac56-72a9-4605-b389-24d1cb712b3c
1,"Stone Golem",m11,"Magic 2011",215,nonfoil,€0.06,uncommon,37d0876b-5026-4a0a-bf2f-e831593643a7
1,"Stone Golem",m20,"Core Set 2020",240,nonfoil,€0.08,common,1b4de70a-729b-4566-b6f3-c76f551405a5
1,"Roaring Primadox",m13,"Magic 2013",188,nonfoil,€0.08,uncommon,19529b2f-03f0-469d-92d4-e2a2a933d5dc
1,"Bloodthrone Vampire",m13,"Magic 2013",83,nonfoil,€0.14,common,7c0b87e0-d5e4-44f2-8220-325443ee9f31
1,"Chosen of Markov // Markov's Servant",dka,"Dark Ascension",55,nonfoil,€0.21,common,7c5a3c09-5656-4975-ba03-2d809903ed18
1,"Elven Farsight",ltr,"The Lord of the Rings: Tales of Middle-earth",161,nonfoil,€0.10,common,73d135b2-d2b8-499c-84d9-824370c19ccc,2023-08-12T14:58:03.804Z
1,"Tahngarth's Glare",apc,"Apocalypse",70,nonfoil,€0.10,common,442a4331-99ce-405e-b261-19b7f3375ddf
1,"Grateful Apparition",war,"War of the Spark",17,nonfoil,€0.17,uncommon,7dcb1f9d-105d-48c6-bd66-d7e8839de9e1
1,"Brine Elemental",tsp,"Time Spiral",50,nonfoil,€0.11,uncommon,8dab2c73-501b-46c9-bc76-134b50d35bb8
1,"Tooth of Chiss-Goria",mrd,"Mirrodin",264,nonfoil,€0.18,common,db5a91db-1b86-4471-badc-884142c355ca
2,"Orzhov Signet",gpt,"Guildpact",155,nonfoil,€0.27,common,f9298a1d-5b41-46d8-929c-b6980d1e6eb7
2,"Golgari Brownscale",rav,"Ravnica: City of Guilds",166,nonfoil,€0.20,common,690cfc79-da41-4ac0-b0cc-719aa650b207
2,"Cinderheart Giant",khm,"Kaldheim",126,nonfoil,€0.09,common,e4802e6c-6921-4dac-bf44-7e09d6942b71
1,"Azorius Charm",rtr,"Return to Ravnica",145,nonfoil,€0.20,uncommon,26adc211-d089-4102-91e5-225bbeb5f382
1,"Geth's Verdict",nph,"New Phyrexia",61,nonfoil,€0.34,common,7a20b5a2-8613-49ed-b5cc-7cae9d0e0850
1,"Arbor Elf",ltc,"Tales of Middle-earth Commander",232,nonfoil,€0.96,common,8c61d23e-2be3-4b99-a24c-2a55e29d99d3,2023-08-12T14:59:57.384Z
4,"Arbor Elf",m13,"Magic 2013",160,nonfoil,€0.50,common,b7d6b117-0c14-4455-92fc-29555ee75d97
1,"Open the Omenpaths",khm,"Kaldheim",143,nonfoil,€0.17,common,4e4023c8-8e7f-42b9-99e5-87e80fc3d6c8
2,"Dowsing Shaman",rav,"Ravnica: City of Guilds",159,nonfoil,€0.06,uncommon,b34ac5bd-2d2f-4c44-8f2d-aaa8fa18e81a
2,"Inflame",dst,"Darksteel",64,nonfoil,€0.08,common,e1efad9a-2fcf-4045-8105-bf9f5e79d12c
1,"Descendant of Soramaro",sok,"Saviors of Kamigawa",33,nonfoil,€0.10,common,b5217d17-3667-46c6-8fba-763197fb2970
1,"Skullsnatcher",bok,"Betrayers of Kamigawa",84,nonfoil,€0.37,common,6cb76fa1-a930-468d-bfd4-dd06c2a9fe9e
1,"Tribal Forcemage",lgn,"Legions",142,nonfoil,€0.74,rare,104735d7-6cea-4d4a-8cc8-e1934883da97,2024-04-19T21:34:51.971Z
1,"Knight of Dawn's Light",dmu,"Dominaria United",23,nonfoil,€0.13,uncommon,b7c7a54e-4df6-4745-8bae-aeefda934d82,2022-10-20T10:51:02.263Z
1,"Lingering Souls",dka,"Dark Ascension",12,nonfoil,€0.26,uncommon,891a92d7-9ccf-4de1-8286-aa5254f27ba9
2,"Bloodfire Infusion",apc,"Apocalypse",57,nonfoil,€0.17,common,2639e9b7-ed8c-48fd-a8b7-b99d8dad4bc0
1,"Keldon Flamesage",dmu,"Dominaria United",135,nonfoil,€0.10,rare,710d2a3c-63a7-4e33-9ae3-21fb6b3d8326,2022-10-20T10:52:05.646Z
1,"Nezumi Shadow-Watcher",bok,"Betrayers of Kamigawa",74,nonfoil,€0.12,uncommon,04bdcdce-68fb-460b-874d-40df7afd99ca
1,"Haunting Imitation",voc,"Crimson Vow Commander",13,nonfoil,€0.21,rare,8418fd80-2c92-40d4-87de-0c149f6815bc
3,"Veil of Secrecy",bok,"Betrayers of Kamigawa",59,nonfoil,€0.19,common,329ae5c2-4f97-4315-b03f-c061eed3ed79
1,"Agent of the Iron Throne",clb,"Commander Legends: Battle for Baldur's Gate",107,nonfoil,€0.50,uncommon,5a5984d3-1e76-4d97-9373-b59cfa9c38ae,2023-02-01T09:33:55.170Z
2,"Runeclaw Bear",m11,"Magic 2011",195,nonfoil,€0.04,common,1b8ef778-2acf-40f0-9a64-6415d2109093
1,"Krenko, Tin Street Kingpin",war,"War of the Spark",137,nonfoil,€1.59,rare,37ed04d3-cfa1-4778-aea6-b4c2c29e6e0a
1,"Circle of Protection: Green",4ed,"Fourth Edition",16,nonfoil,€0.09,common,192c50c5-ef98-47bd-9cab-cb3feaf6080b
1,"Vial of Dragonfire",m20,"Core Set 2020",241,nonfoil,€0.04,common,57db6ba8-f6c1-41be-8bee-93e573d052d7
1,"Rampaging Baloths",c19,"Commander 2019",176,nonfoil,€0.45,rare,805c9be0-d3aa-4f81-a70f-f66d0bb43b73
1,"Coordinated Barrage",mor,"Morningtide",7,nonfoil,€0.13,common,8d0b26b0-cc31-458b-8a92-aa3392d0ca0f
1,"Wormfang Crab",jud,"Judgment",56,nonfoil,€0.15,uncommon,dcf56dcf-ec1a-4298-8644-1fe248443b7e
2,"Feral Deceiver",chk,"Champions of Kamigawa",208,nonfoil,€0.04,common,6c49d705-9b0c-4c2e-9c27-46eec35deb92
5,"Flayer Husk",mbs,"Mirrodin Besieged",107,nonfoil,€0.06,common,cbd47a02-5a6e-4daa-9877-f65c8639c569
2,"Thoughtcast",mrd,"Mirrodin",54,nonfoil,€1.35,common,efb965a7-877a-4302-b507-25b0a9e32d9b
1,"Sage's Row Denizen",m20,"Core Set 2020",73,nonfoil,€0.13,common,06ad3e3e-176b-48f0-af2f-fa4fc4759775
1,"Doomskar Oracle",khm,"Kaldheim",10,nonfoil,€0.14,common,6dae01c8-15bb-44ad-a2c6-9bcf7a9e8c17
1,"Drudge Beetle",rtr,"Return to Ravnica",122,nonfoil,€0.06,common,e4812e81-beca-4afc-b2f2-24d5ab27abff
1,"Giant Scorpion",zen,"Zendikar",90,nonfoil,€0.04,common,c27221df-ec7a-4c51-b3a8-34b65b236b49
1,"Urza, Chief Artificer",brc,"The Brothers' War Commander",2,nonfoil,€1.26,mythic,ea409050-4296-4b76-a6cd-2896ce1b88e4,2024-04-23T17:15:27.796Z
1,"Noggle Bridgebreaker",eve,"Eventide",107,nonfoil,€0.08,common,545a52ed-b4d4-4972-940d-9daf07a488b1
1,"Moorland Haunt",voc,"Crimson Vow Commander",175,nonfoil,€0.22,rare,74deeeaa-95e9-42c9-89e3-e317ea63e216
6,"Call for Blood",bok,"Betrayers of Kamigawa",63,nonfoil,€0.04,common,be04ed26-8036-4505-83d3-b782e7e1fb45
1,"Sideswipe",chk,"Champions of Kamigawa",187,nonfoil,€0.09,uncommon,6bd611b7-7bd3-4a76-bd69-34a7235965ae
1,"Lionheart Maverick",gpt,"Guildpact",11,nonfoil,€0.03,common,704ba6ce-5d28-417b-8574-d3c097e6e39f
1,"Metamorphose",scg,"Scourge",40,nonfoil,€0.75,uncommon,a0f0c20c-184e-4d27-ae8b-933abb6fee0c
1,"Restless Bones",gpt,"Guildpact",58,nonfoil,€0.09,common,4d11a4f2-376e-42ae-9693-9dc754bd2282
1,"Molten Ravager",zen,"Zendikar",138,nonfoil,€0.12,common,9ebc7622-e7a7-419c-abb4-d9d339e6cdb0
1,"Genju of the Fens",bok,"Betrayers of Kamigawa",66,nonfoil,€0.08,uncommon,924fa2d7-ec9b-4b82-8384-0f904cb624f7
1,"Pestilent Souleater",nph,"New Phyrexia",149,nonfoil,€0.13,common,a069cc07-55eb-4ddb-a548-cbf463d078d3
1,"Putrid Raptor",scg,"Scourge",71,nonfoil,€0.11,uncommon,9127942b-d73d-42a9-9f97-6a39fa798a8b
1,"Fists of Ironwood",rav,"Ravnica: City of Guilds",164,nonfoil,€0.10,common,7193c00f-0398-485c-974d-346ee59cd4c7
1,"Blinkmoth Urn",mrd,"Mirrodin",145,nonfoil,€0.82,rare,0ff34d0b-a278-4990-beaf-5a64885460db
1,"Steely Resolve",ons,"Onslaught",286,nonfoil,€10.42,rare,b88c530a-abc3-4cc4-8a48-5b76e1504a3c
1,"Weaver of Lies",lgn,"Legions",57,nonfoil,€0.39,rare,12172d0e-0c73-4482-9f83-2c23ace9b7a0,2024-04-19T21:34:42.419Z
3,"Shrieking Grotesque",gpt,"Guildpact",15,nonfoil,€0.04,common,3c221f01-b094-41c7-bb5f-eef97cbf584e
1,"Tuktuk Grunts",zen,"Zendikar",152,nonfoil,€0.04,common,e6f37982-d2ae-4ff1-b5da-3936733f8108
1,"Disperse",mor,"Morningtide",31,nonfoil,€0.12,common,0ae239b2-1596-4906-9711-1d180a246d35
1,"Kami of the Painted Road",chk,"Champions of Kamigawa",23,nonfoil,€0.04,common,7068739c-0a6a-49a1-88c3-68d7abc58ee2
3,"Coast Watcher",scg,"Scourge",30,nonfoil,€0.02,common,6bbbc67d-99d0-4277-a8f2-64509e59ec00
1,"Fiery Hellhound",m10,"Magic 2010",135,nonfoil,€0.05,common,6d6b2c8a-8019-4e4b-8f4e-058ab5284153
1,"Ayara, First of Locthwain",eld,"Throne of Eldraine",75,nonfoil,€4.71,rare,ed0ace28-9a33-4f0d-b8c8-f5517f20ccf1,2024-04-19T21:23:09.602Z
1,"Wall of Spears",8ed,"Eighth Edition",320,nonfoil,€0.17,uncommon,b4f34f06-7f89-4f2b-8979-8219ac1c4560
1,"Strange Inversion",chk,"Champions of Kamigawa",192,nonfoil,€0.15,uncommon,316a78af-a991-4a5e-bdc2-f39947b89bb2
2,"Kor Sanctifiers",zen,"Zendikar",22,nonfoil,€0.09,common,038b04fe-d77a-4192-a084-654ef39aa9ff
1,"Masked Vandal",khm,"Kaldheim",184,nonfoil,€2.54,common,f0a9c72a-e450-41e3-80e5-06f2f1171245
1,"Temple of Plenty",bng,"Born of the Gods",165,nonfoil,€0.40,rare,b0830054-b140-49c3-90cb-24e2502757be,2022-05-09T20:11:45.639Z
1,"Sanctum Guardian",9ed,"Ninth Edition",40,nonfoil,€0.14,uncommon,166cd9d3-7750-4f41-bffd-8f6739204d2e
2,"Metal Fatigue",dst,"Darksteel",8,nonfoil,€0.03,common,9fa32494-24bc-44c7-81d4-7285bd1fe3c8
1,"Thought Distortion",m20,"Core Set 2020",117,nonfoil,€0.13,uncommon,f4a9d636-6720-4d7e-8b81-12c20bce6495
1,"Bituminous Blast",arb,"Alara Reborn",34,nonfoil,€0.13,uncommon,fd6a3c48-b01e-4462-a4a1-8d5009a6a844
1,"Iron Verdict",khm,"Kaldheim",17,nonfoil,€0.06,common,2fb38f5b-a2c2-4b06-8c9c-9615475a43e7
1,"Soratami Mindsweeper",bok,"Betrayers of Kamigawa",52,nonfoil,€0.16,uncommon,4c71d1c3-7a8f-404f-a448-cd5cf97ec7de
1,"Godo, Bandit Warlord",chk,"Champions of Kamigawa",169,nonfoil,€0.90,rare,fcff0b92-edd0-4197-965b-3fd86bc884d8,2024-04-19T21:31:29.978Z
1,"Beskir Shieldmate",khm,"Kaldheim",4,nonfoil,€0.05,common,dfc1df84-9c47-444b-9d58-d9c7bed51c66
1,"Codespell Cleric",khm,"Kaldheim",7,nonfoil,€0.03,common,1316a74e-da55-4668-87f2-98389a90a2a4
1,"Lightning Blast",8ed,"Eighth Edition",200,nonfoil,€0.09,uncommon,a20fee0e-93b8-4dc0-b156-8237271ae66c
2,"Armored Skaab",isd,"Innistrad",43,nonfoil,€0.13,common,ce4d00f2-30e6-41d5-b997-c66350fe783c
2,"Forked-Branch Garami",bok,"Betrayers of Kamigawa",125,nonfoil,€0.13,uncommon,0ff39ae5-a241-4607-903e-201f56c675f9
1,"Tomorrow, Azami's Familiar",bok,"Betrayers of Kamigawa",58,nonfoil,€0.36,rare,095813f9-d559-40bd-a50f-7c1f6e494e60
1,"Undersea Invader",khm,"Kaldheim",78,nonfoil,€0.07,common,550c745b-64e8-4d20-9cf0-024248ddbd57
2,"Lava Dart",jud,"Judgment",94,nonfoil,€1.24,common,865bb1d3-5b7d-40e9-87cc-96be9524a105
1,"Thunderous Wrath",avr,"Avacyn Restored",160,nonfoil,€0.32,uncommon,daa39826-7f89-41cb-a7fe-7f7be817d5cd
1,"Dread Rider",khm,"Kaldheim",89,nonfoil,€0.09,common,205eb029-68a0-4895-b142-2eb09987b5cb
1,"Rune of Mortality",khm,"Kaldheim",108,nonfoil,€0.19,uncommon,6f75a5e5-70df-49c3-abe1-8cc6975f5171
1,"Lifespinner",bok,"Betrayers of Kamigawa",133,nonfoil,€0.19,uncommon,c6a83083-f7c6-4ddf-aee9-538a1778697d
5,"Infectious Host",rav,"Ravnica: City of Guilds",91,nonfoil,€0.06,common,11858b4f-3a90-4990-9984-d888c000ec73
2,"Prairie Stream",voc,"Crimson Vow Commander",179,nonfoil,€0.26,rare,ae6bf73b-c70b-4b19-ac00-7317d5fcea7c
1,"Breath of Darigaaz",inv,"Invasion",138,nonfoil,€0.22,uncommon,480bb7e3-df03-454d-ada0-592ef8a4a6f0
1,"Spincrusher",dst,"Darksteel",144,nonfoil,€0.02,uncommon,b1269a34-cec6-4978-a109-592723cd80dc
1,"Tower of Eons",mrd,"Mirrodin",266,nonfoil,€0.17,rare,0eb67150-53e4-4164-bea5-dd3659469b8e,2022-05-09T20:15:26.705Z
1,"Dimir Guildmage",rav,"Ravnica: City of Guilds",245,nonfoil,€0.10,uncommon,69b822aa-4144-400a-b993-f146cbeed54f
3,"Blind with Anger",chk,"Champions of Kamigawa",158,nonfoil,€0.09,uncommon,a50a0fe0-249d-4a88-a538-cdf622388ce2
1,"Vraska the Unseen",c19,"Commander 2019",207,nonfoil,€0.81,mythic,a6ab9d2b-6cb3-4477-8d0e-712c530383bd
1,"Goblin Lookout",lgn,"Legions",101,nonfoil,€0.41,common,23bbe84a-8857-467a-a4a1-e57086cc9501
1,"Conclave Phalanx",ddf,"Duel Decks: Elspeth vs. Tezzeret",16,nonfoil,€0.13,uncommon,176f7f85-17b6-4c8f-9089-a743f8cae905
2,"Kitsune Dawnblade",sok,"Saviors of Kamigawa",16,nonfoil,€0.08,common,b09ab22e-aa22-4d6b-87c6-970563486f21
1,"Ulvenwald Mystics // Ulvenwald Primordials",isd,"Innistrad",208,nonfoil,€0.16,uncommon,8325c570-4d74-4e65-891c-3e153abf4bf9
2,"Havenwood Wurm",tsp,"Time Spiral",199,nonfoil,€0.03,common,561a4bb5-285a-4d52-b372-d165e442cff3
1,"Dreamcatcher",sok,"Saviors of Kamigawa",34,nonfoil,€0.12,common,b90ab82e-84d7-462a-b3c2-abaccfb46dd3
1,"Roc Egg",c19,"Commander 2019",73,nonfoil,€0.16,uncommon,a84a12d7-ffb3-4c05-973f-e00fbc2ab6c4,2023-02-01T09:33:14.286Z
2,"Stinkweed Imp",rav,"Ravnica: City of Guilds",107,nonfoil,€1.09,common,628903a0-6695-4643-80f3-9a6efc4d6a27
1,"Learn from the Past",ltc,"Tales of Middle-earth Commander",192,nonfoil,€0.16,uncommon,b2462239-1060-46b1-ad20-caf979d73030,2023-08-12T14:58:20.454Z
1,"Royal Assassin",m10,"Magic 2010",110,nonfoil,€0.59,rare,c94e3cdf-8312-4824-80b0-36be988e6eb4
1,"Disciple of the Vault",mrd,"Mirrodin",62,nonfoil,€0.31,common,644359dc-3c4c-4291-876d-7390dc466877,2022-05-09T20:27:13.496Z
2,"Stream Hopper",eve,"Eventide",113,nonfoil,€0.13,common,55371d0e-29da-4517-ab16-075782a1326f
1,"Sire of the Storm",voc,"Crimson Vow Commander",113,nonfoil,€0.08,uncommon,bea64c04-6cd0-49e9-b4ba-1b50aab0a490
2,"Pain Kami",chk,"Champions of Kamigawa",183,nonfoil,€0.08,uncommon,693317ea-0237-4b65-812f-b31a6427b2a3
1,"Journey to Nowhere",ddf,"Duel Decks: Elspeth vs. Tezzeret",23,nonfoil,€0.60,common,39efc659-4de9-4ca2-b34a-f64b97795083
2,"Reaping the Graves",scg,"Scourge",72,nonfoil,€0.53,common,760a66bd-2821-4710-8f02-3c30772dd884
1,"Jace's Erasure",m11,"Magic 2011",59,nonfoil,€0.29,common,3662d1cc-1279-409f-9f0a-9c15c3407103
1,"Cloudpost",mrd,"Mirrodin",280,nonfoil,€0.29,common,2f28ecdc-a4f0-4327-a78c-340be41555ee
1,"Psychic Membrane",mrd,"Mirrodin",46,nonfoil,€0.12,uncommon,4ffd5a69-05b6-4fc4-8186-503a2e204330
1,"Possessed Portal",5dn,"Fifth Dawn",144,nonfoil,€1.00,rare,616836e6-caf4-4398-a772-9c67f84c73c5
1,"Urza's Power Plant",atq,"Antiquities",84d,nonfoil,€15.38,uncommon,b0bbe643-3e07-4541-a2e6-45c63a5133cf
1,"Devouring Greed",chk,"Champions of Kamigawa",110,nonfoil,€0.16,common,4a72347d-91cd-45a8-a026-a655e5507322
1,"Marsh Flitter",lrw,"Lorwyn",125,nonfoil,€0.15,uncommon,040e1039-1943-4c2d-aa98-b7f9519de321
1,"Ideas Unbound",sok,"Saviors of Kamigawa",40,nonfoil,€0.49,common,1b0fe46d-08d6-48c3-be0d-650d8d3d66af
1,"Rule of Law",mrd,"Mirrodin",19,nonfoil,€0.45,rare,246a68e9-fd19-4a1e-8c7b-fcd3f7306dfb
3,"O-Naginata",sok,"Saviors of Kamigawa",157,nonfoil,€0.40,uncommon,24a353d5-d3b1-4ec1-8f2e-792f1bc79c96
2,"Compulsive Research",rav,"Ravnica: City of Guilds",40,nonfoil,€0.17,common,20b9c057-b80a-4e4e-a0d7-34b7ff3a69f4
1,"Cryptoplasm",mbs,"Mirrodin Besieged",23,nonfoil,€0.91,rare,15a31710-c1d6-45e4-9dbe-a75453a74da0
1,"Wakeroot Elemental",m20,"Core Set 2020",202,nonfoil,€0.11,rare,02c9396d-28f2-40b7-908e-51db51da57a7
1,"Moss Kami",chk,"Champions of Kamigawa",228,nonfoil,€0.03,common,a437cde4-c40b-40a3-bc19-e461c98186dc
2,"Pus Kami",bok,"Betrayers of Kamigawa",79,nonfoil,€0.16,uncommon,4f142dea-4751-453f-93a5-c8fdaba8a1b3
3,"Sabertooth Alley Cat",rav,"Ravnica: City of Guilds",140,nonfoil,€0.23,common,b9ec817c-c414-4a56-b455-748c6e5cac0d
1,"Deathmist Raptor",c19,"Commander 2019",160,nonfoil,€0.37,mythic,1c73f83d-ee8f-48eb-9c3d-170f13062c74
1,"Suncrusher",5dn,"Fifth Dawn",159,nonfoil,€0.14,rare,66c22071-959e-4986-aa25-ed883a20796b
1,"Ogre Menial",nph,"New Phyrexia",89,nonfoil,€0.08,common,6271c5c1-5f39-4908-b838-0f34c74e912e
1,"Assault Griffin",m11,"Magic 2011",6,nonfoil,€0.06,common,f72ced22-1f2c-4fa6-a938-8ebe2c15cc8d
1,"Dragonspeaker Shaman",scg,"Scourge",89,nonfoil,€1.36,uncommon,49f5fa96-dcfb-4d29-bea9-7dd99e8c43d8
1,"Sudden Strength",jud,"Judgment",132,nonfoil,€0.05,common,e3ca1108-ccf2-48ea-8ca7-986aa45d5fe8
1,"Pyromatics",gpt,"Guildpact",72,nonfoil,€0.13,common,c22c9dab-e8d5-48b3-8fd2-9f4138ee0c7c
1,"Grim Haruspex",c19,"Commander 2019",118,nonfoil,€2.07,rare,358ade1a-375d-44b4-910f-21d53c7498bb
1,"Spiritual Visit",sok,"Saviors of Kamigawa",29,nonfoil,€0.15,common,c4e4866e-13a8-4130-9895-60e762b7efea
1,"Hallowed Spiritkeeper",voc,"Crimson Vow Commander",88,nonfoil,€0.79,rare,dc8037d5-79fa-47e3-9d3b-eb29643ecae7
1,"Rending Vines",sok,"Saviors of Kamigawa",143,nonfoil,€0.16,common,34cf7931-d086-496e-98dc-5daa60e01f5b
3,"Sturdy Hatchling",eve,"Eventide",163,nonfoil,€0.13,uncommon,e41330e2-c6e8-47af-831d-b2d2bd1d06a3
2,"Goblin Sledder",ons,"Onslaught",209,nonfoil,€0.54,common,3a9a1ecf-29f6-474e-bbcf-3455d388aa94
1,"Flesh-Eater Imp",mbs,"Mirrodin Besieged",42,nonfoil,€0.44,uncommon,6d5ee9f3-80fe-43b0-be5b-0c93103e1077
2,"Scourge of Numai",bok,"Betrayers of Kamigawa",80,nonfoil,€0.06,uncommon,b7692ef1-bfae-411d-a589-f493128ef44b
1,"Voidmage Apprentice",lgn,"Legions",54,nonfoil,€0.19,common,55924a25-e749-48f6-8ef1-1fa8376f96b1,2024-04-19T21:35:12.479Z
1,"Kitsune Riftwalker",chk,"Champions of Kamigawa",29,nonfoil,€0.05,common,f545d9d0-52d8-4b90-a8bb-178f4ba3c4b7
1,"Scroll of Fate",c19,"Commander 2019",58,nonfoil,€0.36,rare,a25ffab0-1119-4eca-9abe-077a699f19d0
1,"Brightblade Stoat",blb,"Bloomburrow",4,nonfoil,€0.16,uncommon,df7fea2e-7414-4bc8-adb0-9342e174c009,2024-12-25T10:03:47.927Z
1,"Temple of Silence",ths,"Theros",227,nonfoil,€0.33,rare,0f14b6b3-5f40-4328-a3be-28fe32dd7cb1,2022-05-09T20:17:26.144Z
2,"Vedalken Entrancer",rav,"Ravnica: City of Guilds",74,nonfoil,€0.02,common,faf5e4b8-3bb9-4a4c-b8fa-2cae5372ba24
2,"Craw Wurm",9ed,"Ninth Edition",233,nonfoil,€0.03,common,19eee2f9-676d-4d98-a19e-ff5d841c636f
1,"Streetbreaker Wurm",gpt,"Guildpact",133,nonfoil,€0.02,common,d5313054-91a5-401c-84d1-03a2cd265060
2,"Valor of the Worthy",khm,"Kaldheim",37,nonfoil,€0.06,common,83632e73-be3f-43fc-932f-45cb1af4f8fb
1,"Staff of Domination",5dn,"Fifth Dawn",156,nonfoil,€3.63,rare,7980fc3b-71d5-427d-bd42-087256fd2059
2,"Crossbow Infantry",8ed,"Eighth Edition",15,nonfoil,€0.05,common,0d47101c-ead0-42a6-b37b-0e5d294959c9
2,"Hotheaded Giant",eve,"Eventide",57,nonfoil,€0.06,common,74481546-debc-44df-b5a9-7fde0ada0eca
2,"Krosan Drover",scg,"Scourge",122,nonfoil,€0.38,common,e92a7141-119f-4bf8-a82d-eb7c0c37185c
1,"Mire in Misery",c19,"Commander 2019",19,nonfoil,€0.48,uncommon,37b2cc43-307c-429f-a4f7-ac339a97e0bb
1,"Heartlash Cinder",eve,"Eventide",56,nonfoil,€0.12,common,f1c38e02-5df3-4655-a18f-a7be2c352b7b
1,"Wrack with Madness",dka,"Dark Ascension",107,nonfoil,€0.04,common,4f27ee20-b5c5-4867-b832-9cdade0eda03
2,"Elves of Deep Shadow",rav,"Ravnica: City of Guilds",161,nonfoil,€1.32,common,7bea6dea-d767-4092-a285-305d9997357a
1,"Hibernation",8ed,"Eighth Edition",82,nonfoil,€0.39,uncommon,a33661f0-7dde-4b08-87da-1eeb723ddf9f
2,"Kami of Ancient Law",chk,"Champions of Kamigawa",21,nonfoil,€0.05,common,b7cb7fdc-fa47-4485-b268-7c2ddff28568
1,"Stitcher's Supplier",m19,"Core Set 2019",121,nonfoil,€0.70,uncommon,2b737126-50b5-4678-91bf-197b64086fe4,2024-04-19T21:24:17.436Z
1,"Persistent Marshstalker",blb,"Bloomburrow",104,nonfoil,€0.08,uncommon,8b900c71-713b-4b7e-b4be-ad9f4aa0c139,2024-12-25T10:01:43.101Z
1,"Dream Thief",eve,"Eventide",20,nonfoil,€0.07,common,811026ed-1bae-4464-bdfe-dcec76259152
1,"Suppression Field",rav,"Ravnica: City of Guilds",31,nonfoil,€0.53,uncommon,0df7883b-f744-4410-a682-7391bd697afb
2,"Dusk Imp",8ed,"Eighth Edition",130,nonfoil,€0.05,common,fba0721a-dc1f-42e4-a12a-2ecb356f9339
1,"Spirit of the Aldergard",khm,"Kaldheim",195,nonfoil,€0.15,uncommon,220df551-3820-4910-a206-14501ba02e69
1,"Temple Acolyte",ddf,"Duel Decks: Elspeth vs. Tezzeret",9,nonfoil,€0.14,common,e32032f0-74a3-450e-8684-646ac2bda4fb
1,"Battlefield Scrounger",jud,"Judgment",106,nonfoil,€0.17,common,f5ac74bc-1198-4a9a-bcde-668cca08b274
2,"Into Thin Air",5dn,"Fifth Dawn",33,nonfoil,€0.05,common,d0f31ff9-f403-4082-88f8-65807c0af812
1,"Brimstone Volley",isd,"Innistrad",132,nonfoil,€0.08,common,6960f2da-6b84-4680-8ab2-f0567a5d1b0a
1,"Harald, King of Skemfar",khm,"Kaldheim",212,nonfoil,€0.15,uncommon,9eac78a2-599f-4dba-aec7-982c5ae3f75a
1,"Crackling Club",tor,"Torment",93,nonfoil,€0.06,common,0810f7e3-03ff-4c46-a88f-2f8144540780
3,"First Volley",bok,"Betrayers of Kamigawa",100,nonfoil,€0.11,common,d6e5e360-ed47-40c1-8ad7-57645c2854ca
1,"Tel-Jilad Outrider",dst,"Darksteel",87,nonfoil,€0.05,common,1d811d8f-437b-4c9f-8ea2-c85590a07935
1,"Victimize",cma,"Commander Anthology",72,nonfoil,€0.48,uncommon,95f0f6fa-2415-4278-bf6c-83ea5aea69cf
1,"Myr Retriever",mrd,"Mirrodin",215,nonfoil,€0.89,uncommon,ee766f7b-4e9c-442d-bf53-31c204646449
4,"Prismatic Strands",jud,"Judgment",18,nonfoil,€3.99,common,3454ef42-2e0b-4ce4-945f-e4ec3e83c39d
1,"Blockbuster",rav,"Ravnica: City of Guilds",115,nonfoil,€0.06,uncommon,00a28b9d-1bd2-4ca4-a1e1-4138891d6739
1,"Sengir Autocrat",tsb,"Time Spiral Timeshifted",45,nonfoil,€0.30,special,647b0f86-8ec1-4506-9a31-a8495232094e
1,"Trap the Trespassers",ltc,"Tales of Middle-earth Commander",25,nonfoil,€0.20,rare,a077a046-300b-41d2-b891-c57ebe983ba2,2023-08-12T14:30:32.784Z
1,"Scourge Servant",mbs,"Mirrodin Besieged",54,nonfoil,€0.08,common,45ded51b-2ced-46d6-a1d4-0f49d4b1ed2d
1,"Phyrexian",tdmu,"Dominaria United Tokens",8,nonfoil,€0.00,common,ba2a7b17-a65a-4c37-bc2b-8be5ff8ce692,2022-10-20T10:48:01.074Z
1,"Frost Bite",khm,"Kaldheim",138,nonfoil,€0.08,common,9423318a-c5a8-48d2-92f5-280d15a050a6
1,"Centaur Safeguard",rav,"Ravnica: City of Guilds",244,nonfoil,€0.09,common,647d3e06-93e6-4948-a3ec-6a00bdfc0f99
3,"Aven Windreader",9ed,"Ninth Edition",62,nonfoil,€0.03,common,1e017119-4040-4277-849f-3ed961c992c6
1,"Seedborn Muse",c19,"Commander 2019",179,nonfoil,€5.93,rare,e3174fb4-5ce1-4594-b338-e301228e6484
2,"Clockwork Vorrac",mrd,"Mirrodin",156,nonfoil,€0.05,uncommon,7e876938-1b8e-44cf-ade2-a42f8acdf24c
6,"Dragon Wings",scg,"Scourge",34,nonfoil,€0.18,common,7674ab4d-9bc0-45c3-88e1-3fd2c947cfaa
1,"Defensive Stance",nph,"New Phyrexia",34,nonfoil,€0.03,common,d0670653-d4fe-4fac-b769-d19ca4698c97
3,"Sunhome Enforcer",rav,"Ravnica: City of Guilds",233,nonfoil,€0.12,uncommon,c4d5a88e-fc8f-4dd6-a1db-8e44b74ee0a1
1,"Spire Barrage",zen,"Zendikar",150,nonfoil,€0.04,common,f8c8fe2a-3203-4545-bb25-b1f107b13cca
1,"Ghost Council of Orzhova",gpt,"Guildpact",114,nonfoil,€0.20,rare,d83a5785-a9a9-4a07-82c7-97dc5b9a2475
1,"Thieves' Guild Enforcer",m21,"Core Set 2021",125,nonfoil,€0.26,rare,df99f770-2c39-4025-a8a2-a5890f61eb53,2022-09-26T17:22:03.302Z
1,"Efficient Construction",aer,"Aether Revolt",33,nonfoil,€0.41,uncommon,abfbe1d5-beb7-49b8-a504-f1cc47ee4731
2,"Fiery Conclusion",rav,"Ravnica: City of Guilds",122,nonfoil,€0.07,common,aaa9a92c-9fde-4313-ac4c-9791604d7f4f
1,"Goblin Balloon Brigade",m11,"Magic 2011",140,nonfoil,€0.15,common,22d78658-21a4-4133-a29c-a80be8ec2cfc
1,"Nantuko Disciple",8ed,"Eighth Edition",268,nonfoil,€0.07,common,32bd6695-ee30-4ab1-a732-26b073c2fec6
1,"Deftblade Elite",lgn,"Legions",12,nonfoil,€0.43,common,76ffbae4-7aad-493c-86a0-c6e6425da8fd
1,"Hunger of the Nim",dst,"Darksteel",46,nonfoil,€0.07,common,bba50e47-2417-447f-b334-50ef0faecfae
1,"Gruul Scrapper",gpt,"Guildpact",89,nonfoil,€0.03,common,f7f3fdc0-3fd1-47da-b3ed-e4a462179e75
1,"Arcbound Wanderer",5dn,"Fifth Dawn",103,nonfoil,€0.16,uncommon,d4242f34-33c0-4e16-a6d9-18499dc8f2eb
1,"Sharuum the Hegemon",2xm,"Double Masters",219,nonfoil,€0.30,rare,af80ef38-ab95-476f-b0dd-b5ef3e9bceab
1,"Pyreheart Wolf",dka,"Dark Ascension",101,nonfoil,€0.34,uncommon,9722f20c-e0d9-4165-8cd5-4abadc5378eb
1,"Storm Herd",gpt,"Guildpact",19,nonfoil,€0.53,rare,c8c86398-2cbc-4ad7-a231-6802e3b4d1c0
5,"Petalmane Baku",bok,"Betrayers of Kamigawa",139,nonfoil,€0.09,common,7c7ba032-66d6-41bd-af4f-9853b031a474
1,"Chimeric Egg",dst,"Darksteel",106,nonfoil,€0.14,uncommon,d516f267-e72b-453c-bceb-4766582568d2
1,"Pristine Talisman",nph,"New Phyrexia",151,nonfoil,€0.17,common,b31d96cf-7276-46c4-ad17-d6a5c85f1315
1,"Cache Grab",blb,"Bloomburrow",167,nonfoil,€0.14,common,dfd977dc-a7c3-4d0a-aca7-b25bd154e963,2024-09-21T15:10:08.514Z
1,"Viscera Seer",cmr,"Commander Legends",158,nonfoil,€0.51,common,d49203dd-89b6-4e91-b3ff-5f9f5ce981f8
1,"Viscera Seer",m11,"Magic 2011",120,nonfoil,€0.47,common,6179f847-e334-4f7f-9a4e-0013942a394f
1,"Arcane Spyglass",dst,"Darksteel",93,nonfoil,€0.02,common,d10d85c9-859a-4ff5-9a41-bf20622a3ff5
1,"Bojuka Bog",c19,"Commander 2019",232,nonfoil,€1.30,common,3fe2e358-4175-4cd6-9aa1-e54898df31f2
1,"Wax-Wane Witness",blb,"Bloomburrow",39,nonfoil,€0.05,common,d90ea719-5320-46c6-a347-161853a14776,2024-09-21T15:11:40.278Z
1,"Shepherd of the Cosmos",khm,"Kaldheim",28,nonfoil,€0.11,uncommon,ce33c84e-008c-48d8-a8e8-77cd19cc4f1f
1,"Vorrac Battlehorns",mrd,"Mirrodin",271,nonfoil,€0.37,common,b1b19949-90c9-46f1-85d4-d6eda0b7977e
2,"Auriok Transfixer",mrd,"Mirrodin",5,nonfoil,€0.05,common,9f5c3f22-f228-4503-9d35-ee1b36a46ef0
1,"Soot Imp",eve,"Eventide",43,nonfoil,€0.57,uncommon,85f50d1d-5694-4701-9755-a9d1e6dfae29
2,"Hankyu",chk,"Champions of Kamigawa",253,nonfoil,€0.11,uncommon,6f22a88a-4f04-4500-9e05-909b54ad43e3
1,"Reki, the History of Kamigawa",sok,"Saviors of Kamigawa",142,nonfoil,€7.27,rare,86317339-5a39-41eb-8aee-5ea926da8cd4
4,"Scaled Hulk",bok,"Betrayers of Kamigawa",143,nonfoil,€0.05,common,3b27457e-2c40-4983-9680-b7292db4c668
1,"Ark of Blight",scg,"Scourge",140,nonfoil,€0.10,uncommon,f3b09956-cc34-4472-8b9f-ae355522bd5a
1,"Frenzied Raider",khm,"Kaldheim",137,nonfoil,€0.13,uncommon,22c59e0b-5b78-4cf5-9c2a-92ccf833778f
2,"Gaze of the Gorgon",rav,"Ravnica: City of Guilds",246,nonfoil,€0.11,common,16c9e772-5213-4c28-9b6c-1cfa6675ee8f
1,"Fleeting Aven",ons,"Onslaught",83,nonfoil,€0.06,uncommon,246a2758-0096-43b9-8193-d6ae5b41b6e6
2,"Vengeful Dead",scg,"Scourge",80,nonfoil,€0.29,common,7c11c11d-9809-4031-8cbc-21aef07d7f1f
5,"Zealous Inquisitor",scg,"Scourge",27,nonfoil,€0.06,common,1fb821b6-4e73-4970-b1ac-b67c93990ec0
1,"Zealous Inquisitor",9ed,"Ninth Edition",57,nonfoil,€0.06,uncommon,7621b1af-fdbd-4604-b37c-04fb8f68c3b6
3,"Scale of Chiss-Goria",mrd,"Mirrodin",236,nonfoil,€0.14,common,133b367c-b1a1-46f7-a539-a33ee655affb
1,"Armed Response",5dn,"Fifth Dawn",2,nonfoil,€0.11,common,7029fac9-ef8a-499f-aa42-c145b6b528ae
1,"Port of Karfell",khm,"Kaldheim",265,nonfoil,€0.12,uncommon,bb9465a6-d009-4ecd-9fd1-d046547de902
4,"Vault of Whispers",mrd,"Mirrodin",286,nonfoil,€1.46,common,73866487-33f4-4f64-b100-2c4ddadcd74e
1,"Scrapyard Salvo",nph,"New Phyrexia",94,nonfoil,€0.05,common,3a4874eb-635b-47f0-bbee-6bd8b26e2f10
1,"Ghost Quarter",isd,"Innistrad",240,nonfoil,€0.43,uncommon,1c6456ed-0ffb-4d22-b252-5775076030ce,2022-05-09T20:22:23.238Z
1,"Whisperwood Elemental",frf,"Fate Reforged",145,nonfoil,€0.28,mythic,66c61828-98b9-4264-b3dd-e83f881f4a67,2022-05-09T20:23:45.751Z
2,"Lumengrid Warden",mrd,"Mirrodin",41,nonfoil,€0.05,common,44aadd54-6e83-4bcf-9760-16479d919a56
1,"Psychic Overload",dst,"Darksteel",28,nonfoil,€0.07,uncommon,b32d0779-ef2a-42be-ad67-cee9b06122de
1,"Abattoir Ghoul",isd,"Innistrad",85,nonfoil,€0.16,uncommon,59cf0906-04fa-4b30-a7a6-3d117931154f
1,"Teller of Tales",chk,"Champions of Kamigawa",95,nonfoil,€0.05,common,c914db7d-c907-4d25-a180-f68b274a5cb7
3,"Machinate",dst,"Darksteel",24,nonfoil,€0.08,common,49e815b3-373c-4b2e-beb5-c894a52ffdea
1,"Death Cloud",dst,"Darksteel",40,nonfoil,€1.04,rare,97a0bfb9-859b-4fed-a1c4-1f0924715801
4,"Frogmite",mrd,"Mirrodin",172,nonfoil,€0.22,common,ff504dcb-2eb8-4b3c-a8b9-29697739b649
1,"Goblin Sharpshooter",ons,"Onslaught",207,nonfoil,€24.34,rare,7e689df7-b85d-4346-bee8-5e978b5cbbbc,2024-04-27T09:59:16.834Z
1,"Viashino Branchrider",dmu,"Dominaria United",150,nonfoil,€0.08,common,1f08749e-05e0-4fb4-a4ae-35e7187584ab,2022-10-08T09:56:55.970Z
1,"Behold the Multiverse",khm,"Kaldheim",46,nonfoil,€0.17,common,27855a38-a682-4f97-ad22-ac625e86faec
2,"Otherworldly Outburst",emn,"Eldritch Moon",138,nonfoil,€0.14,common,34409e34-04e9-4279-8d21-6ef362b20b72,2023-02-01T09:32:15.403Z
2,"Korozda Monitor",rtr,"Return to Ravnica",129,nonfoil,€0.03,common,2f319d57-7a54-4b10-86d4-58d7b3994844
1,"Sift",9ed,"Ninth Edition",98,nonfoil,€0.08,common,65d25807-75e1-41cf-b3e7-f9e42f06c5d3
1,"Myr Adapter",mrd,"Mirrodin",210,nonfoil,€0.04,common,0d6ddde9-4427-4a0f-b05c-9cfd886aad2d
1,"Kamahl, Fist of Krosa",ons,"Onslaught",268,nonfoil,€2.42,rare,150d5229-b1a5-42cf-bf6a-04d246f1124f
1,"Concordia Pegasus",rtr,"Return to Ravnica",8,nonfoil,€0.04,common,f0333d0b-ae42-48aa-83d8-a4f2c7483a46
3,"Galvanic Arc",rav,"Ravnica: City of Guilds",126,nonfoil,€0.07,common,64d816df-51e5-46f8-ad9a-68f3f656dbcd
1,"Thousand Winds",c19,"Commander 2019",100,nonfoil,€0.14,rare,f73d6480-2ddb-465d-8d21-11163744378d
1,"Aven Mindcensor",tsr,"Time Spiral Remastered",5,nonfoil,€0.40,uncommon,76cf42b4-f767-48b7-b38c-b98306909f06,2022-10-06T10:56:58.124Z
1,"Glint-Sleeve Artisan",kld,"Kaladesh",17,nonfoil,€0.11,common,7e39e79b-2755-4fb4-86b5-b6e350ce9514,2023-01-21T15:52:17.713Z
1,"Grafted Wargear",5dn,"Fifth Dawn",126,nonfoil,€0.33,uncommon,5269cfbd-1202-47fe-a12d-d95ff304b335
2,"Horizon Seed",chk,"Champions of Kamigawa",15,nonfoil,€0.08,uncommon,7e6317b9-a426-453b-a82a-e63905a77019
1,"Bird Admirer // Wing Shredder",mid,"Innistrad: Midnight Hunt",169,nonfoil,€0.05,common,71ccc444-54c8-4f7c-a425-82bc3eea1eb0,2024-04-19T21:39:01.122Z
1,"Wee Dragonauts",gpt,"Guildpact",137,nonfoil,€0.11,common,14fd3734-8c28-4bd0-b202-eee1ab98c328
4,"Growth Cycle",m20,"Core Set 2020",175,nonfoil,€0.07,common,1e619121-f2e8-4da5-8652-a2b5dae2e55c
1,"Galloping Lizrog",rna,"Ravnica Allegiance",175,nonfoil,€0.14,uncommon,cc2b7cfe-4696-4448-93d2-33be596e32d9
1,"Indentured Oaf",rav,"Ravnica: City of Guilds",133,nonfoil,€0.08,uncommon,af6e976c-3c0b-4ba5-b614-e1b576b57e86
1,"Fishliver Oil",9ed,"Ninth Edition",77,nonfoil,€0.09,common,c3c4a1f4-0a8e-4e70-a2a8-ceebbca63b6c
1,"Forge Devil",dka,"Dark Ascension",91,nonfoil,€0.07,common,63b565a5-d706-47b4-bfa2-deebcc0e2e60
1,"Wrench Mind",mrd,"Mirrodin",84,nonfoil,€0.09,common,36ce975b-c3df-4472-a6c1-2546df11b74e
3,"Stun",inv,"Invasion",172,nonfoil,€0.22,common,d22f3ae8-a40b-4dab-abf4-3ab7b05191f7
1,"Kaya's Onslaught",khm,"Kaldheim",18,nonfoil,€0.13,uncommon,f28e151f-b61b-486f-b7f8-7abde207c442
1,"Mirage Mirror",hou,"Hour of Devastation",165,nonfoil,€0.65,rare,29148d7e-b398-4e19-a29e-d9a660ad5016,2022-04-26T13:09:46.810Z
1,"Hollowhenge Scavenger",isd,"Innistrad",188,nonfoil,€0.07,uncommon,6c9ff632-0e27-4521-9e9d-5725e618f5dd
1,"Sultai Charm",c19,"Commander 2019",202,nonfoil,€0.22,uncommon,0f53f04d-aaa5-4cd1-8717-08aa9724b919
1,"Stern Mentor",avr,"Avacyn Restored",77,nonfoil,€0.07,uncommon,ffe4d34f-68f0-4d79-9aab-58c5304224d9
1,"Paradise Druid",ltc,"Tales of Middle-earth Commander",255,nonfoil,€0.22,uncommon,b58370c4-2f18-4701-969f-2f6eed337085,2023-08-12T15:01:46.829Z
1,"Arcane Sanctum",ala,"Shards of Alara",220,nonfoil,€0.38,uncommon,6edc0681-4252-4d3d-baf3-f03c22af1208,2024-04-23T17:13:41.632Z
1,"Salvaging Station",5dn,"Fifth Dawn",148,nonfoil,€0.42,rare,f0336e07-8eaf-4b90-af54-4764e5ba50f2
2,"Firecat Blitz",jud,"Judgment",88,nonfoil,€0.38,uncommon,d4e1d485-02d5-4a07-bcc6-d2a8d95763e8
1,"Great Oak Guardian",c19,"Commander 2019",170,nonfoil,€0.16,uncommon,65d36326-897e-4207-909a-8d1323d6c8e7
1,"Perilous Forays",rav,"Ravnica: City of Guilds",176,nonfoil,€0.76,uncommon,4210a148-d16c-42de-b0d6-83c05c553dd4
1,"Fetid Heath",a25,"Masters 25",238,nonfoil,€1.95,rare,e0547b3a-dc3e-42ba-bb80-1815ee62e9f1,2024-04-25T08:37:53.578Z
1,"Kami of Empty Graves",sok,"Saviors of Kamigawa",75,nonfoil,€0.15,common,30502f07-760c-46d1-8b4a-d4bd4a23201f
2,"Horned Helm",5dn,"Fifth Dawn",132,nonfoil,€0.10,common,749c408a-0a19-44a3-a436-295380573f91
3,"Floodbringer",bok,"Betrayers of Kamigawa",34,nonfoil,€0.02,common,0058be07-a8a1-448e-8c3d-61718cb384ec
3,"Celestial Purge",m11,"Magic 2011",9,nonfoil,€0.15,uncommon,c69ffb67-0454-48b1-8043-e7f8fb12bb54
1,"Weigh Down",khm,"Kaldheim",118,nonfoil,€0.02,common,6ffa795d-2211-49b0-a6df-812599758f7b
1,"Ishi-Ishi, Akki Crackshot",bok,"Betrayers of Kamigawa",110,nonfoil,€0.34,rare,8e94fec2-dc56-4961-ba80-b9c904a345ab
1,"Muerra, Trash Tactician",blb,"Bloomburrow",227,nonfoil,€0.19,rare,b40e4658-fd68-46d0-9a89-25570a023d19,2024-12-25T10:05:03.845Z
1,"Salt Road Ambushers",dtk,"Dragons of Tarkir",198,nonfoil,€0.10,uncommon,56c1111a-9680-4d34-8cf7-af16ae508a72,2022-05-09T20:24:54.081Z
1,"Hypervolt Grasp",gpt,"Guildpact",67,nonfoil,€0.07,uncommon,fdaa3c6e-1f8a-4580-8e03-e670f50ab958
1,"Curse of the Pierced Heart",isd,"Innistrad",138,nonfoil,€0.26,common,71010182-c004-4d18-adab-80319cd1e625
1,"Battershield Warrior",khm,"Kaldheim",2,nonfoil,€0.03,uncommon,fb79dc85-f85a-4846-9ac3-c75c64ea9c0a
1,"Spectral Searchlight",rav,"Ravnica: City of Guilds",271,nonfoil,€0.14,uncommon,1b7209e2-8e62-40aa-ad84-16c6ad52fd69
1,"Forging the Tyrite Sword",khm,"Kaldheim",211,nonfoil,€0.13,uncommon,3ce46100-461d-424e-afa4-7a0bb7d0a822
1,"Trailblazer's Boots",zen,"Zendikar",208,foil,€2.96,uncommon,afeb5a30-016a-465f-bdf0-e2df2d1bef8c
1,"Indomitable Archangel",som,"Scars of Mirrodin",11,nonfoil,€0.79,mythic,a50e72a2-1e94-43cf-a605-bf3bb456d12f,2024-04-25T08:35:58.255Z
1,"Mythos of Nethroi",iko,"Ikoria: Lair of Behemoths",97,nonfoil,€0.32,rare,6abc24e1-e721-471a-9efd-547f320675b0
1,"Baton of Courage",5dn,"Fifth Dawn",105,nonfoil,€0.09,common,d363970c-2418-42f9-8d13-0e5700161b62
1,"Aura Barbs",bok,"Betrayers of Kamigawa",94,nonfoil,€0.12,uncommon,132af2c2-2bae-4c05-9d61-a5777818a057
1,"Sakura-Tribe Elder",c19,"Commander 2019",177,nonfoil,€0.57,common,114328dd-6c4f-4b6b-b9b7-dfa8c9b79495
1,"Sakura-Tribe Elder",chk,"Champions of Kamigawa",239,nonfoil,€0.32,common,91c7707a-bae0-4196-bf26-d276f57b7369
2,"Sun Droplet",mrd,"Mirrodin",249,nonfoil,€0.19,uncommon,9bdd01de-2ac6-4393-ad53-d52df137bc08
1,"Devastation Tide",ltc,"Tales of Middle-earth Commander",189,nonfoil,€0.30,rare,c95bc785-6d4a-4157-9a29-270f88db0028,2023-08-12T14:35:49.555Z
1,"Aqueous Form",ths,"Theros",39,nonfoil,€0.35,common,ba104245-0483-407f-971b-ad6d8efd9733
3,"Aqueous Form",cmr,"Commander Legends",56,nonfoil,€0.44,common,c859f7cb-ac12-490e-b769-6f019791f2a5
1,"Chromescale Drake",dst,"Darksteel",20,nonfoil,€0.24,rare,d22aa7ef-da34-49c1-9aac-67d129ffa6fe
1,"Soilshaper",chk,"Champions of Kamigawa",243,nonfoil,€0.11,uncommon,ae4066c3-bcb0-41c4-a4d3-a22bd186fd13
2,"Poisonbelly Ogre",gpt,"Guildpact",57,nonfoil,€0.12,common,a168b953-eac4-472e-ac74-598febb05f83
1,"Changeling Sentinel",mor,"Morningtide",6,nonfoil,€0.14,common,fe7e0c9f-000d-494d-86f6-95e8d2b59ac7
1,"Krosan Cloudscraper",tsb,"Time Spiral Timeshifted",82,nonfoil,€0.41,special,9c5ac459-ebb7-44ec-bb6e-412c5ab04b75
2,"Arc Runner",m11,"Magic 2011",123,nonfoil,€0.22,common,32014715-7faa-412a-b8b4-751102e6b8a3
3,"Villainous Ogre",chk,"Champions of Kamigawa",148,nonfoil,€0.03,common,0277c1ba-eae4-442b-8b80-20869ba20568
1,"Roofstalker Wight",rav,"Ravnica: City of Guilds",102,nonfoil,€0.03,common,8f43fb78-497b-4a05-84cd-d2aca4b2db1b
1,"Throatseeker",mh1,"Modern Horizons",110,nonfoil,€0.20,uncommon,b07b3736-25e7-46f2-bea5-543ec13995b1,2022-05-09T20:16:32.253Z
1,"Seizan, Perverter of Truth",chk,"Champions of Kamigawa",143,nonfoil,€0.47,rare,e1e61750-f7d7-4e6d-9d68-e1e357868a8d,2024-04-19T21:31:13.477Z
1,"Timberland Guide",avr,"Avacyn Restored",197,nonfoil,€0.07,common,ae80fefb-af78-4f98-8058-71b61e91842f
1,"Oak Street Innkeeper",rtr,"Return to Ravnica",131,nonfoil,€0.13,uncommon,08274d1b-52b7-46c1-8f93-7631d2e21def
1,"Burrenton Bombardier",ddf,"Duel Decks: Elspeth vs. Tezzeret",11,nonfoil,€0.13,common,fd872395-f351-4f7e-9290-c34d1c98a567
1,"Flame Jab",eve,"Eventide",53,nonfoil,€0.16,common,06c2b6b2-485e-41e6-b106-4f6f402e0ec3
1,"Balthor the Stout",tor,"Torment",91,nonfoil,€0.84,rare,e81ecdc5-d2c7-4292-9b59-fd6bf3ba29d5
1,"Stream of Unconsciousness",mor,"Morningtide",52,nonfoil,€0.14,common,54ba05db-6b09-4b6a-b7fe-13c1e1058e25
1,"Heroes' Podium",bng,"Born of the Gods",159,nonfoil,€0.31,rare,a3cb14f9-343c-4672-b4ee-db7f1d1a98ff
1,"Lagrella, the Magpie",snc,"Streets of New Capenna",196,nonfoil,€0.06,uncommon,dd20f271-26c8-429f-a422-e7d95f3bda74,2022-05-02T18:53:47.799Z
1,"Ferropede",5dn,"Fifth Dawn",122,nonfoil,€0.33,uncommon,cdf8248c-ef2c-4b1e-8a0b-05def43ca2af
1,"Shade's Form",tor,"Torment",81,nonfoil,€0.33,common,449baad3-9a4a-4f5f-9e9f-02cc97ab71e6
1,"Heirs of Stromkirk",avr,"Avacyn Restored",140,nonfoil,€0.16,common,ff89ad3b-b154-49e2-a0fd-135279512250
2,"Leonin Skyhunter",mrd,"Mirrodin",11,nonfoil,€0.09,uncommon,275a47e1-816c-44f9-bd05-b8b56410436f
4,"Leonin Skyhunter",mbs,"Mirrodin Besieged",11,nonfoil,€0.12,common,f7eb723d-aa4c-4a38-98de-1faefffab56b
2,"Indomitable Will",chk,"Champions of Kamigawa",17,nonfoil,€0.10,common,73263906-c66b-4f85-b138-0b5deda64ab1
2,"Ogre Resister",mbs,"Mirrodin Besieged",72,nonfoil,€0.05,common,60b7407d-f677-403b-893c-361df456009a
1,"Araba Mothrider",sok,"Saviors of Kamigawa",2,nonfoil,€0.13,common,f6e4a170-1075-47e4-abe6-996b161573c1
1,"Crusader of Odric",m13,"Magic 2013",10,nonfoil,€0.10,uncommon,295096bb-1857-4224-bc7b-307b38cfd338
3,"Somber Hoverguard",mrd,"Mirrodin",51,nonfoil,€0.09,common,83a46ac2-d96d-4d5a-94fc-a9fc83a9ea1d
1,"Suture Spirit",eve,"Eventide",16,nonfoil,€0.11,uncommon,08520f97-e7f5-45fc-9423-fa6a3a507671
1,"Peel from Reality",rav,"Ravnica: City of Guilds",61,nonfoil,€0.02,common,e4e6ca71-ba17-4a16-a331-b787363874e2
1,"Taborax, Hope's Demise",znr,"Zendikar Rising",346,nonfoil,€0.44,rare,6d014ddb-c545-4f59-aa8e-e324399722e8,2023-02-01T09:22:36.410Z
1,"One with Nature",scg,"Scourge",125,nonfoil,€1.64,uncommon,2321b01c-7eef-48cc-a86b-4074dfa5b86b
1,"Teysa Karlov",rna,"Ravnica Allegiance",212,nonfoil,€1.17,rare,bcfaa19e-995e-447d-a0a2-46e5d117d5ec,2022-10-06T10:56:58.114Z
3,"Brightstone Ritual",ons,"Onslaught",191,nonfoil,€1.21,common,5b08b0a6-c94e-4407-8a24-c8202497b5f2
1,"Red Elemental Blast",3ed,"Revised Edition",171,nonfoil,€5.24,common,2d83a2a3-5495-4457-8eb7-9f9a75da6cc3
1,"Cut the Earthly Bond",sok,"Saviors of Kamigawa",32,nonfoil,€0.07,common,066f185d-5f81-472a-8aff-2c11ba10d18c
1,"Fire at Will",eve,"Eventide",140,nonfoil,€0.08,common,53617fbc-a6e9-4f06-8c4b-4699325cdcac
1,"Shimmering Glasskite",bok,"Betrayers of Kamigawa",51,nonfoil,€0.04,common,94bfedca-5a85-41e9-94be-67ed16bd634e
1,"Heartbeat of Spring",chk,"Champions of Kamigawa",212,nonfoil,€1.39,rare,6be3ba05-dce0-463b-bfe6-d51df63cc1a8,2022-05-09T20:26:22.943Z
2,"Leave No Trace",rav,"Ravnica: City of Guilds",23,nonfoil,€0.24,common,58466d46-7225-42ff-8471-6d489be32cf3
1,"Fabricate",mrd,"Mirrodin",35,nonfoil,€3.01,uncommon,a742e23c-1991-4dce-b670-dea92a1cf4ec,2024-04-25T08:32:30.104Z
1,"Death's Oasis",iko,"Ikoria: Lair of Behemoths",182,nonfoil,€0.16,rare,112e2cca-bae7-4296-9514-e6058f4b38a5
1,"Shell Skulkin",eve,"Eventide",173,nonfoil,€0.17,common,c0953373-66e1-4af1-a4ec-cc990e20a1de
1,"Mercurial Kite",scg,"Scourge",39,nonfoil,€0.05,common,a6bc8655-ae27-40be-8d61-e80a5924e955
4,"Forced Worship",nph,"New Phyrexia",11,nonfoil,€0.05,common,e050701d-4609-470d-85ff-4b7638893c6a
1,"Luminous Angel",mrd,"Mirrodin",15,nonfoil,€0.27,rare,9b4f880d-6262-429f-91b7-def417aa13bd
1,"Flow of Ideas",rav,"Ravnica: City of Guilds",50,nonfoil,€0.08,uncommon,27203b79-b383-4698-8b81-b6198c51c2f6
1,"Numbing Dose",nph,"New Phyrexia",40,nonfoil,€0.03,common,8f28a0f4-43e1-46df-8b6a-d588c5cceb88
5,"Porcelain Legionnaire",nph,"New Phyrexia",19,nonfoil,€0.12,common,2616aa0e-8413-4e63-877c-bffd5263f552
1,"Fact or Fiction",mh1,"Modern Horizons",50,nonfoil,€0.16,uncommon,55d51a2b-450c-4e6d-a660-67d58d1dd4ba
1,"Zanikev Locust",rtr,"Return to Ravnica",84,foil,€0.16,uncommon,adcbd7ee-8958-46fe-abb0-e899e7d2e654
1,"Skinthinner",c19,"Commander 2019",129,nonfoil,€0.13,common,e0c9b43c-e544-47eb-98f5-45d1b57aabb4
2,"Nip Gwyllion",eve,"Eventide",92,nonfoil,€0.09,common,019ad92d-8803-4569-98c8-4a7416799cfc
1,"Sandsteppe Citadel",ktk,"Khans of Tarkir",241,nonfoil,€0.24,uncommon,2dd40d90-c939-458a-9a98-27d10da6ff2f
1,"Iname, Life Aspect",chk,"Champions of Kamigawa",215,nonfoil,€0.32,rare,be027e3c-8891-46f0-bca7-d28a94ca281a
1,"Bravado",usg,"Urza's Saga",177,nonfoil,€0.33,common,019ba422-4837-400c-a913-b56d87b49e26
3,"Silver Knight",scg,"Scourge",23,nonfoil,€0.59,uncommon,93f559da-08ad-402d-8c6b-3050bce5867b
2,"Tormentor's Helm",khm,"Kaldheim",155,nonfoil,€0.06,common,2318d4f8-309e-4645-b6d1-46572edd6996
1,"Sejiri Steppe",wwk,"Worldwake",142,nonfoil,€0.23,common,668f5732-da88-4d42-9186-70cfef81f689
1,"Tallowisp",bok,"Betrayers of Kamigawa",25,nonfoil,€0.18,uncommon,a018aa51-d75e-4d94-b4b3-0cd14fc87d44
1,"Insolence",pls,"Planeshift",63,nonfoil,€0.08,common,d8009a37-f966-4a71-9a2a-469127758dc6
1,"Kusari-Gama",chk,"Champions of Kamigawa",260,nonfoil,€1.29,rare,c6a700bd-6424-4a0c-b055-e8b64cf430ec
1,"Kamahl's Desire",ody,"Odyssey",199,nonfoil,€0.08,common,c99e1ded-7440-40a6-846b-7450a9b7d2a8
4,"Scattershot",scg,"Scourge",102,nonfoil,€0.19,common,cf22f3e7-1626-4bab-9f62-7d4774704395
1,"Mad Prophet",avr,"Avacyn Restored",146,nonfoil,€0.07,common,172383d9-9135-4daa-a647-9d76435d3158
1,"Spellbinder",dst,"Darksteel",143,nonfoil,€0.81,rare,4d193d4f-1beb-4938-b3fb-b2e96d0c9ec4
1,"Timberpack Wolf",m13,"Magic 2013",194,nonfoil,€0.08,common,d16928c9-0470-46ec-b92d-0d6ff9f23ef7
1,"Venerable Kumo",chk,"Champions of Kamigawa",248,nonfoil,€0.06,common,308566ed-18cc-4e3b-b5ab-d5b17795f2f1
4,"Kor Firewalker",wwk,"Worldwake",11,nonfoil,€0.13,uncommon,bc3b88ad-9d65-4873-8527-8f420570aad3
1,"Aura of Dominion",chk,"Champions of Kamigawa",51,nonfoil,€2.09,uncommon,26913c27-5794-42c7-a2a2-af565ce84fd1
1,"Icehide Troll",khm,"Kaldheim",176,nonfoil,€0.02,common,02f3aaed-a01f-4c6a-b9bb-cd70b0f6ceb1
1,"Bloodthirsty Ogre",chk,"Champions of Kamigawa",104,nonfoil,€0.08,uncommon,c557f035-f93b-41ce-b8de-dea79dcf15be
2,"Scatter the Seeds",rav,"Ravnica: City of Guilds",181,nonfoil,€0.12,common,c4415070-4304-482b-b8e5-2bf689af0843
4,"Quillmane Baku",bok,"Betrayers of Kamigawa",48,nonfoil,€0.04,common,fe9140fc-9d50-4e63-aae6-1ba2974a25a3
1,"Vault of the Archangel",dka,"Dark Ascension",158,nonfoil,€1.38,rare,35a65437-430a-42ef-854f-6e66f8e1a04a,2023-02-01T09:25:57.658Z
1,"Loxodon Stalwart",5dn,"Fifth Dawn",11,nonfoil,€0.11,uncommon,0e58f4fb-5b4e-45bc-99b3-d09cd79132df
1,"Proteus Staff",mrd,"Mirrodin",230,nonfoil,€2.05,rare,55e5c69c-43d0-4f5b-8720-40074eb122bb
2,"Kaijin of the Vanishing Touch",bok,"Betrayers of Kamigawa",39,nonfoil,€0.17,uncommon,39e177ce-98bf-4fbc-83d1-1f64ca5d86c6
1,"Icy Manipulator",mrd,"Mirrodin",186,nonfoil,€0.18,uncommon,3d1bdbe2-4163-469b-aa8c-00fd8208ec27
1,"Bramble Armor",mid,"Innistrad: Midnight Hunt",171,nonfoil,€0.02,common,621b58aa-c809-4baf-b2c8-3a46969598d7,2024-04-19T21:39:19.365Z
1,"Snowfield Sinkhole",khm,"Kaldheim",269,nonfoil,€0.21,common,6611dc5e-6acc-48df-b8c4-4b327314578b
1,"Choice of Damnations",sok,"Saviors of Kamigawa",62,nonfoil,€5.90,rare,05939f15-2d95-47df-b66f-131c3e7ea95f,2022-10-06T10:56:58.100Z
1,"Greenhilt Trainee",nph,"New Phyrexia",112,nonfoil,€0.07,uncommon,370f8ef5-c809-43cc-903a-077fad33cd30
1,"Cosmos Elixir",khm,"Kaldheim",237,nonfoil,€1.88,rare,6bf084fe-7762-49c5-974a-cdecc10666b3
2,"Chandra's Fury",m13,"Magic 2013",124,nonfoil,€0.06,common,25335fee-d320-4622-bcf4-292400dee52b
1,"Nim Grotesque",5dn,"Fifth Dawn",56,nonfoil,€0.07,uncommon,11ae8bc7-8bf1-4fce-afaa-76acfb261419
1,"Auger Spree",rtr,"Return to Ravnica",144,nonfoil,€0.03,common,9580a40b-b413-4f0d-9b38-13903a9d367d
2,"Cabal Ritual",tor,"Torment",51,nonfoil,€7.99,common,5403b49d-03a7-4cc3-af3c-df098c1c9c2e
1,"Skinwing",mbs,"Mirrodin Besieged",133,nonfoil,€0.07,uncommon,d11bc5d8-378a-441f-b92a-a60005745f25
1,"Cathartic Reunion",iko,"Ikoria: Lair of Behemoths",110,nonfoil,€0.13,common,43d93cfd-06d1-4c6a-87f6-9b6eaa2a995f,2022-05-09T20:29:40.663Z
1,"Run Out of Town",snc,"Streets of New Capenna",58,nonfoil,€0.03,common,7cf00112-0844-49db-a061-d0eb488de68a,2022-05-02T18:54:59.599Z
1,"Creature Bond",4ed,"Fourth Edition",66,nonfoil,€0.04,common,717c5ee5-a033-4a58-bdcb-ef54e6c8b7a9
1,"Throne of Geth",som,"Scars of Mirrodin",211,nonfoil,€0.46,uncommon,583d7386-3eb5-4f1d-8da9-f00e020a307b
1,"Abyssal Nocturnus",gpt,"Guildpact",43,nonfoil,€0.40,rare,fe094903-45a6-4b11-b80e-aabe915c4b7c
1,"Venomspout Brackus",ons,"Onslaught",295,nonfoil,€0.04,uncommon,0774771c-5373-4636-9174-d06e7d635183
1,"Gnottvold Recluse",khm,"Kaldheim",172,nonfoil,€0.06,common,af46c8c8-5dfa-4ebb-b0b9-cd25d01dd432
1,"Junkyo Bell",chk,"Champions of Kamigawa",258,nonfoil,€0.18,rare,7bd002c7-21ec-4f77-81be-2788fa267f21
1,"Distant Melody",voc,"Crimson Vow Commander",103,nonfoil,€0.61,common,46a65855-9d03-4b74-8339-b35481eb4a68
1,"Traxos, Scourge of Kroog",dom,"Dominaria",234,nonfoil,€0.28,rare,dab80216-3df7-4e4f-8732-16dd6cac6bcf
4,"Skyhunter Prowler",5dn,"Fifth Dawn",15,nonfoil,€0.05,common,7e4065bb-8deb-46d5-a57e-d61c77493274
1,"Nightmare Void",rav,"Ravnica: City of Guilds",100,nonfoil,€0.12,uncommon,892299e9-8ee9-4a81-b4aa-b03ad2565eb4
3,"Kodama's Might",chk,"Champions of Kamigawa",224,nonfoil,€0.08,common,d0ef91bb-ec25-463f-9fc9-f0f9c0652cf5
1,"Simic Guildgate",c19,"Commander 2019",275,nonfoil,€0.14,common,d4e7b715-38c5-406f-883c-9c174f87944e
3,"Rabid Bite",m20,"Core Set 2020",190,nonfoil,€0.07,common,f0d8ff93-6f62-4695-85ad-d70a0b928e92
1,"Cleanfall",chk,"Champions of Kamigawa",6,foil,€0.62,uncommon,9897707f-9669-4d44-8607-cba569da73e0,2022-05-09T20:29:28.086Z
1,"Heartless Hidetsugu",bok,"Betrayers of Kamigawa",107,nonfoil,€1.17,rare,4a3ab177-d9ab-46bf-bd92-20a9ecf2d0ad
1,"Phantom Nomad",jud,"Judgment",17,nonfoil,€0.06,common,6c5309f5-8b32-4a57-99f2-dcf7a8341898
1,"Airdrop Condor",ons,"Onslaught",186,nonfoil,€0.15,uncommon,ec9796ac-11e2-4295-bf00-f684d0111970
4,"Bonethorn Valesk",scg,"Scourge",82,nonfoil,€0.03,common,297d7326-ad03-464d-97e2-443042d48f92
1,"Stormfront Riders",ddf,"Duel Decks: Elspeth vs. Tezzeret",17,nonfoil,€0.10,uncommon,ef0e4521-7f16-49e4-b820-62af2cc807c6
1,"Read the Bones",ddp,"Duel Decks: Zendikar vs. Eldrazi",56,nonfoil,€0.28,common,0975e578-cd4e-43fa-800c-c38e6cd1248a
1,"Tibalt's Trickery",khm,"Kaldheim",153,nonfoil,€8.22,rare,dd921e27-3e08-438c-bec2-723226d35175
1,"Solarion",5dn,"Fifth Dawn",153,nonfoil,€0.43,rare,9070dd3e-7600-493e-84b9-931ac92f44bc
1,"Colossal Whale",ltc,"Tales of Middle-earth Commander",186,nonfoil,€0.16,rare,c6740a66-6902-49fc-bb56-9d121abe7d7a,2023-08-12T14:35:26.804Z
1,"Acorn Harvest",tor,"Torment",118,nonfoil,€1.38,common,32987720-cc0c-416b-b79b-217d3b37542d
2,"Inside Out",eve,"Eventide",103,nonfoil,€0.29,common,a51180ee-8677-4d5a-9685-3861c67a1d1f
1,"Crown of Vigor",ons,"Onslaught",253,nonfoil,€0.05,common,e7e320a6-88e2-4be1-97e2-30e0f3c2e450
1,"Palladium Myr",ima,"Iconic Masters",224,nonfoil,€0.63,uncommon,e086c355-596d-40f0-95e0-a52d710c5f80
1,"Mystifying Maze",m11,"Magic 2011",226,nonfoil,€0.46,rare,16e92409-d301-49f5-a8a9-acd531a928d4
2,"Consult the Necrosages",rav,"Ravnica: City of Guilds",199,nonfoil,€0.08,common,6f51484b-3bad-4332-87f8-61924e153799
1,"Attended Healer",znr,"Zendikar Rising",6,nonfoil,€0.07,uncommon,6ca80b5a-3943-41ca-8cd1-8e3db1b2a1c8,2023-02-01T09:33:29.904Z
2,"Goblin Grappler",lgn,"Legions",100,nonfoil,€0.13,common,5c948872-295c-41b9-8094-db7db7578b0d
2,"Hindering Touch",scg,"Scourge",37,nonfoil,€0.06,common,db9735d9-4aac-4175-8ec8-fc9bfd8f2c5c
1,"Zulaport Cutthroat",tsr,"Time Spiral Remastered",337,nonfoil,€2.63,special,bc8a6636-eab2-4aee-bd55-4d62c2e2e266
1,"Bog Badger",dmu,"Dominaria United",156,nonfoil,€0.05,common,3d31d878-9114-4205-b7a9-bb13ce6aedd2,2022-10-20T10:49:18.547Z
1,"Draugr Thought-Thief",khm,"Kaldheim",55,nonfoil,€0.05,common,31da60a2-d4d3-4954-be59-c7ff61fa2905
1,"Chalice of Life // Chalice of Death",dka,"Dark Ascension",146,nonfoil,€0.19,uncommon,9d9c1c46-7aa7-464c-87b0-b29b9663daef
1,"Reliquary Tower",c19,"Commander 2019",268,nonfoil,€1.82,uncommon,140bf4c1-750d-4e14-b73b-40b17939a49d
2,"Quash",bok,"Betrayers of Kamigawa",47,nonfoil,€0.13,uncommon,48ca8c31-a9ea-4388-b257-951c1c68b86d
1,"Dispersal Shield",scg,"Scourge",33,nonfoil,€0.16,common,0c257df6-f275-40db-bfe3-a9291356cdf7
1,"Heroes' Reunion",rtr,"Return to Ravnica",168,nonfoil,€0.14,uncommon,99b56515-f688-495c-b721-2b9abc6628c2
1,"Erestor of the Council",ltc,"Tales of Middle-earth Commander",53,nonfoil,€0.23,rare,de17d520-cb32-4fb1-830b-8494ea118e9b,2023-08-12T14:33:14.351Z
1,"Coercion",8ed,"Eighth Edition",122,nonfoil,€0.04,common,5017726b-f884-4c63-b738-1eb0aacb441d
1,"Adventuring Gear",zen,"Zendikar",195,nonfoil,€0.15,common,3aa395f2-656e-4bf3-bd9b-6240bd3e2774
1,"Arms Dealer",m13,"Magic 2013",120,nonfoil,€0.15,uncommon,910d3c33-8cda-487b-8b44-87a9d06d6749
1,"Elspeth, Sun's Champion",ths,"Theros",9,nonfoil,€1.62,mythic,fd5b1633-c41d-42b1-af1b-4a872077ffbd,2024-04-25T08:37:31.974Z
3,"Mourning Thrull",gpt,"Guildpact",146,nonfoil,€0.06,common,1e2a217a-e47b-4874-9861-bb57c7b1f06a
1,"Boreal Outrider",khm,"Kaldheim",163,nonfoil,€0.05,uncommon,455ae615-20d7-4251-828d-72a3345d06f1
1,"Vorel of the Hull Clade",dgm,"Dragon's Maze",115,nonfoil,€0.29,rare,db0665d4-d974-4d5e-ba29-7bf40cbbe29c,2022-04-21T07:19:01.549Z
1,"Karstoderm",dst,"Darksteel",77,nonfoil,€0.07,uncommon,028c52f2-c45b-42da-89bd-cdd5cd7850f3
1,"Mina and Denn, Wildborn",ogw,"Oath of the Gatewatch",156,nonfoil,€0.85,rare,d27ff523-0ff3-480d-ae95-ff5e04483e40,2022-05-09T20:03:56.555Z
1,"Scuttling Butler",snc,"Streets of New Capenna",244,nonfoil,€0.12,uncommon,0edbece0-8444-4634-a47b-7c88d1b8325e,2022-05-02T18:53:27.362Z
1,"Blood Funnel",rav,"Ravnica: City of Guilds",77,nonfoil,€0.68,rare,5f4e8084-4b9e-48e0-bf59-d45543e176f8
1,"Rustic Clachan",ddf,"Duel Decks: Elspeth vs. Tezzeret",34,nonfoil,€0.20,rare,f50160e9-0b25-4e81-814d-cdcda2fb325d
1,"Magma Burst",pls,"Planeshift",66,nonfoil,€0.05,common,d9752bc3-0bdf-4657-8750-73c8cbc8e83f
1,"Veteran's Voice",all,"Alliances",84a,nonfoil,€0.11,common,93babf85-eb13-4e06-b45b-8927791bcde5
1,"Elgaud Inquisitor",dka,"Dark Ascension",6,nonfoil,€0.04,common,c342e1da-7ab9-4e29-96e6-77d820a45ede
1,"Farsight Mask",mrd,"Mirrodin",170,nonfoil,€0.11,uncommon,98312bc3-9d2a-480c-bcf0-db8d70d632b9
1,"Erase",m13,"Magic 2013",13,nonfoil,€0.07,common,8618b737-faa0-4a0c-a3f2-bee685c00580
1,"Quest for the Goblin Lord",wwk,"Worldwake",86,nonfoil,€1.15,uncommon,e23adb09-d216-47f5-a7d4-cb6a2ce48ada,2022-05-09T20:09:54.487Z
1,"Reshape",dst,"Darksteel",31,nonfoil,€1.06,rare,05a8d65d-0c6f-433d-a818-002c242a17e8
1,"Carrion Rats",tor,"Torment",54,nonfoil,€0.07,common,2efa2579-c048-4506-babc-ec1c29bb99a8
1,"Temporal Extortion",plc,"Planar Chaos",81,nonfoil,€4.72,rare,883a1afb-423d-4f12-93e1-75cc336553b8,2022-05-02T18:36:41.015Z
2,"Dwarven Patrol",apc,"Apocalypse",61,nonfoil,€0.13,uncommon,03c08df5-f5e7-4498-ac80-25ccbe304b26
1,"Thrill of Possibility",thb,"Theros Beyond Death",159,nonfoil,€0.13,common,2e807edb-838d-44fe-a37e-fb864d59beaa
1,"Glitterfang",sok,"Saviors of Kamigawa",100,nonfoil,€0.03,common,a1519521-7f53-4f13-a104-daf52e8c7234
1,"Rayami, First of the Fallen",c19,"Commander 2019",48,foil,€0.35,mythic,6997ad62-f34c-4490-aee4-6d5c08e14709
2,"Lay Waste",ons,"Onslaught",216,nonfoil,€0.04,common,22061b5e-81d3-4c7f-ab39-7ee719c13cef
1,"Kavu Climber",9ed,"Ninth Edition",249,nonfoil,€0.05,common,e1310a1e-8cb9-4f43-a627-c8d96d600c36
1,"Drake Familiar",rav,"Ravnica: City of Guilds",44,nonfoil,€0.07,common,b4583623-e367-48cc-8e86-e6c5e35f1a9c
1,"Mischievous Quanar",scg,"Scourge",42,nonfoil,€0.56,rare,dc48c2db-f5b4-4c24-a5fa-00750b7ff56f,2022-05-09T20:12:05.755Z
3,"Secluded Steppe",ons,"Onslaught",324,nonfoil,€0.32,common,ea454280-f7f4-4315-bb46-b56050c02c97
1,"Kami of False Hope",bok,"Betrayers of Kamigawa",10,nonfoil,€0.53,common,44e4f5e6-935e-429f-89b4-4571376f442e
1,"Road of Return",c19,"Commander 2019",34,nonfoil,€0.45,rare,e718b21b-46d1-4844-985c-52745657b1ac
2,"Guardian Idol",5dn,"Fifth Dawn",128,nonfoil,€0.25,uncommon,a6a62a73-b7db-47ec-9b68-65dd7c1a06a5
1,"Arcbound Bruiser",dst,"Darksteel",94,nonfoil,€0.18,common,a4672ba6-cd82-4208-bc08-764986899999
1,"Lich's Tomb",dst,"Darksteel",128,nonfoil,€0.43,rare,ca24a105-e32a-4b2c-99bf-cfd85bae6229,2022-05-09T20:25:21.994Z
1,"Flamewave Invoker",lgn,"Legions",92,nonfoil,€0.08,common,13a68534-2d9a-47e9-9d2a-cb6df4362aa9
1,"Rona, Disciple of Gix",dom,"Dominaria",203,nonfoil,€0.05,uncommon,45420f5e-f7f8-4db7-9b54-e2fa1be22094
1,"Storm Crow",8ed,"Eighth Edition",104,nonfoil,€0.05,common,13f6106d-6822-47b5-956e-20e17143a818
4,"Brutal Deceiver",chk,"Champions of Kamigawa",161,nonfoil,€0.06,common,e3d532b3-4bd6-4c1d-974d-789976117497
1,"Myr Battlesphere",som,"Scars of Mirrodin",180,nonfoil,€0.14,rare,b0ae94ed-7314-470b-baba-f2f58bbc894a
1,"Snarling Undorak",ons,"Onslaught",283,nonfoil,€0.04,common,05788d63-6210-44f2-9ae4-e55e9507a3a9
1,"Divergent Growth",scg,"Scourge",116,nonfoil,€0.03,common,0e609448-7868-4e28-b399-3750556a693c
1,"Goblin Bombardment",plst,"The List",DDN-24,nonfoil,€4.33,uncommon,636cfc66-f1df-4c2e-b94e-dc621c6c289e,2022-05-02T18:37:37.164Z
2,"Skirk Marauder",lgn,"Legions",113,nonfoil,€0.06,common,bbd2ff12-c6f7-4986-801f-225ad6f59278
1,"Yedora, Grave Gardener",c21,"Commander 2021",397,nonfoil,€0.87,rare,a7d8f80e-ece1-49f1-8e14-589d579a568e,2022-10-06T10:56:58.124Z
1,"Molten Rain",mrd,"Mirrodin",101,nonfoil,€0.08,common,f888b4d4-31f9-4322-8225-4d7e7a9f4dd5
1,"Iname, Death Aspect",chk,"Champions of Kamigawa",118,nonfoil,€0.21,rare,2dd67e11-3dad-4e59-b15d-02911e53fbbf
3,"Heart of Light",bok,"Betrayers of Kamigawa",6,nonfoil,€0.05,common,d8566f5e-0ec5-4c9b-8b5b-4e580b20522a
2,"Kor Skyfisher",ddf,"Duel Decks: Elspeth vs. Tezzeret",8,nonfoil,€0.83,common,b4e29ab0-813a-4870-8964-66e6d36da526
3,"Windborne Charge",zen,"Zendikar",38,nonfoil,€0.05,uncommon,9a8b0fd3-ae3e-41eb-b31b-d941b84b6c64
1,"Contaminated Bond",mrd,"Mirrodin",61,nonfoil,€0.08,common,a1a64356-3064-47a2-80be-5e2f56c85556
